<?xml version="1.0" encoding="UTF-8"?><rss xmlns:dc="http://purl.org/dc/elements/1.1/" xmlns:content="http://purl.org/rss/1.0/modules/content/" xmlns:atom="http://www.w3.org/2005/Atom" version="2.0" xmlns:cc="http://cyber.law.harvard.edu/rss/creativeCommonsRssModule.html">
    <channel>
        <title><![CDATA[EasyBroker - Medium]]></title>
        <description><![CDATA[Consejos, noticias y mejores prácticas para hacer más competitiva tu inmobiliaria. - Medium]]></description>
        <link>https://blog.easybroker.com</link>
        <image>
            <url>https://cdn-images-1.medium.com/proxy/1*TGH72Nnw24QL3iV9IOm4VA.png</url>
            <title>EasyBroker - Medium</title>
            <link>https://blog.easybroker.com</link>
        </image>
        <generator>Medium</generator>
        <lastBuildDate>Mon, 03 Dec 2018 18:45:57 GMT</lastBuildDate>
        <atom:link href="https://blog.easybroker.com/feed" rel="self" type="application/rss+xml"/>
        <webMaster><![CDATA[yourfriends@medium.com]]></webMaster>
        <atom:link href="http://medium.superfeedr.com" rel="hub"/>
        <item>
            <title><![CDATA[¡Ya lanzamos la nueva app de EasyBroker!]]></title>
            <link>https://blog.easybroker.com/ya-lanzamos-la-nueva-app-de-easybroker-51ccfb65ab3b</link>
            <guid isPermaLink="false">https://medium.com/p/51ccfb65ab3b</guid>
            <dc:creator><![CDATA[Efren Pineda]]></dc:creator>
            <pubDate>Wed, 21 Nov 2018 01:20:04 GMT</pubDate>
            <atom:updated>2018-11-21T17:06:27.059Z</atom:updated>
            <content:encoded><![CDATA[<p>La espera valió la pena y ya tenemos una nueva aplicación para que lleves lo que más te gusta de EasyBroker a donde quiera que vayas.</p><p>Si ya tienes la aplicación simplemente actualízala. Pero si todavía no la descargas ¡qué esperas! Está disponible en <a href="https://itunes.apple.com/us/app/easybroker/id1101783677?utm_medium=organico&amp;utm_source=Medium&amp;utm_campaign=eb-dl-clientes&amp;utm_content=descarga-app-store">App Store</a> o en <a href="https://play.google.com/store/apps/details?id=com.easybroker.easybroker1&amp;utm_medium=organico&amp;utm_source=Medium&amp;utm_campaign=eb-dl-clientes&amp;utm_content=descarga-play-store">Google Play</a>.</p><figure><img alt="" src="https://cdn-images-1.medium.com/max/1024/1*rLq84uY0fl3Rt5F-dHTnkg.png" /></figure>]]></content:encoded>
        </item>
        <item>
            <title><![CDATA[Noticias del mes: octubre]]></title>
            <link>https://blog.easybroker.com/noticias-el-mes-octubre-32ecffda0ed1</link>
            <guid isPermaLink="false">https://medium.com/p/32ecffda0ed1</guid>
            <category><![CDATA[novedades]]></category>
            <dc:creator><![CDATA[Efren Pineda]]></dc:creator>
            <pubDate>Wed, 07 Nov 2018 23:56:22 GMT</pubDate>
            <atom:updated>2018-11-09T20:07:27.794Z</atom:updated>
            <content:encoded><![CDATA[<figure><img alt="" src="https://cdn-images-1.medium.com/max/1024/1*cetJ5kfxldPk95X36BuC_Q.png" /></figure><p>Te contamos los cambios en los que trabajamos y noticias del equipo:</p><ul><li>Ya puedes descargar directamente la ficha de una propiedad editada en PDF, así podrás compartirla por diferentes vías y mantenerla guardada en tu dispositivo para usarla cuando quieras</li></ul><figure><img alt="" src="https://cdn-images-1.medium.com/max/1024/1*JxU-tFX0su-2Yheb2ISodw.png" /></figure><h4><strong>Sobre nosotros</strong></h4><ul><li>Ahora somos el proveedor oficial de tecnología del <a href="http://www.gizp.com.mx/">Grupo Inmobiliario de la Zona Poniente en la Ciudad de México</a>, así que su bolsa inmobiliaria se concentrará en EasyBroker</li></ul><figure><img alt="" src="https://cdn-images-1.medium.com/max/558/1*IX4kp1OoGe-rNdVDDUvTCQ.png" /></figure><ul><li>¡Hicimos camisetas para festejar el Día de Muertos! Puedes ver los diseños en nuestra <a href="https://www.instagram.com/p/Bpr_4_lgSgK/">publicación de Instagram</a></li></ul><figure><img alt="" src="https://cdn-images-1.medium.com/max/600/1*nwxDJ4O23iqR_E8N8Hq5zg.png" /></figure><p>¡Esperamos que este mes captes más propiedades y cierres más tratos!</p>]]></content:encoded>
        </item>
        <item>
            <title><![CDATA[Noticias del mes: septiembre]]></title>
            <link>https://blog.easybroker.com/noticias-el-mes-septiembre-9e912154756a</link>
            <guid isPermaLink="false">https://medium.com/p/9e912154756a</guid>
            <category><![CDATA[novedades]]></category>
            <category><![CDATA[easybroker]]></category>
            <dc:creator><![CDATA[Efren Pineda]]></dc:creator>
            <pubDate>Fri, 05 Oct 2018 18:28:20 GMT</pubDate>
            <atom:updated>2018-11-08T19:59:59.895Z</atom:updated>
            <content:encoded><![CDATA[<figure><img alt="" src="https://cdn-images-1.medium.com/max/1024/1*HbmvVBBTnHVtwTZLdPmz1g.png" /></figure><p>Te avisamos las novedades de nuestra plataforma y también de nuestro equipo:</p><ul><li>¡Ya no hay límites en el tamaño de tus fotos! EasyBroker optimizará las imágenes sin importar su dimensión</li></ul><figure><img alt="" src="https://cdn-images-1.medium.com/max/820/1*wQLO1GrjoM6KJwYgSjyxEA.png" /></figure><ul><li>Tu información de contacto estará en el encabezado de tus reportes al propietario y serán más visibles</li></ul><figure><img alt="" src="https://cdn-images-1.medium.com/max/662/1*5LPfDpi_ekXbEeAA2IPmig.png" /></figure><ul><li>Tu sesión en EasyBroker estará activa más tiempo, ya que por seguridad, no la vamos a cerrar a menos que no entres a tu cuenta por diez días seguidos</li></ul><figure><img alt="" src="https://cdn-images-1.medium.com/max/467/1*VYYXQFs4A2lLPES3wmVsPQ.png" /></figure><p><strong>Por si no viste nuestros artículos de ventas</strong></p><ul><li>Si algunos de tus prospectos ya te dijeron que no, aprovecha esta situación y <a href="https://blog.easybroker.com/convierte-los-no-que-recibes-en-una-ventaja-17e146aab2fb">utiliza las negativas</a> para conocer tus áreas de oportunidad</li></ul><figure><img alt="" src="https://cdn-images-1.medium.com/max/600/1*dgsVIscs1ebDka3T1z8ZdA.png" /></figure><ul><li>Para <a href="https://blog.easybroker.com/c%C3%B3mo-hacer-el-primer-acercamiento-para-captar-propiedades-1b9385daba4a">lograr tus primeras captaciones</a> deberás ganarte la confianza de tus prospectos, explicar muy bien tus beneficios y sobre todo no rendirte ante las negativas</li></ul><figure><img alt="" src="https://cdn-images-1.medium.com/max/508/1*Ip5ibMBkuPsEH4KcenwDXw.png" /></figure><p><strong>Sobre nosotros</strong></p><ul><li>¡Abrimos nuestro <a href="https://www.instagram.com/easybrokers/">Instagram</a>! Ahí te mostraremos la cultura que tenemos y las formas de trabajar de nuestro equipo</li></ul><p>¡Esperamos que octubre esté lleno de cierres para todos!</p>]]></content:encoded>
        </item>
        <item>
            <title><![CDATA[¿Cómo hacer el primer acercamiento para captar propiedades?]]></title>
            <link>https://blog.easybroker.com/c%C3%B3mo-hacer-el-primer-acercamiento-para-captar-propiedades-1b9385daba4a</link>
            <guid isPermaLink="false">https://medium.com/p/1b9385daba4a</guid>
            <category><![CDATA[captación-de-propiedades]]></category>
            <category><![CDATA[easybroker]]></category>
            <dc:creator><![CDATA[Efren Pineda]]></dc:creator>
            <pubDate>Wed, 26 Sep 2018 16:01:02 GMT</pubDate>
            <atom:updated>2018-11-14T20:51:34.288Z</atom:updated>
            <content:encoded><![CDATA[<figure><img alt="" src="https://cdn-images-1.medium.com/max/1024/1*DQzRXx2vQvLLhiMtMZTQgw.jpeg" /></figure><p>Uno de los retos iniciales que puedes tener al ser agente inmobiliario es la captación de propiedades. Aquí te daremos algunas recomendaciones para que sepas cómo hacer esa primera aproximación y de qué forma hablar de tus servicios para lograr esa primera cita de captación.</p><p><strong>Lo primero será aprender a hablar de lo que haces con los propietarios para que quieran escucharte con atención y entiendan el por qué de tu servicio rápidamente. </strong>Mario Granillo, Gerente de Operaciones de Grupo Arvi comenta que <em>“para comenzar a captar, es muy importante ser hábil al expresarte para explicar tu trabajo, así que lo más sencillo es acercarte a tus círculos sociales, porque les tienes confianza y puedes platicar de lo que haces”</em>. Tiene sentido, dado que con ellos, tendrás la posibilidad de expresarte sin pena o miedo y vas a practicar un montón tu primer contacto con el propietario.</p><p>¿De qué forma puedes acercarte a tus círculos y cómo haces para que te den propiedades para vender? Te decimos cómo llegar con cada uno de ellos:</p><p><strong>Tu círculo de influencia</strong></p><p><strong>Los familiares.</strong> Tu primera captación puede suceder a través de tus familiares. Sí, tus hermanas, tíos y primos (o primas de tus primos), pueden ser a los primeros que les quieras ofrecer tus servicios como asesor inmobiliario. Además de que con ellos tienes más confianza, podrás promover tus servicios en cualquier momento: la idea es que expliques y resuelvas dudas.</p><p>Sí puede ser que ninguno de tus familiares tenga una propiedad que desee vender, pero si tu trabajo está bien explicado, te tendrán en cuenta por si sus amigos o conocidos necesitan de tus servicios y así puedes ser el primer referente en la familia al momento de comprar o vender una propiedad.</p><p><strong>Los amigos.</strong> Estos serán el segundo círculo para atacar; una vez que domines la conversación, sepas resolver dudas y te expliques muy bien, podrás ir con tus amigos cercanos o personas que te tienen confianza, decirles a qué te dedicas, cómo lo haces y demostrar que estás capacitado para hacerlo.</p><p>Una vez que hayas captado algún inmueble dentro de estos círculos, podrás intentar con conocidos, como los papás de la escuela de tu hijo, los amigos de tus amigos, conocidos del gimnasio o cualquier otro lugar donde te desenvuelvas.</p><p>Intenta no abusar de este círculo o te convertirás en el agente que nadie se quiere encontrar porque lo único que quiere es obtener prospectos para tener exclusivas.</p><p><strong>Prospección en frío</strong></p><p>Una vez que seas habilidoso para explicar tus servicios, toma un rato de tu día para darte una vuelta por una zona que conozcas y busca carteles de propiedades disponibles que indiquen un trato directo con el propietario.</p><p>Lo más recomendable es llamar al número que aparece en el cartel, donde usualmente está disponible el propietario. Si te sucede que está a la defensiva, tienes unos segundos para que no te cuelguen y sacar esa primera cita de captación, así que prepara un discurso breve pero muy poderoso. Si no sabes cómo iniciar, piensa en lo que consideras más valioso de tu servicio o lo que te hace distinto a los demás. Posiblemente no es la primera llamada que recibe de un asesor, así que deberás destacar. También es probable que ya haya tenido experiencias con alguna inmobiliaria y que no le haya ido bien, así que no lo tomes personal.</p><p>Como no tienes tu lenguaje corporal a la vista ni puedes usar tu sonrisa para proyectar confianza porque es una llamada, tendrás que pulir tu tono de voz. El tono debe ser moderado pero claro: no tan bajo para que no te escuche ni gritando para que se aleje el teléfono de la oreja. Como recomendación, arma tu discurso, léelo para ti las veces que necesites en voz alta y escúchate para que te sientas con mucha seguridad y confianza antes de hacer esa llamada. También puedes apoyarte de un papel con anotaciones para que no pierdas de vista ningún punto y trata de no explicar demasiado de tus servicios: guárdalo para la cita.</p><p>Si todavía tienes dudas de cómo enumerar los servicios que das y cómo hablar de ellos para que te entiendan, te damos una pista de los servicios que brindan los agentes inmobiliarios a propietarios:</p><ul><li>Brindarles opiniones de valor que los ayude a vender o a rentar</li><li>Ayudarles en caso de que el comprador tenga un crédito</li><li>Resolver sus dudas en cualquier momento</li><li>Resolver todos los trámites que esto implica</li><li>Investigar que la propiedad esté libre de adeudos y sin problemas de papeleo</li><li>En caso de haber algún obstáculo con la operación, te encargarás de resolverlo</li></ul><p>No olvides hablar del beneficio del punto únicamente y no de cómo lo harás. Recuerda que tu prospecto propietario querrá tener muy claro en la llamada por qué le interesa lo que haces, qué va a obtener y no necesariamente cómo lo haces.</p><p>Por ejemplo, si dices que les ayudarás con una opinión de valor, difícilmente entenderán el beneficio exacto que ellos sacan de eso. El beneficio es que al tener una opinión de valor, puedes tener un precio competitivo para que la propiedad se venda más rápido, que es lo que tu propietario puede estar deseando y ¡esto sí lo va a entender!</p><p>Considera las posibles respuestas negativas, que son normales en ventas, pero de ninguna manera debes permitir que te desanimen. La clave es que seas muy persistente, tal vez no le interesa tu propuesta en este momento pero si llamas de nuevo en unos dos meses más, el propietario puede estar mucho más dispuesto a probar con un agente inmobiliario.</p><p>La captación efectiva de propiedades es un ejercicio de confianza de un propietario a un agente. Lo mejor es que estés muy preparado para hacer tus primeros acercamientos con ellos, pero no temas ser tú mismo e intenta mostrar tu genuina disposición a ayudarles: de esa forma será más evidente que realmente te importa dar un buen servicio y no sólo el avance de tu captación.</p><p>Crea tu cuenta en <a href="http://www.easybroker.com">EasyBroker</a>, descubre fácilmente cómo puede acelerar tus ventas y aprovecha cada oportunidad para potenciar tu inmobiliaria.</p><iframe src="https://cdn.embedly.com/widgets/media.html?src=https%3A%2F%2Fupscri.be%2Fc43370%3Fas_embed%3Dtrue&amp;dntp=1&amp;url=https%3A%2F%2Fupscri.be%2Fc43370%2F&amp;key=a19fcc184b9711e1b4764040d3dc5c07&amp;type=text%2Fhtml&amp;schema=upscri" width="800" height="400" frameborder="0" scrolling="no"><a href="https://medium.com/media/9fff66faf00995facb49699b3be2e35d/href">https://medium.com/media/9fff66faf00995facb49699b3be2e35d/href</a></iframe>]]></content:encoded>
        </item>
        <item>
            <title><![CDATA[Convierte los NO que recibes en una ventaja]]></title>
            <link>https://blog.easybroker.com/convierte-los-no-que-recibes-en-una-ventaja-17e146aab2fb</link>
            <guid isPermaLink="false">https://medium.com/p/17e146aab2fb</guid>
            <category><![CDATA[easybroker]]></category>
            <dc:creator><![CDATA[Axel Vega]]></dc:creator>
            <pubDate>Fri, 07 Sep 2018 16:08:05 GMT</pubDate>
            <atom:updated>2018-09-07T20:18:30.173Z</atom:updated>
            <content:encoded><![CDATA[<iframe src="https://cdn.embedly.com/widgets/media.html?src=https%3A%2F%2Fplayer.vimeo.com%2Fvideo%2F274519921%3Fapp_id%3D122963&amp;dntp=1&amp;url=https%3A%2F%2Fvimeo.com%2F274519921&amp;image=https%3A%2F%2Fi.vimeocdn.com%2Fvideo%2F706571400_1280.jpg&amp;key=a19fcc184b9711e1b4764040d3dc5c07&amp;type=text%2Fhtml&amp;schema=vimeo" width="1280" height="720" frameborder="0" scrolling="no"><a href="https://medium.com/media/0b7b7e022d24f645393075e48c157afe/href">https://medium.com/media/0b7b7e022d24f645393075e48c157afe/href</a></iframe><p>Gánale a tu competencia y no dejes que te arrebaten clientes con este consejo que deberás aplicar con todos los prospectos que no cerraste. Quizá pienses que estás haciendo un trabajo excelente y que ellos se perdieron de tu servicio pero, recuerda que ellos conocen mejor el servicio que brindas porque lo están viviendo.</p><p>En mi experiencia en ventas y como cliente he notado que es difícil que sean tan abiertos y nos cuenten por iniciativa propia por qué no fuimos elegidos, pero aún así podemos saber.</p><p><strong>Quieres saber por qué no te eligió (aunque duela)</strong></p><p>Lo que harás, es llamarle a ese propietario al que le ofreciste tus servicios para vender su propiedad y que terminó por elegir a otro agente. Le preguntarás por qué no fuiste su primera opción. Claro, hay una forma de hacerlo, no quieres que tu llamada sea una seca encuesta de servicio que nadie quiere contestar, ¡quieres que sea honesta y que te diga la verdad! Algunos puntos importantes para realizarla:</p><ol><li><strong>Dale opciones:</strong> la persona probablemente no espera tu llamada y desafortunadamente no tiene una lista en su libreta de por qué no te eligió. Ayúdale con una pregunta abierta y de ahí puedes ir siendo más específico (puedes comenzar con algo sencillo como ¿le diste tu propiedad a otro agente?, ¿por qué fue?, ¿tenía más servicios en su carta que yo no estaba cubriendo?) Sólo cuídate de no implantar ideas mientras preguntas (de ese modo la respuesta no sería tan auténtica).</li><li><strong>Escucha pacientemente y hazlo de verdad:</strong> te interesa saber. Pregunta si te quedan dudas de cómo se sintió contigo y por favor ¡jamás lo interrumpas!</li><li><strong>Nada de debates: </strong>si te dice algo que no te gusta o crees que es injusto no debes pelear. Ya sé que puede ser difícil pero relájate; recuerda que llamaste para saber por qué no tomó tu servicio y es básicamente lo que está haciendo. Cuando hagas la llamada hazlo mentalizado a que te van a poder decir cosas que no quieres escuchar. Todo es para mejorar y eso vale la pena, ¡ánimo!</li><li><strong>Sé agradecido: </strong>cuando el prospecto se haya desahogado contigo y te haya contado todo, dale las gracias aunque no estés de acuerdo con lo que te dijo (te está haciendo un gran favor).</li><li>Ya que terminaste la llamada, anota las razones principales que mencionó. Si tienes oportunidad haz el ejercicio con todos los prospectos que no te hayan elegido.</li></ol><figure><img alt="" src="https://cdn-images-1.medium.com/max/1024/1*rzokz-C_U1tJfVHt2rfdRQ.png" /></figure><p>Si notas que de cada 10 propietarios que te dijeron que no, 6 no cerraron contigo porque otro agente le ofreció menor comisión, es una constante y ahora sabes que debes trabajar en cómo hablar de tu servicio para que sepan el por qué tu comisión es más alta, comparen calidad y justifiquen tu costo.</p><p>El sector inmobiliario es tan competido y ni siquiera sabemos cuántos agentes están prospectando a nuestros clientes; así que si practicas la llamada puedes saberlo y muchas veces adelantarte a objeciones. Tal vez, lo que te cuesta clientes es la falta de seguimiento, una lista de servicios menor o mucha competencia, pero esto es el inicio para que te enteres y tomes cartas en el asunto.</p><p>El otro beneficio de esta llamada es que generas un buen lazo de comunicación y empatía con ese prospecto: te dijo honestamente qué piensa de ti, notó interés genuino en tu experiencia y muchas ganas de hacerlo cada vez mejor.</p><p>Inevitablemente, todos en ventas tenemos malas rachas y varios no de vez en cuando, pero si ya dedicaste tiempo a un cierre que no se dio, ¡aprovéchalo! Escucha el por que de esas respuestas, trabaja en la retroalimentación que te están dando para enfrentarte ante tu competencia y ahora sé tú el que gane más clientes.</p><p>Si quieres conocer más sobre EasyBroker, puedes ingresar a <a href="https://www.easybroker.com/mx">la página</a>, conocer las ventajas que te dará en tu trabajo del día a día y probar por siete días todas las herramientas que brindamos.</p><iframe src="https://cdn.embedly.com/widgets/media.html?src=https%3A%2F%2Fupscri.be%2Fc43370%3Fas_embed%3Dtrue&amp;dntp=1&amp;url=https%3A%2F%2Fupscri.be%2Fc43370%2F&amp;key=a19fcc184b9711e1b4764040d3dc5c07&amp;type=text%2Fhtml&amp;schema=upscri" width="800" height="400" frameborder="0" scrolling="no"><a href="https://medium.com/media/9fff66faf00995facb49699b3be2e35d/href">https://medium.com/media/9fff66faf00995facb49699b3be2e35d/href</a></iframe>]]></content:encoded>
        </item>
        <item>
            <title><![CDATA[Cómo redactar anuncios inmobiliarios que te ayuden a vender]]></title>
            <link>https://blog.easybroker.com/c%C3%B3mo-redactar-anuncios-inmobiliarios-que-te-ayuden-a-vender-b1faf04d5387</link>
            <guid isPermaLink="false">https://medium.com/p/b1faf04d5387</guid>
            <category><![CDATA[promover-propiedades]]></category>
            <dc:creator><![CDATA[Efren Pineda]]></dc:creator>
            <pubDate>Thu, 16 Aug 2018 17:54:56 GMT</pubDate>
            <atom:updated>2018-08-29T23:50:27.649Z</atom:updated>
            <content:encoded><![CDATA[<figure><img alt="" src="https://cdn-images-1.medium.com/max/1024/1*iluZetrATA8zqV7V8U900g.png" /></figure><p>Ya tienes una propiedad y no puedes esperar a subirla a internet pero ¿no sabes cómo escribir algo que suene muy bien? A continuación te daremos recomendaciones para que escribas muy buenos anuncios que capten más clientes potenciales.</p><p><strong>1.</strong> <strong>Describe al cliente ideal para esa propiedad.</strong> Comienza identificando qué características tiene la persona que podría interesarse en esa propiedad, ya que así será mucho más fácil que sepas qué destacarás y cómo debe ser tu lenguaje en el anuncio.</p><p>Por ejemplo, para un departamento en Del Valle, CDMX, concluyo algunas características de mi cliente potencial ideal: tiene familia (Del Valle es una colonia muy familiar y relajada) y puede ser de hasta 4 miembros ya que tiene tres recámaras amplias. Profesional con un auto porque hay un lugar de estacionamiento y que disfrute comer fuera de casa (hay muchísimos restaurantes de tono familiar, al menos uno por esquina).</p><p><strong>2. Destaca las características más atractivas del inmueble.</strong> Piensa en aspectos como la ubicación, cosas específicas (como lugares de estacionamiento disponibles, elevador, vigilancia, un jardín bonito) y escríbelas todas. Seguro hay aspectos en tu propiedad que serán más atractivas para el posible comprador que otras, así que trata de detectarlas y tenerlas muy claras. Definirlo te ayudará mucho a redactar un título interesante y diferente que llame la atención.</p><figure><img alt="" src="https://cdn-images-1.medium.com/max/860/1*5UsoHhABPA1hxWtYbKBraA.png" /></figure><p><strong>3. Describe la propiedad, piensa qué la hace especial y comienza a escribirlo.</strong> Sabemos que muchos departamentos tendrán elevadores y vigilancia, pero no todos tendrán una iluminación natural en todo el departamento; incluso el tamaño de la cocina puede ser un diferenciador. Eso sí, cuídate de exagerar los encantos de la propiedad y usar adjetivos ambiguos como “insuperable” o “increíble” ya que son palabras muy usadas y en realidad no son tan descriptivas (que es lo que tu comprador quiere para decidir si va a llamarte o no).</p><p>También, deberás poner las amenidades que están cerca, si incluye el mantenimiento y cualquier otra cosa que agregue valor a la propiedad. Normalmente, en los portales inmobiliarios existe un apartado para el número de habitaciones, baños, medidas, etcétera, así que no tienes que repetirlas. Trata de ser lo más descriptivo posible.</p><p>Usando la misma propiedad en Del Valle como ejemplo podría quedar algo así:</p><blockquote>Departamento recién remodelado a dos cuadras del Parque Hundido</blockquote><blockquote>El departamento está recién remodelado y listo para habitarse. Ubicado a dos cuadras del Parque Hundido, tiene cerca restaurantes, estaciones de Metro y Metrobús, escuelas de diferentes especialidades y hasta un centro comercial.</blockquote><blockquote>Es una colonia familiar, por lo que la mayoría del tiempo es tranquila y muy segura; hay vigilancia en las calles de forma continua. El departamento está en un sexto piso así que desde el balcón tienes una vista despejada de la ciudad y por lo mismo entra mucha luz natural en la parte la sala y la cocina, especialmente en las mañanas.</blockquote><blockquote>Las recámaras cuentan con su propio clóset y la principal (que es la más grande) cuenta con baño completo y tina. El otro baño completo es amplio y todas los muebles son nuevos.</blockquote><blockquote>Tendrás un espacio de estacionamiento donde fácilmente cabe una camioneta, además de una bodega de 15 mts y vigilancia 24 horas incluída en tu cuota de mantenimiento.</blockquote><blockquote>Si tienes una mascota también es bienvenida, ¡no hay restricciones de especies!</blockquote><p><strong>4. Las fotos son muy importantes y también tienen su ciencia.</strong> Así como las fotos pueden ayudarte un montón a vender, también pueden ahuyentar a tus clientes potenciales, así que hay que echarle ganas. Recuerda que hay que tener buenas fotografías que le ayuden al comprador a visualizarse en esa propiedad. Trata de seguir estos puntos:</p><ul><li>Antes de cualquier otra cosa verifica que el espacio esté limpio y pulcro: sabemos que sabes el por qué; dudamos de alguien que se motive a comprar viendo una propiedad descuidada. También puedes decorarla un poco, como acomodar los muebles disponibles de una forma que parezca ordenado y no que estorban. Cuida los detalles: que las camas estén tendidas, que el baño tenga la tapa cerrada, que no haya huellas en el piso. ¡Los detalles importan!</li><li>Toma las fotografías cuando el sol esté en su punto más intenso, y si necesitas un poco más de luz, prende las luces de la propiedad. También puedes hacer la prueba con los tipos de iluminación para ver cuál queda mejor. Apunta a dónde da la luz y no al revés: saldrá muy oscura por más focos encendidos que tengas.</li><li>Las fotografías deben mostrar las características más interesantes, justo como la descripción. Muéstralas a tus prospectos de forma clara y hagas lo que hagas, ¡no subas fotos borrosas!</li><li>Evita tomar fotos donde haya espejos: muy probablemente no quieres salir en las fotos y es mejor que muestres la propiedad y no tu silueta.</li><li>Asegurate de usar una cámara con buena definición que te ayude a tomar fotos con buena calidad. Por lo general, los celulares nuevos traen buenas cámaras así que eso no quiere decir que debes invertir en una cámara profesional a la fuerza. Así que toma tantas fotos como quieras ya que el único límite será el espacio en tu dispositivo.</li><li>Antes de dejar la propiedad, revisa las fotos, analiza si tienes el material que necesitas y si no, inténtalo de nuevo. Revisarlas te evitará volver a la propiedad sólo para eso.</li></ul><h3>Otras reglas</h3><ul><li>NO ESCRIBAS ASÍ. Todo en mayúsculas para llamar la atención; eso significa que estás gritando y no se ve bien.</li><li>Revisa muy bien y de forma detallada tu ortografía. Si no es tu fuerte, puedes pasar el texto por algún corrector ortográfico o puedes pedirle a alguien más que lo lea y le dé el visto bueno. Una faltita de ortografía (aunque sea una que parezca inofensiva) puede darle mala impresión a tus posibles compradores.</li><li>¡No se vale mentir en tu anuncio! Evita poner adjetivos para cubrir desventajas, por ejemplo, escribir “vintage” para no decir que es viejo o poner que tiene “una agradable vista” para decir que está en la punta de un cerro.</li></ul><p>Termina tu anuncio invitando a hacer una cita para conocer tu propiedad y no pongas tus datos de contacto en la descripción; en los portales hay una sección dónde pueden encontrarlos y si alguno de tus colegas quiere compartirla a su cliente, le será difícil porque no podrá borrar tus datos.</p><p>Cuando termines de crear tu ficha revísala varias veces. Puedes leer tu redacción en voz alta para que te ayude a notar detalles en las palabras o cómo estás hilando las ideas. Si necesitas otra opinión, muéstrale tu anuncio a otra persona para que te de retroalimentación.</p><p>Otro objetivo del anuncio será filtrar a los candidatos y así lleguen los que son buenos para tu propiedad, por ejemplo, que sólo te marquen aquellos que sí tienen fiador o únicamente los que no necesitan crédito. Recuerda que es importante que tu anuncio logre dar una idea clara de cómo es y al mismo tiempo, estimule a tus posibles clientes potenciales para que quieran contactarte en ese momento, la visiten y ¡tú puedas empezar a vender!</p><p>¡Suscríbete a <a href="https://easybroker.us1.list-manage.com/subscribe?u=0ee55f7d6a8edd5b294710d94&amp;id=9cd23bf92c">nuestro boletín</a> para recibir más contenido como este!</p><iframe src="https://cdn.embedly.com/widgets/media.html?src=https%3A%2F%2Fupscri.be%2Fc43370%3Fas_embed%3Dtrue&amp;dntp=1&amp;url=https%3A%2F%2Fupscri.be%2Fc43370%2F&amp;key=a19fcc184b9711e1b4764040d3dc5c07&amp;type=text%2Fhtml&amp;schema=upscri" width="800" height="400" frameborder="0" scrolling="no"><a href="https://medium.com/media/9fff66faf00995facb49699b3be2e35d/href">https://medium.com/media/9fff66faf00995facb49699b3be2e35d/href</a></iframe>]]></content:encoded>
        </item>
        <item>
            <title><![CDATA[Lanzamientos del mes: julio]]></title>
            <link>https://blog.easybroker.com/lanzamientos-del-mes-julio-5fac93d650c9</link>
            <guid isPermaLink="false">https://medium.com/p/5fac93d650c9</guid>
            <category><![CDATA[novedades]]></category>
            <dc:creator><![CDATA[Efren Pineda]]></dc:creator>
            <pubDate>Mon, 13 Aug 2018 16:44:58 GMT</pubDate>
            <atom:updated>2018-08-20T16:14:13.821Z</atom:updated>
            <content:encoded><![CDATA[<figure><img alt="" src="https://cdn-images-1.medium.com/max/1024/1*C6S3E2tZLhDMJ3JEJ8VgPw.png" /></figure><p>Este mes realizamos grandes cambios que te ayudarán en tu trabajo diario, a continuación los enlistamos:</p><ul><li>¡Lanzamos nuestra vinculación con MercadoLibre! Si en tu país está disponible este portal, ahora puedes agregarlo en tu cuenta de EasyBroker para publicar tus propiedades en minutos. <br>Si tienes una cuenta en Metros Cúbicos podrás publicar en ambos portales de forma automática, como lo explicamos en nuestra <a href="https://blog.easybroker.com/ya-puedes-publicar-tus-propiedades-en-mercado-libre-5425ab076994">última publicación</a>.</li></ul><figure><img alt="" src="https://cdn-images-1.medium.com/max/684/1*eu766qVJ_A3b4qTS3Q1hBQ.png" /></figure><ul><li>Personaliza aún más los volantes de tus propiedades al decidir si agregas o no la dirección exacta y su ubicación en el mapa.</li></ul><figure><img alt="" src="https://cdn-images-1.medium.com/max/812/1*2aj6jniW5FTLDAvEqpAhMw.png" /></figure><ul><li>Mejoramos la forma de pago en el OXXO y utilizamos OXXO PAY, que te dará una referencia numérica para pagar y se verá reflejado de inmediato. <a href="https://www.easybroker.com/gt/videos/pago-por-oxxo">Conoce cómo pagar</a> con OXXO PAY.</li></ul><figure><img alt="" src="https://cdn-images-1.medium.com/max/655/1*P4hO8UTXsYQV_MfDoZwydA.png" /></figure><ul><li>¡Mejoramos la experiencia móvil de tu página web! Mejoramos los filtros para que tus clientes encuentren fácilmente la propiedad que están buscando.</li></ul><figure><img alt="" src="https://cdn-images-1.medium.com/max/850/1*ofAiTffrrHPvxs9T0HoGPw.png" /></figure><p>Como cada mes, seguimos trabajando para mejorar tu experiencia en la plataforma y añadir cambios que te ayudarán en tu día a día. ¿Te gustaron estos cambios? ¡Escríbelo en los comentarios!</p>]]></content:encoded>
        </item>
        <item>
            <title><![CDATA[Ya puedes publicar tus propiedades en MercadoLibre]]></title>
            <link>https://blog.easybroker.com/ya-puedes-publicar-tus-propiedades-en-mercado-libre-5425ab076994</link>
            <guid isPermaLink="false">https://medium.com/p/5425ab076994</guid>
            <category><![CDATA[mercadolibre]]></category>
            <category><![CDATA[novedades]]></category>
            <dc:creator><![CDATA[Efren Pineda]]></dc:creator>
            <pubDate>Tue, 07 Aug 2018 22:22:55 GMT</pubDate>
            <atom:updated>2018-08-08T15:34:22.591Z</atom:updated>
            <content:encoded><![CDATA[<figure><img alt="" src="https://cdn-images-1.medium.com/max/800/1*4Z6lqmsyi5iWNAH-Ps5JOw.png" /></figure><p>MercadoLibre es el nuevo portal premium que se une a EasyBroker, por lo que ahora, podrás vincular tu cuenta para publicar tus propiedades, recibir prospectos y dar un seguimiento más eficiente.</p><p>La ventaja de añadir este nuevo portal, es que tus propiedades publicadas y vinculados se verán reflejadas en MercadoLibre en minutos.</p><p>Todos nuestros usuarios de Latinoamérica donde esté disponible MercadoLibre podrán realizar esta conexión, pero recuerden que es necesaria una cuenta de pago del portal para hacerlo. Para el caso de México, al vincular tu cuenta a este nuevo portal, se publicarán en dos portales: MercadoLibre y Metros Cúbicos.</p><p><strong><em>Para asegurar que hagas la vinculación con la cuenta correcta, es necesario que antes, ingreses a MercadoLibre y cierres cualquier sesión que tengas iniciada.</em></strong></p><p>Para vincular tu cuenta de EasyBroker con MercadoLibre ingresa a <em>Configuraciones</em>, selecciona la opción de <em>Vinculación con portales</em> y ahí encontrarás el botón de <em>Conectar.</em></p><figure><img alt="" src="https://cdn-images-1.medium.com/max/949/1*xJ7lYgDNs7iO4KS263KL8g.png" /></figure><p>Da clic en él y te abrirá un acceso a MercadoLibre, aquí ingresa tu usuario y contraseña, recuerda que deberás agregar la cuenta de tu inmobiliaria.</p><figure><img alt="" src="https://cdn-images-1.medium.com/max/481/1*jfdiOzl0hUYe_WbgXr7sWQ.png" /></figure><p>En esta nueva ventana te pedirá autorización para conectar EasyBroker con tu cuenta, da clic en el botón <em>Permitir</em> y listo!</p><figure><img alt="" src="https://cdn-images-1.medium.com/max/684/1*BEmPP1bgfD3iy-0HsMCBxw.png" /></figure><p>Ambas se enlazarán en automático y regresarás a EasyBroker, donde aparecerá un anuncio señalando que tu vinculación fue exitosa.</p><figure><img alt="" src="https://cdn-images-1.medium.com/max/563/1*xByC5mDF7jnHiE2WgFnTaA.png" /></figure><p>Ahora, cada que agregues una propiedad aparecerá la opción de publicarla en MercadoLibre y así cada que subas una propiedad, la modifiques, o des de baja, todos los cambios se reflejarán casi de inmediato en MercadoLibre.</p><p>Mientras tanto, en tu cuenta de EasyBroker recibirás todos los clientes potenciales que generes, podrás atenderlos a todos desde un sólo lugar y tendrás estadísticas del funcionamiento de cada portal.</p><h4><strong>Para nuestros usuarios en México</strong></h4><p>Si tienes conectado EasyBroker con Metros Cúbicos, es necesario que vincules con MercadoLibre, con el mismo usuario y contraseña, ya que en un tiempo dentro de EasyBroker dejará de existir la opción de publicar con Metros Cúbicos.</p><p>Esto es, porque desde hace tres años, Metros Cúbicos es parte de MercadoLibre y están migrando poco a poco del primero al segundo. Si quieres conocer más sobre esta unión te recomendamos <a href="http://ayuda.metroscubicos.com/">leer su ayuda</a>.</p><p>De tu lado, no deberás mover nada más ya que automáticamente MercadoLibre hará la importación de propiedades ya publicadas en Metros Cúbicos y a partir de ahora, cada que publiques una propiedad se republicarán en ambos portales.</p><p>Seguiremos actualizando la plataforma para que tus integraciones sean cada vez más sencillas, que la gestión de tus clientes potenciales sea más simple y que aproveches tu tiempo al máximo.</p>]]></content:encoded>
        </item>
        <item>
            <title><![CDATA[¡No te aferres! Despídete de clientes potenciales que parecen no interesados]]></title>
            <link>https://blog.easybroker.com/no-te-aferres-desp%C3%ADdete-de-clientes-potenciales-que-parecen-no-interesados-6eaab8e6d183</link>
            <guid isPermaLink="false">https://medium.com/p/6eaab8e6d183</guid>
            <category><![CDATA[promover-propiedades]]></category>
            <dc:creator><![CDATA[Axel Vega]]></dc:creator>
            <pubDate>Thu, 19 Jul 2018 23:15:53 GMT</pubDate>
            <atom:updated>2018-08-24T20:48:06.461Z</atom:updated>
            <content:encoded><![CDATA[<iframe src="https://cdn.embedly.com/widgets/media.html?src=https%3A%2F%2Fplayer.vimeo.com%2Fvideo%2F268690007%3Fapp_id%3D122963&amp;dntp=1&amp;url=https%3A%2F%2Fvimeo.com%2F268690007&amp;image=https%3A%2F%2Fi.vimeocdn.com%2Fvideo%2F699478142_1280.jpg&amp;key=a19fcc184b9711e1b4764040d3dc5c07&amp;type=text%2Fhtml&amp;schema=vimeo" width="1280" height="720" frameborder="0" scrolling="no"><a href="https://medium.com/media/6b79ffab9d5073ae52d19cd4592efc18/href">https://medium.com/media/6b79ffab9d5073ae52d19cd4592efc18/href</a></iframe><p>Si sigues intentando cerrar a un prospecto y él sólo te da largas y te dice que lo va a pensar, es mejor que te despidas de él y vayamos tras los clientes potenciales con los que tenemos posibilidades reales de cerrar. Quizá suene un poco arriesgado, pero recuerda que lo más valioso que tienes es tu tiempo así que hay que aprovecharlo bien. Nosotros te decimos cómo hacerlo y que sigas quedando como un profesional.</p><p>Por ejemplo: estás buscando una oficina para un cliente, han visto cinco y te dice que una de ellas es la que más le gustó, cumple sus expectativas y es algo que estaba buscando, pero no se decide por completo. Cuando lo llamas no te dice que no le gustó, simplemente te sigue diciendo que lo tiene que platicar con su mamá, su jefe o su perro. Y también que le llames mañana (para que le llames pasado mañana y así sucesivamente). En ese momento le dirás que no seguirás llamando pero que si toma alguna otra decisión, estás disponible para tomar la llamada.</p><p>También, puede suceder que en la llamada te diga que por ahora no va a seguir con el proceso, tomó otra decisión o seguirá buscando por otro lado pero no te desanimes, porque al final supiste qué lo detenía a seguir con el proceso, tal vez eso te sirve para saber qué mejorar y cómo calificar a los clientes potenciales desde un inicio.</p><p>Quieres demostrar que eres un profesional, así que recuerda, es muy importante que tu llamada no sea grosera o ruda y tampoco debes verte desanimado porque no es el objetivo, simplemente muéstrate amable señalando que tú estarás disponible cuando lo necesite.</p><h3><strong>Cuando ya ni toman tus llamadas</strong></h3><figure><img alt="" src="https://cdn-images-1.medium.com/max/1024/1*rQwTExr6segmeB4rOq6XeA.png" /></figure><p>Hablando con nuestros clientes, averiguamos que con los interesados en comprar es más común que dejen de contestar, así que después de varios intentos sin recibir respuesta, sugerimos que envíes un mail o WhatsApp diciéndole al cliente que dejarás de intentar comunicarte, ya que al parecer no es el mejor momento para ofrecer tu servicio.</p><p>Dependerá mucho de tu estilo y tono, pero en nuestro caso somos muy directos a la hora de escribir cualquier mail porque sabemos que en general, el cliente va a tener más ganas de leer si el texto es breve (piensa cuando abres un mail larguísimo y el poco entusiasmo que te genera revisarlo). En EasyBroker siempre mandamos algo similar a este y es el que más recomendamos por experiencia propia y va más o menos así:</p><blockquote>Hola, Juan</blockquote><blockquote>He intentado localizarte varias veces pero no he tenido suerte. Creo que tal vez ahora no es buen momento para ti así que dejaré de intentar contactarte, pero, si en algún momento te interesa conocer más avísame y con mucho gusto seguimos con tu proceso!</blockquote><blockquote>Axel</blockquote><p>Sugiero que lo personalices de la forma en la que ya te comunicas con tus clientes, cada quien tiene un estilo y una forma de hacerlo. Sólo cuida no parecer muy rencoroso ni muy emocional; por ejemplo no digas cosas como <em>“basándome en tu silencio, asumo que no estás interesado en obtener más información“</em> porque suena a que te estás victimizando y tomándolo todo muy personal, cosa que tampoco es muy profesional. Debe ser una redacción en la que se lea que estás relajado ante la situación. Recuerda: nada de parecer negativo.</p><p>La idea de hacerlo es que el cliente esté enterado que no seguirás insistiendo y puedes provocar respuestas similares a la de la llamada:</p><ul><li>Que te dé sus razones por las que no seguirá el proceso. En este caso, entendemos su respuesta, no la cuestionamos y seguimos tan amigos como siempre.</li><li>Te dirá que por favor reanuden las negociaciones. Este es el mejor de los escenarios, ya que explicará porque no contestaba tus mails y llamadas, además que expresará su interés por tus servicios.</li></ul><p>Recuerda que si ya llevas un seguimiento con un cliente potencial hasta el punto en el que se muestra indeciso o no contesta, él ya sabe que estarás intentando comunicarte para cerrar. Así que jamás debemos sólo dejar de llamar en seco; nuestro prospecto puede malinterpretarlo de varias formas y ninguna favorable.</p><p>Si tú llegaste con él y te presentaste como el profesional que eres, ¡también hay que saber terminarlo así! En caso de que el cliente sí este pensándolo y solucione sus dilemas puede ir contigo y no buscar a otro asesor desde cero. Saber despedir a tus clientes no es ser soberbio, simplemente es darle más valor a tu trabajo, además de que te da oportunidad de prestarle atención a los que realmente puedes cerrar.</p><iframe src="https://cdn.embedly.com/widgets/media.html?src=https%3A%2F%2Fupscri.be%2Fc43370%3Fas_embed%3Dtrue&amp;dntp=1&amp;url=https%3A%2F%2Fupscri.be%2Fc43370%2F&amp;key=a19fcc184b9711e1b4764040d3dc5c07&amp;type=text%2Fhtml&amp;schema=upscri" width="800" height="400" frameborder="0" scrolling="no"><a href="https://medium.com/media/9fff66faf00995facb49699b3be2e35d/href">https://medium.com/media/9fff66faf00995facb49699b3be2e35d/href</a></iframe>]]></content:encoded>
        </item>
        <item>
            <title><![CDATA[Si respondes primero te llevas al cliente]]></title>
            <link>https://blog.easybroker.com/si-respondes-primero-te-llevas-al-cliente-888151d1e598</link>
            <guid isPermaLink="false">https://medium.com/p/888151d1e598</guid>
            <category><![CDATA[promover-propiedades]]></category>
            <dc:creator><![CDATA[Axel Vega]]></dc:creator>
            <pubDate>Fri, 06 Jul 2018 21:42:07 GMT</pubDate>
            <atom:updated>2018-08-24T20:47:41.871Z</atom:updated>
            <content:encoded><![CDATA[<figure><img alt="" src="https://cdn-images-1.medium.com/max/1024/1*A7r-MYcj-Mw5WrNsl8craQ.png" /></figure><p>Una de las primeras razones por la que no cerramos a los clientes que nos contactan para pedir información es porque llegamos demasiado tarde. Cuando por fin logramos contactarlos, ese cliente ya vio muchas más propiedades, no está listo para tu llamada y es muy probable que ya esté haciendo visitas con otro asesor que no eres tú. ¿Te suena?</p><iframe src="https://cdn.embedly.com/widgets/media.html?src=https%3A%2F%2Fplayer.vimeo.com%2Fvideo%2F270522812&amp;dntp=1&amp;src_secure=1&amp;url=https%3A%2F%2Fvimeo.com%2F270522812&amp;image=https%3A%2F%2Fi.vimeocdn.com%2Ffilter%2Foverlay%3Fsrc0%3Dhttps%253A%252F%252Fi.vimeocdn.com%252Fvideo%252F701847077_1280x720.jpg%26src1%3Dhttps%253A%252F%252Ff.vimeocdn.com%252Fimages_v6%252Fshare%252Fplay_icon_overlay.png&amp;key=a19fcc184b9711e1b4764040d3dc5c07&amp;type=text%2Fhtml&amp;schema=vimeo" width="1280" height="720" frameborder="0" scrolling="no"><a href="https://medium.com/media/d36135c27488c4c171c0f039227c7ad1/href">https://medium.com/media/d36135c27488c4c171c0f039227c7ad1/href</a></iframe><p>Ningún cliente que llega es gratis así que hay que aprovecharlos; necesitas construir una estrategia para que logres contactarlos lo más rápido posible y amplíes tus posibilidades de cerrar.</p><h3><strong>Cuando se pide ahora es porque se necesita YA</strong></h3><p>¡Claro que no es sencillo! Sé que la mayoría de nosotros estamos en la calle todo el día y algunos no usamos guardias, pero vale la pena intentarlo: al responder rápido a tus clientes potenciales incrementarás tus posibilidades de lograr contactarlo y calificarlo mejor.</p><figure><img alt="" src="https://cdn-images-1.medium.com/max/610/1*XsPZWnWiL-ILJItVMQu9Qg.png" /><figcaption>Es el promedio de tiempo de respuesta a una solicitud por internet (Fuente: Insidesales.com)</figcaption></figure><p>Ahora te digo que nos funcionó a nosotros: nos ponemos un tiempo de respuesta como meta. Es decir, revisa más o menos cuánto tardas en contestar a los clientes potenciales y ponte como propósito bajar ese número de forma semanal. Por ejemplo: esta semana vas a ponerte un tiempo de respuesta a los clientes potenciales que vengan de internet de 2 horas, según como te vayas sintiendo y así lo irás bajando hasta que tengas un estándar.</p><figure><img alt="" src="https://cdn-images-1.medium.com/max/612/1*bAvjmsFhhCO4Uk94mDe4pg.png" /><figcaption>El 23% de las solicitudes por internet nunca reciben respuesta (Fuente: Harvard Business Review)</figcaption></figure><p>En nuestro equipo comercial tratamos de llamar a las personas que se inscriben a un periodo de prueba tan pronto como se llegan y además de que es mucho más probable que quieran hablar con nosotros (porque no están ocupados, porque están listos para saber de nosotros), siempre hay una sensación de sorpresa en ellos que es muy contagiosa y positiva.</p><p>Al llamar a tiempo estás demostrando ser una persona respetuosa con su tiempo, atenta con sus necesidades, y confiable; si tomas en cuenta que un asesor inmobiliario vende su servicio, me parece que es súper importante dar esa primera impresión.</p><figure><img alt="" src="https://cdn-images-1.medium.com/max/611/1*ZAc5nLkonAlhr7mqtcFk4g.png" /><figcaption>El primero en responder un cliente tiene de 35 a 50% de posibilidades de cerrarlo (Fuente: Insidesales.com)</figcaption></figure><p>El mercado actual exige inmediatez, es momento de que tú la ofrezcas. Esta primera comunicación con tus prospectos servirá para que ellos vean lo importante que son para ti, crees una imagen positiva y ofrezcas un buen servicio que te abrirá muchas puertas; si tú das un excelente servicio es probable que te recomienden o que quieran volver contigo.</p><iframe src="https://cdn.embedly.com/widgets/media.html?src=https%3A%2F%2Fupscri.be%2Fc43370%3Fas_embed%3Dtrue&amp;dntp=1&amp;url=https%3A%2F%2Fupscri.be%2Fc43370%2F&amp;key=a19fcc184b9711e1b4764040d3dc5c07&amp;type=text%2Fhtml&amp;schema=upscri" width="800" height="400" frameborder="0" scrolling="no"><a href="https://medium.com/media/9fff66faf00995facb49699b3be2e35d/href">https://medium.com/media/9fff66faf00995facb49699b3be2e35d/href</a></iframe>]]></content:encoded>
        </item>
    </channel>
</rss>