<?xml version="1.0" encoding="UTF-8"?><rss xmlns:dc="http://purl.org/dc/elements/1.1/" xmlns:content="http://purl.org/rss/1.0/modules/content/" xmlns:atom="http://www.w3.org/2005/Atom" version="2.0" xmlns:cc="http://cyber.law.harvard.edu/rss/creativeCommonsRssModule.html">
    <channel>
        <title><![CDATA[EasyBroker - Medium]]></title>
        <description><![CDATA[Consejos, noticias y mejores prácticas para hacer más competitiva tu inmobiliaria. - Medium]]></description>
        <link>https://blog.easybroker.com</link>
        <image>
            <url>https://cdn-images-1.medium.com/proxy/1*TGH72Nnw24QL3iV9IOm4VA.png</url>
            <title>EasyBroker - Medium</title>
            <link>https://blog.easybroker.com</link>
        </image>
        <generator>Medium</generator>
        <lastBuildDate>Mon, 03 Dec 2018 18:45:57 GMT</lastBuildDate>
        <atom:link href="https://blog.easybroker.com/feed" rel="self" type="application/rss+xml"/>
        <webMaster><![CDATA[yourfriends@medium.com]]></webMaster>
        <atom:link href="http://medium.superfeedr.com" rel="hub"/>
        <item>
            <title><![CDATA[Rastreo de historial y comunicaciones más claro]]></title>
            <link>https://blog.easybroker.com/rastreo-de-historial-y-comunicaciones-m%C3%A1s-claro-522b56ac0b77</link>
            <guid isPermaLink="false">https://medium.com/p/522b56ac0b77</guid>
            <category><![CDATA[novedades]]></category>
            <category><![CDATA[easybroker]]></category>
            <category><![CDATA[gestión-de-inmuebles]]></category>
            <dc:creator><![CDATA[Isaac Vázquez]]></dc:creator>
            <pubDate>Thu, 05 Aug 2010 20:47:36 GMT</pubDate>
            <atom:updated>2016-12-28T20:06:06.102Z</atom:updated>
            <content:encoded><![CDATA[<figure><img alt="categorias" src="https://cdn-images-1.medium.com/max/480/0*O0od99EjbzGFT3bS.JPG" /></figure><p>¿Siempre quisiste agregar varias personas a una tarea para una reunión o varias propiedades a una nota sobre algunas propiedades que mostraste recién a un cliente? Ahora puedes adjuntar múltiples propiedades, personas o reservas a cualquier nota o tarea. Agregar múltiples ítems te ahorra tiempo y te ayuda a saber de forma clara de qué se trata la nota.</p><p>También decidimos cambiar cómo se muestra la historia de una persona, propiedad o reserva. Antes mostrábamos todas las actividades como notas, emails, tareas que tenían que ver con el ítem (persona, reserva o propiedad) que estabas viendo o con los ítems relacionados en la barra derecha. La suma de todas las actividades daba como resultado un historial recargado. Por ejemplo, si añadías 5 personas interesadas en una propiedad verías las actividades de los 5 relacionados y también los de la propiedad, resultando en muchos emails, notas, y tareas que no tenían nada que ver con la propiedad.</p><p>Ahora sólo mostramos las notas, emails, tareas y pedidos web que son específicamente de una propiedad, persona o reserva. Los nuevos cambios hacen el historial más relevante y te evita registrar cientos de notas.</p><p>Otra característica extra que incluimos con esos cambios es que ahora puedes filtrar tu historia por categoría. Justo arriba a la derecha de cualquier historial de un ítem hay un campo para mostrar sólo los ingresos con una categoría específica. También puedes usarlo para saber cuántas actividades fueron registradas con una categoría específica mirando el número del resultado. Por ejemplo, puedes contar rápidamente cuántas llamadas se hicieron por una propiedad o cuántas visitas se han hecho.</p>]]></content:encoded>
        </item>
        <item>
            <title><![CDATA[Newsletter: Ahorra tiempo gestionando clientes potenciales y mejoras para tu sitio web]]></title>
            <link>https://blog.easybroker.com/newsletter-ahorra-tiempo-gestionando-clientes-potenciales-y-mejoras-para-tu-sitio-web-3306fc8bab26</link>
            <guid isPermaLink="false">https://medium.com/p/3306fc8bab26</guid>
            <category><![CDATA[general]]></category>
            <category><![CDATA[easybroker]]></category>
            <dc:creator><![CDATA[Isaac Vázquez]]></dc:creator>
            <pubDate>Wed, 04 Aug 2010 18:11:26 GMT</pubDate>
            <atom:updated>2016-12-28T20:04:22.902Z</atom:updated>
            <content:encoded><![CDATA[<figure><img alt="Ordenar-tus-propiedades" src="https://cdn-images-1.medium.com/max/248/0*qPmy7b9iFnMcqHNv.jpg" /></figure><h4><a href="http://www.easybroker.com/es/blog/2010-07-campo-para-ordenar-inmuebles-en-tu-sitio-web/">Ordena los inmuebles en tu sitio web</a></h4><p>Si estás alojando tu sitio web con EasyBroker ahora tus visitantes podrán buscar tus propiedades por destacadas, precios de menor a mayor o viceversa, y la fecha de publicación. <a href="http://www.easybroker.com/es/blog/2010-07-campo-para-ordenar-inmuebles-en-tu-sitio-web/">Aprende más»</a></p><figure><img alt="Imprime-tus-inmuebles" src="https://cdn-images-1.medium.com/max/238/0*73YMFT4dzM_nOK0b.jpg" /></figure><h4><a href="http://www.easybroker.com/es/blog/2010-07-nuevo-en-easybroker-imprime-avisos-desde-tu-sitio-web/">Imprime avisos desde tu sitio web</a></h4><p>Ahora puedes imprimir tus avisos de inmuebles directamente desde tu sitio web. Hay un icono para cada página y tus visitantes podrán usarlo para imprimir una copia del inmueble. <a href="http://www.easybroker.com/es/blog/2010-07-nuevo-en-easybroker-imprime-avisos-desde-tu-sitio-web/">Aprende más»</a></p><figure><img alt="Búsquedas-guardadas" src="https://cdn-images-1.medium.com/max/238/0*ZsQyuWoalmp0qxdC.jpg" /></figure><h4><a href="http://www.easybroker.com/es/blog/2010-07-ahora-es-todavia-mas-facil-gestionar-tus-clientes-potenciales-inmobiliarios/">Guarda múltiples búsquedas y olvídate de los clientes potenciales repetidos</a></h4><p>Agregamos dos características que te ahorrarán tiempo y te ayudarán a gestionar tus clientes potenciales: puedes guardar múltiples búsquedas y unimos clientes potenciales de la web de forma automática. <a href="http://www.easybroker.com/es/blog/2010-07-ahora-es-todavia-mas-facil-gestionar-tus-clientes-potenciales-inmobiliarios/">Aprende más»</a></p><figure><img alt="Aumento-de-contactos" src="https://cdn-images-1.medium.com/max/248/0*klGHR348ERHQiClu.jpg" /></figure><h4><a href="http://www.easybroker.com/es/blog/2010-07-mas-clientes-potenciales-y-contactos-para-los-planes-solo-y-boutique/">Más clientes potenciales y contactos para planes Solo y Boutique</a></h4><p>Actualizamos el límite de clientes potenciales y contactos en los planes Solo y Boutique. Aumentamos el plan Solo de 3,000 a 5,000 y el plan Boutique de 9,000 a 10,000. <a href="http://www.easybroker.com/es/blog/2010-07-mas-clientes-potenciales-y-contactos-para-los-planes-solo-y-boutique/">Aprende más»</a><br><strong>Dinos lo que piensas</strong></p><p>Déjanos saber lo que piensas de estas <a href="http://www.easybroker.com/es/blog/category/novedades/">novedades</a>, de nuestro servicio o si tienes una historia genial sobre cómo usas EasyBroker para manejar mejor tu negocio. Puedes enviar comentarios o sugerencias a <a href="info@easybroker.com">info@easybroker.com</a>.</p>]]></content:encoded>
        </item>
        <item>
            <title><![CDATA[Búsqueda de habitaciones mejorada]]></title>
            <link>https://blog.easybroker.com/b%C3%BAsqueda-de-habitaciones-mejorada-7002c704ee8c</link>
            <guid isPermaLink="false">https://medium.com/p/7002c704ee8c</guid>
            <category><![CDATA[novedades]]></category>
            <category><![CDATA[gestión-de-inmuebles]]></category>
            <category><![CDATA[easybroker]]></category>
            <dc:creator><![CDATA[Isaac Vázquez]]></dc:creator>
            <pubDate>Tue, 03 Aug 2010 21:20:06 GMT</pubDate>
            <atom:updated>2016-12-28T20:04:29.809Z</atom:updated>
            <content:encoded><![CDATA[<figure><img alt="estudios-dormitorios" src="https://cdn-images-1.medium.com/max/260/0*Wgk9niTvQeKC4r8B.png" /></figure><p>Actualizamos el campo para la búsqueda de habitaciones en todos los sitios web alojados por EasyBroker y en las cuentas de EasyBroker para que puedas buscar por propiedades con un número específico de habitaciones. Antes podías buscar por propiedades que fueran mayores que un cierto número, como 1 o más habitaciones. Ahora puedes buscar sólo por departamentos tipo Estudio (mono-ambiente) o por un número específico de habitaciones como propiedades con sólo 1 habitación.</p><p>Esperamos que el cambio haga más fácil para ti y tus clientes encontrar las propiedades que buscan.</p>]]></content:encoded>
        </item>
        <item>
            <title><![CDATA[La clave para ser un exitoso inmobiliario según FUNICOMAPU]]></title>
            <link>https://blog.easybroker.com/la-clave-para-ser-un-exitoso-inmobiliario-seg%C3%BAn-funicomapu-fa052eb9902d</link>
            <guid isPermaLink="false">https://medium.com/p/fa052eb9902d</guid>
            <category><![CDATA[consejos]]></category>
            <category><![CDATA[general]]></category>
            <dc:creator><![CDATA[Isaac Vázquez]]></dc:creator>
            <pubDate>Mon, 02 Aug 2010 22:03:02 GMT</pubDate>
            <atom:updated>2016-12-28T20:03:56.774Z</atom:updated>
            <content:encoded><![CDATA[<p>Estuvimos en entrevistas con las escuelas y universidades en Buenos Aires que ofrecieran carreras para martilleros, corredores o consultores inmobiliarios en la ciudad y dentro de los resultados que obtuvimos encontramos una clave esencial para la profesión, no sólo inmobiliaria, sino para todas las que presten un servicio.</p><figure><img alt="FUNICOMAPU" src="https://cdn-images-1.medium.com/max/346/0*3PZB94-eFvQ5zqBj.JPG" /></figure><p>Una de las preguntas básicas cuando quieres estudiar una carrera o mismo ejercerla es saber “Qué necesito para ser exitoso”. A esta respuesta, Mauro Lotito Vega, Secretario de la Fundación Pro Universidad de Corredores y Martilleros públicos, <a href="http://www.funicomapu.com.ar/">FUNICOMAPU</a>, responde un interesante punto, que seguramente muchos sabemos en teoría, pero no implementamos en la práctica:</p><p>“Un aspecto esencial para ser exitoso es cuidar mucho la imagen; y con la imagen no me refiero sólo al logo, colores o el nombre de la empresa. La imagen la transmiten y respaldan las personas que conforman una compañía, desde el que atiende el teléfono hasta el gerente. La diferencia la hace la calidad del servicio que prestas”.</p><p>Hoy en día existen muchas herramientas que un inmobiliario puede utilizar para promocionar su listado de inmuebles, pero muy pocas para ofrecer un excelente servicio al cliente, y esto es fundamental para diferenciarse de la competencia. No importa qué tan eficiente seas promocionando tus propiedades si al momento de conversar con el cliente él siente que sus necesidades no están siendo satisfechas.</p><p>“Un buen inmobiliario debe saber que su trabajo es intentar satisfacer las necesidades de un cliente, trabajando con entrega y voluntad”, afirmó Mauro. “Si tu servicio no es bueno, no habrá ninguna diferencia entre tú y la competencia”.</p><p>Agradecemos a la fundación por atendernos y sobre todo por compartir sus experiencias con nosotros.</p>]]></content:encoded>
        </item>
        <item>
            <title><![CDATA[Más clientes potenciales y contactos para los planes Solo y Boutique]]></title>
            <link>https://blog.easybroker.com/m%C3%A1s-clientes-potenciales-y-contactos-para-los-planes-solo-y-boutique-54d13c4baa80</link>
            <guid isPermaLink="false">https://medium.com/p/54d13c4baa80</guid>
            <category><![CDATA[easybroker]]></category>
            <category><![CDATA[novedades]]></category>
            <dc:creator><![CDATA[Isaac Vázquez]]></dc:creator>
            <pubDate>Wed, 28 Jul 2010 21:03:09 GMT</pubDate>
            <atom:updated>2016-12-28T20:04:17.025Z</atom:updated>
            <content:encoded><![CDATA[<figure><img alt="aumento-de-contactos" src="https://cdn-images-1.medium.com/max/490/0*NebKX5Nu4P23_hnA.png" /></figure><p>Hace poco actualizamos el límite de clientes potenciales y contactos en los planes Solo y Boutique. Aumentamos el plan Solo de 3,000 a 5,000 y el plan Boutique de 9,000 a 10,000. Esperamos que este aumento te permita manejar todos tus contactos o clientes potenciales con EasyBroker.</p>]]></content:encoded>
        </item>
        <item>
            <title><![CDATA[Ahora es todavía más fácil gestionar tus clientes potenciales inmobiliarios]]></title>
            <link>https://blog.easybroker.com/ahora-es-todav%C3%ADa-m%C3%A1s-f%C3%A1cil-gestionar-tus-clientes-potenciales-inmobiliarios-90e5bcdb8cbf</link>
            <guid isPermaLink="false">https://medium.com/p/90e5bcdb8cbf</guid>
            <category><![CDATA[novedades]]></category>
            <category><![CDATA[easybroker]]></category>
            <dc:creator><![CDATA[Isaac Vázquez]]></dc:creator>
            <pubDate>Tue, 27 Jul 2010 19:23:58 GMT</pubDate>
            <atom:updated>2016-12-28T20:05:02.546Z</atom:updated>
            <content:encoded><![CDATA[<figure><img alt="búsquedas-guardadas" src="https://cdn-images-1.medium.com/max/460/0*dIazlM8smpa2KVFX.png" /></figure><p>Acabamos de agregar <a href="http://www.easybroker.com/es/blog/category/novedades/">nuevas características</a> que te ahorrarán tiempo y te ayudarán a <a href="http://www.easybroker.com/es/blog/category/gestion-clientes-potenciales/">gestionar tus clientes potenciales</a>. Ahora podrás guardar varias búsquedas de propiedades para tus clientes actuales o potenciales. Utiliza la búsqueda guardada de propiedades para alertarte cada vez que un propiedad publicada coincida con lo que tu cliente está buscando. Antes sólo podías guardar una por potencial cliente o contacto, lo que imposibilitaba especificar cuando un cliente también buscaba un tipo de inmueble distinto y en otra zona diferente o con otras características. Ahora puedes tener alertas para clientes que buscan una casa en Cancún y un departamento en Buenos Aires.</p><p>¿Alguna vez recibiste dos pedidos de la web de la misma persona y terminaste con dos clientes potenciales distintos en tu cuenta de EasyBroker? Ahora unimos clientes potenciales que tengan el mismo email, y así ahorras tiempo al no tener que unirlos de forma manual y disminuyes la probabilidad de que más de un cliente potencial sea asignado a más de un agente inmobiliario.</p>]]></content:encoded>
        </item>
        <item>
            <title><![CDATA[Gracias a los asistentes al primer After Office de Inmobiliarios Argentinos]]></title>
            <link>https://blog.easybroker.com/gracias-a-los-asistentes-al-primer-after-office-de-inmobiliarios-argentinos-4275d3c1947d</link>
            <guid isPermaLink="false">https://medium.com/p/4275d3c1947d</guid>
            <category><![CDATA[easybroker]]></category>
            <category><![CDATA[eventos]]></category>
            <dc:creator><![CDATA[Isaac Vázquez]]></dc:creator>
            <pubDate>Thu, 22 Jul 2010 22:11:51 GMT</pubDate>
            <atom:updated>2016-12-28T20:04:23.555Z</atom:updated>
            <content:encoded><![CDATA[<figure><img alt="Inmobiliarios Argentinos After Office" src="https://cdn-images-1.medium.com/max/500/0*43rmy-JUtot_2xZl.jpg" /></figure><p>Anoche organizamos el primer after office de Inmobiliarios Argentinos en Carnal, Buenos Aires. Tuve excelentes conversaciones, conocí gente interesante e hice lo posible para presentar a los asistentes entre sí. Gracias a todos los que fueron y espero verlos a todos otra vez en nuestro próximo evento.</p><p>Por favor, únete en nuestro <a href="http://www.facebook.com/event.php?eid=142103815801401#!/group.php?gid=130730200294480">Grupo de Facebook</a> si te gustaría saber cuándo será la próxima reunión.</p>]]></content:encoded>
        </item>
        <item>
            <title><![CDATA[Nuevo en EasyBroker: imprime avisos desde tu sitio web]]></title>
            <link>https://blog.easybroker.com/nuevo-en-easybroker-imprime-avisos-desde-tu-sitio-web-43bf3fef3776</link>
            <guid isPermaLink="false">https://medium.com/p/43bf3fef3776</guid>
            <category><![CDATA[easybroker]]></category>
            <category><![CDATA[novedades]]></category>
            <category><![CDATA[gestión-de-inmuebles]]></category>
            <dc:creator><![CDATA[Isaac Vázquez]]></dc:creator>
            <pubDate>Wed, 21 Jul 2010 19:30:06 GMT</pubDate>
            <atom:updated>2016-12-28T20:05:23.267Z</atom:updated>
            <content:encoded><![CDATA[<figure><img alt="imprime-tus-inmuebles" src="https://cdn-images-1.medium.com/max/370/0*cgnh1omSsZ4u8ig6.png" /></figure><p>Ahora los visitantes a tu sitio web pueden imprimir un aviso de inmueble directamente desde tu sitio web. Hay un nuevo icono de impresión ubicado en cada página para todos tus avisos. Sólo da click en el icono para imprimir.</p><p>También le añadimos la dirección a los avisos que imprimes en tu cuenta de EasyBroker. Esta dirección no se muestra en los avisos que se impriman desde tu sitio web.</p><figure><img alt="inmueble-con-dirección" src="https://cdn-images-1.medium.com/max/430/0*wEL_86QVsT2JhVcb.png" /></figure>]]></content:encoded>
        </item>
        <item>
            <title><![CDATA[Software CRM inmobiliario para Argentina]]></title>
            <link>https://blog.easybroker.com/software-crm-inmobiliario-para-argentina-bd9250dee215</link>
            <guid isPermaLink="false">https://medium.com/p/bd9250dee215</guid>
            <category><![CDATA[reseñas-de-software]]></category>
            <category><![CDATA[easybroker]]></category>
            <dc:creator><![CDATA[Isaac Vázquez]]></dc:creator>
            <pubDate>Fri, 16 Jul 2010 22:27:34 GMT</pubDate>
            <atom:updated>2016-12-28T20:04:21.710Z</atom:updated>
            <content:encoded><![CDATA[<p>Hemos estado revisando qué <a href="http://www.easybroker.com/es/crm-para-inmobiliarias">software de CRM</a> (Customer Relationship Management) para inmobiliarias hay en Argentina ya que tenemos muchos clientes que están en Buenos Aires. No encontramos muchas soluciones en CRM, sin embargo aquí hay una breve muestra de lo hallado. Solo evalué CRMs enfocados en ayudarte a registrar tus comunicaciones dentro y fuera de internet, y que fueron diseñados para funcionar bien en Argentina. Tenían que soportar, por ejemplo, dólares y pesos, y proveer traducciones en Español.</p><figure><img alt="Software para inmobiliarias en Argentina" src="https://cdn-images-1.medium.com/max/320/0*siRyxWMHApZNMjv7.jpg" /></figure><p>El más grande de los ofrecidos es por mucho <a href="http://www.argenprop.com/StaticView/Inmobiliaria">Adinco/ArgenProp</a> del grupo Clarín. Adinco es una aplicación para Windows que te permite compartir tu listado de propiedades con otros agentes inmobiliarios, manejar tu inventario, y es el único software que permite publicar tus inmuebles en los sitios web de Clarín como <a href="http://www.argenprop.com/">ArgenProp</a> y <a href="http://www.buscainmueble.com/">Buscainmueble</a>. Provee características de CRM, pero muchas inmobiliarias tienden a usarlo principalmente para publicar las propiedades en los sitios de Clarín y usan otras herramientas de software para manejar sus contactos, clientes potenciales y comunicaciones.</p><p><a href="http://www.xintel.com.ar/ ">Xintel</a> tiene alrededor de 22 años y es una aplicación para Windows. Al parecer, lanzan una nueva versión del software cada dos años y están ahora en la versión 10. Compras el CRM y el software de gestión y luego sólo pagas por actualizaciones cada dos años. Sólo hay un costo mensual si quieres publicar tus inmuebles en tu sitio web y varios portales inmobiliarios gratuitos.</p><p><a href="http://www.medranosoft.com.ar ">Medrano Soft</a> es un software de gestión completamente offline que corre en Windows. Provee módulos para manejar varios aspectos del negocio, excepto para publicar tus inmuebles online y actualizar tu sitio web. No hay cargos mensuales, sólo compras una licencia de acuerdo con los módulos que necesitas y luego cada tantos años pagas por las actualizaciones. Yo vi un demo en una exposición inmobiliaria y parecía tener varias características para gestionar un negocio inmobiliario pero no pude encontrar mucha información acerca del producto en internet.</p><p>Por supuesto, no voy a olvidar nuestro CRM <a href="http://www.easybroker.com">EasyBroker</a>. EasyBroker es un sistema de gestión que está basado completamente en la web e incluye el alojamiento y gestión de un sitio web inmobiliario, también puedes publicar tu listado de inmuebles en muchos portales inmobiliarios gratuitos como harías con Xintel. EasyBroker cobra un pago mensual.</p><p>Hubo otras empresas que no me animé a incluir como <a href="http://inmo-virtual.com/ ">Inmo-virtual.com, </a><a href="http://www.inmohost.com.ar/ ">Inmohost</a>, <a href="http://www.suinmobiliaria.com.ar/ ">Sistema7G</a>, <a href="http://www.maixon.com/ ">Maixon</a> y <a href="http://www.mapaprop.com/">MapaProp</a> que parecen enfocarse en la creación de sitios web y sindicación de propiedades pero ofrecen muy pocas características de un CRM.</p><p>Aquí hay una tabla de los software referenciados en esta entrada. Intentamos buscar la opción de precios más baja y más alta para darles una idea del posible rango de precios. Por supuesto, estos precios pueden cambiar basados en tu ubicación o habilidad para negociar. Si deseas añadir un CRM para inmobiliarias a la lista por favor déjame un comentario mencionando el producto, junto con la información de cada columna de la tabla.</p><p><strong>[table id=6 /]</strong></p>]]></content:encoded>
        </item>
        <item>
            <title><![CDATA[Nuevo en EasyBroker: Campo para ordenar inmuebles en tu sitio web]]></title>
            <link>https://blog.easybroker.com/nuevo-en-easybroker-campo-para-ordenar-inmuebles-en-tu-sitio-web-be352050cff9</link>
            <guid isPermaLink="false">https://medium.com/p/be352050cff9</guid>
            <category><![CDATA[general]]></category>
            <dc:creator><![CDATA[Isaac Vázquez]]></dc:creator>
            <pubDate>Wed, 14 Jul 2010 22:13:28 GMT</pubDate>
            <atom:updated>2016-12-28T20:04:40.414Z</atom:updated>
            <content:encoded><![CDATA[<figure><img alt="Ordenar tus propiedades" src="https://cdn-images-1.medium.com/max/400/0*LQCrUeRRVVeZIvIl.png" /></figure><p>Ayer agregamos un campo para ordenar tus inmuebles en todas nuestras plantillas de sitios web. Si estás alojando tu sitio web con EasyBroker ahora tus visitantes podrán buscar tus propiedades por las destacadas, los precios de menor a mayor o viceversa, y la fecha de publicación. El campo aparece arriba en el resultado de búsquedas de la propiedades como muestra la foto.</p>]]></content:encoded>
        </item>
    </channel>
</rss>