<?xml version="1.0" encoding="UTF-8"?><rss xmlns:dc="http://purl.org/dc/elements/1.1/" xmlns:content="http://purl.org/rss/1.0/modules/content/" xmlns:atom="http://www.w3.org/2005/Atom" version="2.0" xmlns:cc="http://cyber.law.harvard.edu/rss/creativeCommonsRssModule.html">
    <channel>
        <title><![CDATA[EasyBroker - Medium]]></title>
        <description><![CDATA[Consejos, noticias y mejores prácticas para hacer más competitiva tu inmobiliaria. - Medium]]></description>
        <link>https://blog.easybroker.com</link>
        <image>
            <url>https://cdn-images-1.medium.com/proxy/1*TGH72Nnw24QL3iV9IOm4VA.png</url>
            <title>EasyBroker - Medium</title>
            <link>https://blog.easybroker.com</link>
        </image>
        <generator>Medium</generator>
        <lastBuildDate>Mon, 03 Dec 2018 18:45:57 GMT</lastBuildDate>
        <atom:link href="https://blog.easybroker.com/feed" rel="self" type="application/rss+xml"/>
        <webMaster><![CDATA[yourfriends@medium.com]]></webMaster>
        <atom:link href="http://medium.superfeedr.com" rel="hub"/>
        <item>
            <title><![CDATA[Primer After Office de Inmobiliarios Argentinos]]></title>
            <link>https://blog.easybroker.com/primer-after-office-de-inmobiliarios-argentinos-6a5b28190be1</link>
            <guid isPermaLink="false">https://medium.com/p/6a5b28190be1</guid>
            <category><![CDATA[eventos]]></category>
            <dc:creator><![CDATA[Isaac Vázquez]]></dc:creator>
            <pubDate>Thu, 08 Jul 2010 20:45:51 GMT</pubDate>
            <atom:updated>2016-12-28T20:04:03.506Z</atom:updated>
            <content:encoded><![CDATA[<figure><img alt="Inmobiliarios Argentinos" src="https://cdn-images-1.medium.com/max/353/0*2fiJp9Mwt3cP9G8g.png" /></figure><p>Hace poco comencé un grupo en Facebook llamado Imobiliarios Argentinos con el objetivo de ayudar a los profesionales del negocio inmobiliario en Argentina a crear una red de contactos y a conocerse entre sí en un ambiente informal. Después de crear el grupo, más de 200 miembros se unieron en la primera semana y ahora planeo organizar nuestro primer after office el miércoles 21 de julio en Carnal, en Palermo, Buenos Aires.</p><p>Si estás en Buenos Aires y te gustaría conocer otros profesionales inmobiliarios incluyéndome, únete a nosotros. Aquí están los detalles del evento:</p><p>Carnal (estaremos en la terraza)<br>Miércoles 21 de julio, 7:30pm<br>Niceto Vega 5511</p><p>Puedes confirmar tu asistencia en nuestro <a href="http://www.facebook.com/event.php?eid=142103815801401&amp;ref=mf">Evento en Facebook</a> y por favor, únete a <a href="http://www.facebook.com/event.php?eid=142103815801401&amp;ref=mf#!/group.php?gid=130730200294480">Inmobiliarios Argentinos</a> si no los has hecho aún.</p>]]></content:encoded>
        </item>
        <item>
            <title><![CDATA[Newsletter: Nuevos métodos de pago, vista de calles de Google Street y tablero actualizado]]></title>
            <link>https://blog.easybroker.com/newsletter-nuevos-m%C3%A9todos-de-pago-vista-de-calles-de-google-street-y-tablero-actualizado-566aaca5975a</link>
            <guid isPermaLink="false">https://medium.com/p/566aaca5975a</guid>
            <category><![CDATA[general]]></category>
            <category><![CDATA[easybroker]]></category>
            <dc:creator><![CDATA[Isaac Vázquez]]></dc:creator>
            <pubDate>Thu, 08 Jul 2010 16:37:17 GMT</pubDate>
            <atom:updated>2016-12-28T20:05:17.134Z</atom:updated>
            <content:encoded><![CDATA[<figure><img alt="DineroMail actual" src="https://cdn-images-1.medium.com/max/228/0*89XhETkW5YDWNO9y.jpg" /></figure><h4><a href="http://www.easybroker.com/es/blog/2010-06-paga-easybroker-con-dineromail-en-argentina-chile-y-mexico/">Paga EasyBroker con DineroMail en Argentina, Chile y México</a></h4><p>Ahora aceptamos pagos en efectivo o transferencias bancarias si estás en Argentina, Chile o México con <a href="http://www.dineromail.com">DineroMail</a>. Esto le permite a nuestros clientes pagar en su moneda local y sin cuenta del banco o tarjeta de crédito. <a href="http://www.easybroker.com/es/blog/2010-06-paga-easybroker-con-dineromail-en-argentina-chile-y-mexico/">Aprende más»</a></p><figure><img alt="Google Street view updated" src="https://cdn-images-1.medium.com/max/228/0*jjMhBciv0oBdCgbY.jpg" /></figure><h4><a href="http://www.easybroker.com/es/blog/2010-06-google-street-view-y-actualizaciones-al-tablero/">Google Street View</a></h4><p>Agregamos <a href="http://www.google.com/intl/en_us/help/maps/streetview/">Google Street View</a> a todas nuestras plantillas de sitios web para que tú y tu cliente puedan ver las imágenes e incluso caminar virtualmente por la calle donde está ubicado tu inmueble. <a href="http://www.easybroker.com/es/blog/2010-06-google-street-view-y-actualizaciones-al-tablero/">Aprende más»</a></p><figure><img alt="Tablero Actualizado" src="https://cdn-images-1.medium.com/max/228/0*Bw1RrKB4SnTbQZTK.jpg" /></figure><h4><a href="http://www.easybroker.com/es/blog/2010-07-pasos-para-vender-o-alquilar-un-inmueble-con-easybroker/">Rediseño del tablero</a></h4><p>Modificamos el reporte del tablero para que te muestre el número de propiedades vendidas, alquiladas y reservadas. Entérate cómo hacer para que tus propiedades se registren en el tablero y puedas llevar un control más rápido y fácil. <a href="http://www.easybroker.com/es/blog/2010-07-pasos-para-vender-o-alquilar-un-inmueble-con-easybroker/">Aprende más»</a><br><strong>Dinos lo que piensas</strong></p><p>Déjanos saber lo que piensas de estas <a href="http://www.easybroker.com/es/blog/category/novedades/">novedades</a>, de nuestro servicio o si tienes una historia genial sobre cómo usas EasyBroker para manejar mejor tu negocio. Puedes enviar comentarios o sugerencias a info@easybroker.com.</p>]]></content:encoded>
        </item>
        <item>
            <title><![CDATA[Pasos para cambiar el estatus de un inmueble]]></title>
            <link>https://blog.easybroker.com/pasos-para-cambiar-el-estatus-de-un-inmueble-2fbc6c2025b</link>
            <guid isPermaLink="false">https://medium.com/p/2fbc6c2025b</guid>
            <category><![CDATA[easybroker]]></category>
            <category><![CDATA[consejos]]></category>
            <dc:creator><![CDATA[Isaac Vázquez]]></dc:creator>
            <pubDate>Mon, 05 Jul 2010 14:38:34 GMT</pubDate>
            <atom:updated>2018-08-29T18:42:52.718Z</atom:updated>
            <content:encoded><![CDATA[<figure><img alt="Actualiza el estatus de la propiedad" src="https://cdn-images-1.medium.com/max/617/0*TA_RxJKCZXnGXPCD.jpg" /></figure><p>Cada una de tus propiedades tiene un estatus que puedes actualizar al hacer clic en <em>Más Acciones</em> y luego en <em>Actualizar estatus</em>. Aquí hay cuatro estados de lo que representan:</p><ul><li><strong>Abierta </strong>— Esta propiedad está en venta o renta dependiendo del aviso.</li><li><strong>Reservada </strong>— Esta propiedad está reservada y pendiente de cierre.</li><li><strong>Vendida </strong>— Esta propiedad ha sido vendida.</li><li><strong>Rentada </strong>— La propiedad ha sido rentada (no aplica para rentas temporales)</li><li><strong>Perdida </strong>— La propiedad fue vendida o rentada por una inmobiliaria diferente o el propietario decidió no venderla.</li></ul><p>Si quieres registrar que tu propiedad fue vendida o rentada sólo cambia su estatus a <em>Vendida </em>o <em>Rentada</em>. También puedes especificar la fecha en que el contrato fue cerrado, el precio de venta o el importe de renta que se acordó y cuál fue el asesor que lo hizo.</p><figure><img alt="Screen Shot 2015-03-03 at 11.55.26 AM" src="https://cdn-images-1.medium.com/max/722/0*4CUTA2xtp9oISqvn.jpg" /></figure><p>Las propiedades <em>Vendidas</em>, <em>Rentadas </em>o <em>Perdidas </em>no serán publicadas en la Red de EasyBroker, sin embargo puedes seguir publicándolas en tu sitio web. Todas las propiedades que tengan un estado diferente a <em>Abiertas </em>mostrarán una banda sobre la imagen del inmueble dentro de EasyBroker y en tu sitio web como se ve en el ejemplo.</p><p>En cualquier momento que decidas quitar la publicación de un inmueble deberás siempre marcar tus propiedades como Vendidas, Rentadas o Perdidas para que tengas un registro sobre lo que tú o tu equipo han completado o dónde se ha invertido más esfuerzo.</p>]]></content:encoded>
        </item>
        <item>
            <title><![CDATA[Paga EasyBroker con DineroMail en Argentina, Chile y México]]></title>
            <link>https://blog.easybroker.com/paga-easybroker-con-dineromail-en-argentina-chile-y-m%C3%A9xico-9614162faab2</link>
            <guid isPermaLink="false">https://medium.com/p/9614162faab2</guid>
            <category><![CDATA[easybroker]]></category>
            <category><![CDATA[novedades]]></category>
            <dc:creator><![CDATA[Isaac Vázquez]]></dc:creator>
            <pubDate>Wed, 30 Jun 2010 22:11:20 GMT</pubDate>
            <atom:updated>2016-12-28T20:04:00.359Z</atom:updated>
            <content:encoded><![CDATA[<figure><img alt="You can now pay with DineroMail" src="https://cdn-images-1.medium.com/max/332/0*erM2hfdxolUs1rOp.png" /></figure><p>Ahora aceptamos pagos en efectivo o transferencias bancarias si estás en Argentina, Chile o México con <a href="http://www.dineromail.com">DineroMail</a>. Esto le permite a nuestros clientes pagar en su moneda local y sin cuenta del banco o tarjeta de crédito. Esperamos que estas opciones de pago adicionales sean mucho más convenientes y cómodas para que nuestros clientes puedan realizar el pago y nos permita expandirnos en Latino América.</p>]]></content:encoded>
        </item>
        <item>
            <title><![CDATA[Se buscan agentes inmobiliarios en Buenos Aires para Show de TV de USA]]></title>
            <link>https://blog.easybroker.com/se-buscan-agentes-inmobiliarios-en-buenos-aires-para-show-de-tv-de-usa-7ccc8ef3e82c</link>
            <guid isPermaLink="false">https://medium.com/p/7ccc8ef3e82c</guid>
            <category><![CDATA[general]]></category>
            <dc:creator><![CDATA[Isaac Vázquez]]></dc:creator>
            <pubDate>Mon, 28 Jun 2010 19:38:17 GMT</pubDate>
            <atom:updated>2016-12-28T20:04:35.269Z</atom:updated>
            <content:encoded><![CDATA[<figure><img alt="Bang for Your Buck" src="https://cdn-images-1.medium.com/max/248/0*7IZGBWEaNvfvrdeC.png" /></figure><p>¿Eres un agente inmobiliario conocido en el mundo inmobiliario de Buenos Aires y te gustaría aparecer en la serie de televisión de los Estados Unidos “Bang for your bucks”? Hace poco la productora asociada del show HGTV Jeanna Friederich me contactó pidiendo si podía ayudarla a encontrar algunos agentes inmobiliarios para el show. Si te interesa participar debes estar en Buenos Aires durante dos días para los horarios de grabación de agosto 25 y 26, y hablar inglés. Si eres elegido para el programa no sólo te verán a ti y a tu negocio internacionalmente, sino que también se ofrece una compensación.</p><p><strong>Aquí hay algunos detalles del programa y la manera de aplicar. ¡La mejor de las suertes y esperamos verte pronto en la tele!</strong></p><p>One of America’s hit shows on the Home &amp; Garden Television (HGTV) channel, “Bang For Your Buck,” is looking for a fun, enthusiastic, and knowledgeable real estate agent in the Buenos Aires area to feature as our local Real Estate Expert for one episode of the show! Your job will be to tour 3 recent home renovations alongside our Design Expert, and critique each of the homes to see which homeowner will see the greatest return on their investment. The show will provide viewers with expert advice, answers on remodeling values, and inspiring ideas for design.<br>HGTV is America’s leader in home and lifestyle programming. It is distributed to more than 89 million U.S. households and is one of cable’s top-rated networks. HGTV.com is the nation’s leading online home and garden destination that attracts an average of 5.2 million unique visitors per month. HGTV owns 33 percent of HGTV Canada and provides much of the Canadian network’s daily programming. The network’s branded programming also can be seen in 47 other countries and its selected programming is available to service men and women on board Navy ships and through American Forces Radio and Television Service (AFRTS), which services more than 1,000 outlets in over 175 countries.<br>Filming for this one episode will take place on August 25th &amp; 26th. To get an idea of what you’ll be doing if selected, visit <a href="http://www.hgtv.com/hgtv-bang-for-your-buck/videos/index.html">http://www.hgtv.com/hgtv-bang-for-your-buck/videos/index.html</a> to watch episodes of the show.</p><p><strong>*Compensation will be provided*</strong><br>If you’re interested, please send a photo of yourself and your resume/experience (including number of years as a Realtor) ASAP to:</p><p>Jenna Friederich, Associate Producer<br><a href="mailto:jfriederich@highnoontv.com">jfriederich@highnoontv.com</a><br>Once I receive your photo and information I will tell you what the next step is.<br>Thank you!</p>]]></content:encoded>
        </item>
        <item>
            <title><![CDATA[Novedades en EasyBroker: Google Street View y actualizaciones al tablero]]></title>
            <link>https://blog.easybroker.com/novedades-en-easybroker-google-street-view-y-actualizaciones-al-tablero-1f1da096fef</link>
            <guid isPermaLink="false">https://medium.com/p/1f1da096fef</guid>
            <category><![CDATA[novedades]]></category>
            <category><![CDATA[easybroker]]></category>
            <dc:creator><![CDATA[Isaac Vázquez]]></dc:creator>
            <pubDate>Thu, 24 Jun 2010 22:45:13 GMT</pubDate>
            <atom:updated>2016-12-28T20:05:03.150Z</atom:updated>
            <content:encoded><![CDATA[<figure><img alt="Google Street View en tus publicaciones inmobiliarias" src="https://cdn-images-1.medium.com/max/500/0*Xdghi3dDn4fpI3Ln.png" /></figure><p>Hoy agregamos <a href="http://www.google.com/intl/en_us/help/maps/streetview/">Google Street View</a> a todas nuestras plantillas de sitios web e hicimos algunas actualizaciones a tu <em>Tablero</em> en EasyBroker. <em>Google Street View</em> es el servicio de fotos panorámicas de Google, si publicas una propiedad en un país donde Google ofrece este servicio verás un botón que dice <em>Street View</em> en los mapas de tu sitio web. Si haces click en el botón <em>Street View</em> el mapa será reemplazado por una vista panorámica de la calle donde está la propiedad. Puedes interactuar con la imágen panorámica utilizando tu teclado y mouse, si haces click en la esquina superior derecha del panorama podrás verlo en pantalla completa.</p><figure><img alt="Nuevo tablero" src="https://cdn-images-1.medium.com/max/500/0*L8OyXmC42UR0yd_Y.png" /></figure><p>También vas a notar que hicimos varios cambios a la sección de resumen en el tablero. Quitamos la <em>tasa de conversión</em> y agregamos <em>propiedades vendidas</em>, <em>propiedades alquiladas</em>, <em>check-ins</em>, <em>check-outs</em> y <em>reservas confirmadas.</em> Las últimas tres métricas solo aparecen si tienes alquileres temporarios habilitados para tu empresa. Las nuevas métricas te dan una idea más clara de lo que está sucediendo en tu negocio y como se desempeña tu equipo.</p>]]></content:encoded>
        </item>
        <item>
            <title><![CDATA[Newsletter: Publica en OLX y prueba la nueva plantilla]]></title>
            <link>https://blog.easybroker.com/newsletter-publica-en-olx-y-prueba-la-nueva-plantilla-eab8912ce7a0</link>
            <guid isPermaLink="false">https://medium.com/p/eab8912ce7a0</guid>
            <category><![CDATA[novedades]]></category>
            <category><![CDATA[easybroker]]></category>
            <dc:creator><![CDATA[Isaac Vázquez]]></dc:creator>
            <pubDate>Thu, 10 Jun 2010 21:40:45 GMT</pubDate>
            <atom:updated>2016-12-28T20:03:58.424Z</atom:updated>
            <content:encoded><![CDATA[<figure><img alt="OLX" src="https://cdn-images-1.medium.com/max/200/0*ak9fa_wfNkt-q3SL.jpg" /></figure><h4><a href="http://www.easybroker.com/es/blog/2010-05-publica-tus-inmuebles-automaticamente-en-olx/">Tus inmuebles ahora en OLX</a></h4><p><a href="http://www.olx.com/">OLX</a> es uno de los sitios de clasificados más grandes y populares, ahora tus inmuebles son publicados automáticamente en OLX cuando eliges publicar en la red de EasyBroker. <a href="http://www.easybroker.com/es/blog/2010-05-publica-tus-inmuebles-automaticamente-en-olx/">Aprende más»</a></p><figure><img alt="AnthemiusPalettes-200" src="https://cdn-images-1.medium.com/max/200/0*MmbruW2OJHpfPtp1.jpg" /></figure><h4><a href="http://www.easybroker.com/es/blog/2010-05-%C2%A1nueva-plantilla-enfocada-en-el-agente/">Nueva plantilla para resaltar al agente inmobiliario</a></h4><p>Tenemos una nueva plantilla llamada Anthemius que es perfecta para agentes inmobiliarios que trabajan en grandes compañías o franquicias. Emil Montas, de República Dominicana, creó un lindo sitio web utilizando Anthemius para su compañía La Costa Destinations. <a href="http://www.easybroker.com/es/blog/2010-05-%C2%A1nueva-plantilla-enfocada-en-el-agente/">Aprende más»</a></p><figure><img alt="Collages" src="https://cdn-images-1.medium.com/max/200/0*Lsjz96AUHEUrm6FC.jpg" /></figure><h4><a href="http://www.easybroker.com/es/blog/2010-06-rediseno-del-editor-del-sitio-web/">Nuevo diseño para subir archivos y editar tu sitio web</a></h4><p>Lanzamos un diseño más sencillo y mejorado para el editor del sitio web. Con este rediseño también incluimos un administrador de imágenes que te permite subir fotos y otros archivos mientras editas cualquier página web. Las mejoras hacen más rápido y fácil manejar tu sitio web. <a href="http://www.easybroker.com/es/blog/2010-06-rediseno-del-editor-del-sitio-web/">Aprende más»</a><br><strong>Dinos lo que piensas</strong></p><p>Déjanos saber lo que piensas de estas novedades, de nuestro servicio o si tienes una historia genial sobre cómo usas EasyBroker para manejar mejor tu negocio. Puedes enviar retroalimentación o sugerencias a info@easybroker.com.</p>]]></content:encoded>
        </item>
        <item>
            <title><![CDATA[Nuevo en EasyBroker: Agrega información de contacto ]]></title>
            <link>https://blog.easybroker.com/nuevo-en-easybroker-agrega-informaci%C3%B3n-de-contacto-4efe3f792024</link>
            <guid isPermaLink="false">https://medium.com/p/4efe3f792024</guid>
            <category><![CDATA[easybroker]]></category>
            <category><![CDATA[novedades]]></category>
            <category><![CDATA[gestión-de-inmuebles]]></category>
            <dc:creator><![CDATA[Isaac Vázquez]]></dc:creator>
            <pubDate>Thu, 10 Jun 2010 20:12:38 GMT</pubDate>
            <atom:updated>2016-12-28T20:04:11.820Z</atom:updated>
            <content:encoded><![CDATA[<h3>Nuevo en EasyBroker: Agrega información de contacto</h3><p>Ahora puedes editar el contenido que aparece arriba del formulario de contacto que se muestra en tu sitio web y en todos los avisos de tus propiedades. Puedes incluir información de contacto o cualquier otra información que te gustaría mostrar.</p><figure><img alt="Contactos" src="https://cdn-images-1.medium.com/max/500/0*NA6pYeBQCN_D0h5y.jpg" /></figure><p>Para editar la información que aparece arriba del formulario de contacto en cada propiedad ve a Su Sitio Web dentro de tu cuenta de EasyBroker y edita la página web con el ID Propiedades. Cuando el editor de páginas web se abre, da click en la sección que dice Contáctenos y escriba lo que le gustaría que apareciera.</p>]]></content:encoded>
        </item>
        <item>
            <title><![CDATA[Nuevo en EasyBroker: Filtra clientes potenciales por fecha]]></title>
            <link>https://blog.easybroker.com/nuevo-en-easybroker-filtra-clientes-potenciales-por-fecha-e639c5a6dc0</link>
            <guid isPermaLink="false">https://medium.com/p/e639c5a6dc0</guid>
            <category><![CDATA[easybroker]]></category>
            <category><![CDATA[novedades]]></category>
            <dc:creator><![CDATA[Isaac Vázquez]]></dc:creator>
            <pubDate>Mon, 07 Jun 2010 21:54:10 GMT</pubDate>
            <atom:updated>2016-12-28T20:05:43.141Z</atom:updated>
            <content:encoded><![CDATA[<figure><img alt="Buscar campos avanzados" src="https://cdn-images-1.medium.com/max/500/0*dh_dQiNLUgJgTxYk.PNG" /></figure><p>El viernes añadimos una <a href="http://www.easybroker.com/es/blog/category/novedades/">característica</a> muy útil para ayudarte a <a href="http://www.easybroker.com/es/blog/category/gestion-clientes-potenciales/">manejar tus prospectos</a>. Ahora puedes filtrar tus clientes potenciales por la fecha en que fue creado. Busca todos tus clientes potenciales creados la semana pasada, el mes pasado, o el rango de fechas que quieras poner. Para filtrarlos por fechas, ve a la página principal de <em>Clientes Potenciales</em> y da click en el enlace <em>Búsqueda avanzada</em>, especifica el rango de fechas de la creación de prospectos y da click en buscar.</p>]]></content:encoded>
        </item>
        <item>
            <title><![CDATA[EasyBroker dice Adiós al Freemium]]></title>
            <link>https://blog.easybroker.com/easybroker-dice-adi%C3%B3s-al-freemium-a3c53f1bdb88</link>
            <guid isPermaLink="false">https://medium.com/p/a3c53f1bdb88</guid>
            <category><![CDATA[easybroker]]></category>
            <category><![CDATA[general]]></category>
            <dc:creator><![CDATA[Eric Northam]]></dc:creator>
            <pubDate>Mon, 07 Jun 2010 20:01:28 GMT</pubDate>
            <atom:updated>2016-12-28T20:04:17.333Z</atom:updated>
            <content:encoded><![CDATA[<p>Hace poco decidimos quitar el plan Free para las nuevas inscripciones o clientes actuales que quieran bajarse de un plan pago. Después de varios debates decidimos abandonar el modelo <a href="http://es.wikipedia.org/wiki/Freemium">Freemium</a>, porque creemos que nos ayudará a reducir los costos de soporte, incrementar valor para nuestros usuarios pagos y nos permite vender más al ser más fácil enfocarnos en los usuarios que tienen más probabilidad de convertirse a clientes pagos.</p><p>Me gusta el modelo negocios Freemium, en el que puedes ofrecer una versión gratuita de un producto o servicio y obtienes ingresos al convencer a los usuarios gratuitos de subirse a planes pagos por servicios adicionales, sin embargo no creo que que haya sido bueno para EasyBroker por varias razones.</p><p>Primero, “gratis” para los usuarios no significa gratis para nosotros. Gastamos un montón de tiempo dando soporte a nuestros usuarios gratuitos, respondiendo emails o llamadas telefónicas. Era genial cuando no teníamos muchos usuarios y estábamos felices por tener gente usando nuestro genial y nuevo producto, sin embargo comenzó a ponerse costoso y redujo nuestra habilidad para responder rápidamente a nuestros clientes pagos. Pudimos haber quitado fácilmente el soporte a usuarios gratuitos, pero parte de lo que queremos ofrecer es un increíble soporte y muchos de nuestros clientes pagos decidieron actualizarse debido al servicio que les prestamos.</p><p>También encontramos que estábamos gastando mucho tiempo/dinero desarrollando códigos para limitar a los usuarios gratis, manejar actualizaciones y bajas de plan y descubrir maneras de convencer a los usuarios a través de mensajes dentro de EasyBroker para subirse de plan. Con el periodo de prueba de 30 días no tenemos que preocuparnos de quitar características o tratar de mostrar a los usuarios cómo podría ser EasyBroker si se actualizaran. Tampoco debes preocuparte mucho por la información equivocada, ya que la cuenta expira. En nuestro caso, tenemos que auditar las propiedades que un usuario publica y asegurarnos que las personas no están creando sitios web inapropiados. Si durante una auditoria no las vemos, ahora al menos desaparecerán después del periodo de prueba.</p><p>Otro dilema que tuvimos fue saber qué características incluir y cuáles quitar en el plan pago. Acabamos mutilando nuestra aplicación para animar a los usuarios a subir de plan. Por ejemplo, no podías enviar emails de tus propiedades, publicar más de 5 avisos, subir archivos o usar tu propio nombre de dominio para tu sitio web, que eran características que estaban incluidas o que no tenían restricción en ningún plan pago. Estas características o limitaciones no parecían importantes para el usuario hasta que en realidad las usaban o pasaban los límites. Por ejemplo, es más probable de generar clientes potenciales de usuarios que publican muchas propiedades en EasyBroker, que de aquellos que publican 5 o menos.</p><p>También, el 99% de las veces los usuarios se inscribirán en un plan Free con las funcionalidades limitadas en lugar de un periodo de prueba de 30 días con todo incluido, sin importar cuán interesados estuvieran. Pudimos haber mejorado el formulario de inscripción para filtrar a más personas en los planes pagos, pero aún así estoy seguro que hubiéramos tenido un gran número de personas que se hubieran inscrito a una prueba de 30 días que a un plan pago. Así que las personas que se hubieran inscrito al periodo de prueba, si era la única opción era probar la versión limitada y luego decidir si actualizarse.</p><p>Nuestros clientes pagos (sólo he hablado con algunos desde el cambio hasta ahora) también están más contentos que no haya una versión gratuita, porque prefieren que su competencia no pueda publicar avisos a menos que paguen y sienten que aprovechan mejor EasyBroker al disfrutar de la exclusividad, desde que los únicos en el plan pago pueden usarlo. Así mismo, ofrecemos varias plantillas para sitios web y el valor de éstas disminuye al tener más gente usándolas. Estábamos planeando limitar ciertos temas a planes pagos, pero ahora no tendremos que preocuparnos por codificar esa pieza.</p><p>Otra gran ventaja de dejar el plan gratuito es que será más fácil para nosotros medir por conversiones y dar seguimientos a las personas que tengan más probabilidad de convertirse en un cliente pago. Antes atrajimos muchas personas haciendo negocios inmobiliarios en su tiempo libre, muchos de los cuales nunca se actualizarían de un plan gratuito o subirían un mes y luego se darían de baja. Perdimos dinero de personas que se inscribían por un mes o dos, por nuestros costos de adelanto. Estoy suponiendo que el usuario menos serio se abstendría de inscribirse en algo que deberá pagar después para seguir usando.</p><p>Al ofrecer sólo planes pagos restringimos las inscripciones a los usuarios más serios al precio de menos inscripciones (en las dos semanas que dejamos el plan gratis nuestra tasa de conversión es más o menos del 10% de lo que era antes). Dado que estamos casi seguros que las personas que se inscriben están mucho más cerca de nuestro público objetivo, podemos rastrear más fácilmente cuál de nuestras campañas de marketing están funcionando y después de los 30 días ver quiénes se convierten en clientes pagos. Antes de eso tomaría meses para que un usuario se actualizara y aún si teníamos una gran tasa de conversión, las personas que se inscribían no eran las adecuadas. Una evaluación, tal vez demasiado rápida desde que quitamos el Freemium, es que los usuarios en el periodo parecen más ansiosos para hacer su configuración y probar todo lo antes posible mientras que las ventas se estancarían por meses antes en el plan gratis. Todavía es apresurado juzgar, pero creo que podrá acelerar nuestro proceso de conversión.</p><p>Estoy seguro que perderemos algunos clientes que se subirían de plan sólo después de haber probado el gratuito, pero confío que sobre todo podremos mantener nuevos y clientes existentes más contentos y mejorar la conversión enfocándonos en convertir los usuarios más serios.</p><p>El modelo Freemium era genial para atraer a nuestros primeros clientes para que nos probaran, pero si lo hiciera de nuevo intentaría convencer a los usuarios para que se inscribieran en una cuenta paga y luego ofrecerles alguna especie de iniciativa para quedarse como un beta cliente en el caso de que el producto necesite de verdad un poco de desarrollo. Uno de los errores más grandes que cometí al comienzo fue asumir que no eramos lo suficientemente buenos para cobrar por nuestro producto, que veo que es un problema muy común con CEOs de tecnología (más seguido es el “no tan bueno para el síndrome de lanzamiento’). Generalmente, no es verdad y pensando de esa manera podemos tener un error bastante costoso si comienzas a gastar tiempo y desarrollo en tareas que en últimas lastimarán los resultados o en el peor de los casos, usar un modelo de negocios que no es el adecuado para tu empresa.</p><p>Después de un año de experimentar con el modelo de negocios Freemium, decidimos que no es el adecuado para nosotros. Me gusta el modelo Freemium y creo que es bueno para algunos negocios, pero si debes gastar dinero en tus usuarios gratuitos o tienes que quitar características para convencerlos de subir a un plan pago en lugar de ofrecer algo conocido y tangible como espacio de disco, me parece que el modelo de Freemiun puede no ser la decisión correcta.</p>]]></content:encoded>
        </item>
    </channel>
</rss>