<?xml version="1.0" encoding="UTF-8"?><rss xmlns:dc="http://purl.org/dc/elements/1.1/" xmlns:content="http://purl.org/rss/1.0/modules/content/" xmlns:atom="http://www.w3.org/2005/Atom" version="2.0" xmlns:cc="http://cyber.law.harvard.edu/rss/creativeCommonsRssModule.html">
    <channel>
        <title><![CDATA[EasyBroker - Medium]]></title>
        <description><![CDATA[Consejos, noticias y mejores prácticas para hacer más competitiva tu inmobiliaria. - Medium]]></description>
        <link>https://blog.easybroker.com</link>
        <image>
            <url>https://cdn-images-1.medium.com/proxy/1*TGH72Nnw24QL3iV9IOm4VA.png</url>
            <title>EasyBroker - Medium</title>
            <link>https://blog.easybroker.com</link>
        </image>
        <generator>Medium</generator>
        <lastBuildDate>Mon, 03 Dec 2018 18:45:57 GMT</lastBuildDate>
        <atom:link href="https://blog.easybroker.com/feed" rel="self" type="application/rss+xml"/>
        <webMaster><![CDATA[yourfriends@medium.com]]></webMaster>
        <atom:link href="http://medium.superfeedr.com" rel="hub"/>
        <item>
            <title><![CDATA[Nuevas mejoras en el manejo de clientes potenciales]]></title>
            <link>https://blog.easybroker.com/nuevas-mejoras-en-el-manejo-de-clientes-potenciales-5e108ed9bcf6</link>
            <guid isPermaLink="false">https://medium.com/p/5e108ed9bcf6</guid>
            <category><![CDATA[novedades]]></category>
            <category><![CDATA[easybroker]]></category>
            <dc:creator><![CDATA[Isaac Vázquez]]></dc:creator>
            <pubDate>Thu, 30 Sep 2010 22:10:10 GMT</pubDate>
            <atom:updated>2016-12-28T20:04:32.972Z</atom:updated>
            <content:encoded><![CDATA[<figure><img alt="Gestión de prospectos nuevos" src="https://cdn-images-1.medium.com/max/500/0*KLPZWb4wVzwRx1lY.png" /></figure><p>Esta mañana lanzamos algunos cambios en la <a href="http://www.easybroker.com/es/blog/category/gestion-clientes-potenciales/">gestión de prospectos</a> en EasyBroker. Decidimos que la sección de clientes potenciales debía comportarse de forma más similar a una casilla de correo electrónico para que resulte más fácil identificar cuales prospectos son nuevos y cuales ya fueron revisados.</p><p>Ahora cuando abras un cliente potencial lo marcamos automáticamente como ya visto. Si quieres también puedes usar el botón de <em>Marcar como no visto</em> para que el cliente se vuelva a mostrar como nuevo. El número de clientes potenciales nuevos se muestra ahora en el menú principal en lugar de mostrar los clientes potenciales no asignados. Los nuevos clientes potenciales se muestran en los resultados de la búsqueda en letra negrita, con un fondo gris y los puedes filtrar usando la barra de filtros lateral.</p><p>Este cambio hace que el manejo de clientes potenciales sea mas intuitivo y mas fácil identificar nuevos clientes que se van generando desde tu sitio web y otras fuentes.</p>]]></content:encoded>
        </item>
        <item>
            <title><![CDATA[Publica tu sitio web inmobiliario en Noruego, Sueco y Finlandes]]></title>
            <link>https://blog.easybroker.com/publica-tu-sitio-web-inmobiliario-en-noruego-sueco-y-finlandes-eb691d496da3</link>
            <guid isPermaLink="false">https://medium.com/p/eb691d496da3</guid>
            <category><![CDATA[novedades]]></category>
            <category><![CDATA[easybroker]]></category>
            <dc:creator><![CDATA[Isaac Vázquez]]></dc:creator>
            <pubDate>Fri, 24 Sep 2010 23:08:33 GMT</pubDate>
            <atom:updated>2016-12-28T20:04:40.376Z</atom:updated>
            <content:encoded><![CDATA[<figure><img alt="Dream Living Samui" src="https://cdn-images-1.medium.com/max/500/0*izjJ7D7o1H0nMd1N.png" /></figure><p>Jussi Hirvonen es el dueño de <a href="http://www.dreamlivingthailand.com/">Dream Living Thailand</a> y <a href="http://www.dreamlivingsamui.com/">Dream Living Samui</a>, dos sitios web de alquiler de propiedades para vacaciones en Tailandia orientado a clientes Escandinavos. El queria usar EasyBroker pero necesitaba publicar su sitio web en Noruego, Sueco y Finlandes, así que nos contacto pidiendo ayuda.</p><p>Ningún integrante de nuestro equipo habla estos idiomas así que le pedimos si podía ayudarnos con las traducciones. Afortunadamente nos ayudo y ahora, gracias a Jussi, todos nuestros clientes pueden publicar su sitio web en tres nuevos idiomas: Noruego, Sueco y Finlandes.</p><p>Muchas gracias nuevamente a Jussi y por favor no duden en contactarnos si desean que agreguemos otros idiomas.</p>]]></content:encoded>
        </item>
        <item>
            <title><![CDATA[Nuevo generador de reportes]]></title>
            <link>https://blog.easybroker.com/nuevo-generador-de-reportes-f898e6e318d4</link>
            <guid isPermaLink="false">https://medium.com/p/f898e6e318d4</guid>
            <category><![CDATA[gestión-de-inmuebles]]></category>
            <category><![CDATA[easybroker]]></category>
            <category><![CDATA[novedades]]></category>
            <dc:creator><![CDATA[Isaac Vázquez]]></dc:creator>
            <pubDate>Wed, 22 Sep 2010 13:51:26 GMT</pubDate>
            <atom:updated>2016-12-28T20:06:19.444Z</atom:updated>
            <content:encoded><![CDATA[<p>Exporta, visualiza e imprime tu información mas facílmente con el nuevo generador de reportes de EasyBroker.</p><p>Hemos agregado esta nueva funcionalidad para que puedas disponer de tu información de la forma que te resulte mas conveniente.</p><figure><img alt="Elige los items del reporte" src="https://cdn-images-1.medium.com/max/280/0*dvOC7wZpEBhbBzAc.png" /></figure><p>El primer paso es ingresar a la sección Propiedades, Contactos o Clientes Potenciales y elegir los contactos o propiedades que quieres incluir en tu reporte, puedes elegirlos manualmente o con la ayuda de cualquiera de nuestros filtros avanzados. Una vez seleccionados haz click en “Generar Reporte”. Se generara una tabla con la información de cada contacto o propiedad. Puedes imprimir facílmente esta información haciendo click en el icono de impresora a la derecha del listado, o copiar la información para pegarla en una planilla de Excel, Email u alguna otra aplicación a la que quieras exportar tu información. Haciendo click en “Agregar o Quitar Columnas” puedes elegir exactamente que columnas deseas ver en tu reporte.</p><figure><img alt="reporte-de-propiedades" src="https://cdn-images-1.medium.com/max/500/0*vlKfhMxP7mRsY78J.png" /></figure><p>Algunos ejemplos de como puedes utilizar los reportes para hacer tu trabajo más fácil:</p><ul><li>Genera un listado de propiedades a visitar o mostrar a un cliente, incluye el nombre y la dirección de cada propiedad.</li><li>Filtra por clientes potenciales generados en la ultima semana, e imprime un reporte para discutir con tu equipo.</li><li>Lista las propiedades mas visitadas de tu sitio web.</li><li>Copia las direcciones de email de tus clientes para crear una campaña de email.</li></ul><p>Nadie conoce tu negocio mejor que tu, es por esto que nos concentramos en hacer esta función flexible, para que se adapte a tus necesidades.</p><p>Esta es solo una primera versión de nuestro sistema de reportes, esperamos tus comentarios sobre los usos que le das y sugerencias para nuevas características.</p>]]></content:encoded>
        </item>
        <item>
            <title><![CDATA[Newsletter: Publica tus inmuebles en más sitios web inmobiliarios]]></title>
            <link>https://blog.easybroker.com/newsletter-publica-tus-inmuebles-en-m%C3%A1s-sitios-web-inmobiliarios-79598706ba8e</link>
            <guid isPermaLink="false">https://medium.com/p/79598706ba8e</guid>
            <category><![CDATA[novedades]]></category>
            <category><![CDATA[red-de-easybroker]]></category>
            <category><![CDATA[gestión-de-inmuebles]]></category>
            <dc:creator><![CDATA[Isaac Vázquez]]></dc:creator>
            <pubDate>Thu, 09 Sep 2010 16:11:49 GMT</pubDate>
            <atom:updated>2016-12-28T20:03:56.360Z</atom:updated>
            <content:encoded><![CDATA[<figure><img alt="Red de EasyBroker" src="https://cdn-images-1.medium.com/max/220/0*PDn1OQmAtuxsf-1y.jpg" /></figure><p>¡Ahora puedes publicar tus avisos en <strong>10 buscadores inmobiliarios con un solo click!</strong> Acabamos de agregar Mitula y AdsClasificados a la red de EasyBroker, cuando publiques una propiedad EasyBroker automáticamente la publicara en Trovit, Sumavisos, OLX, MoveGlobally.com, Oodle, Enormo, Vast, Yakaz, Mitula y AdsClasficados. No te olvides que también puedes <a href="http://www.easybroker.com/es/blog/2010-01-publica-tus-inmuebles-en-craigslist/">crear anuncios para Craigslist</a> muy fácilmente.</p><figure><img alt="New Email Enhancements" src="https://cdn-images-1.medium.com/max/250/0*AOdeQQap6gpq2Pkk.jpg" /></figure><p>Este ultimo mes también implementamos muchas mejoras para el envío de inmuebles por email. Ahora puedes enviar una descripción detallada de una propiedad y hasta enviar información de propiedades que has decidido no publicar. Puedes leer <a href="http://www.easybroker.com/es/blog/2010-09-nuevas-mejoras-en-los-emails-de-propiedades/">esta entrada</a> para más detalles sobre estas y otras mejoras en los emails de propiedades.</p><p>Recibimos muchos comentarios de clientes pidiendo la funcionalidad de buscar propiedades por precio en múltiples monedas y los escuchamos. Los clientes que visitan tu sitio web ahora pueden buscar propiedades en pesos, dolares u otras 15 monedas. El sistema toma el rango de precios ingresado por el usuario, lo convierte automáticamente utilizando información actualizada de la tasa de conversión y muestra las propiedades correspondientes. También agregamos la moneda a las búsquedas guardadas y la búsqueda avanzada de propiedades dentro de EasyBroker.</p><p>Como siempre tus comentarios y sugerencias son bienvenidos. Esperamos que disfrutes los nuevos cambios.</p>]]></content:encoded>
        </item>
        <item>
            <title><![CDATA[Ahora puedes publicar tus inmuebles en Mitula]]></title>
            <link>https://blog.easybroker.com/ahora-puedes-publicar-tus-inmuebles-en-mitula-7d58ec06efdb</link>
            <guid isPermaLink="false">https://medium.com/p/7d58ec06efdb</guid>
            <category><![CDATA[red-de-easybroker]]></category>
            <category><![CDATA[novedades]]></category>
            <category><![CDATA[gestión-de-inmuebles]]></category>
            <dc:creator><![CDATA[Isaac Vázquez]]></dc:creator>
            <pubDate>Thu, 02 Sep 2010 19:55:02 GMT</pubDate>
            <atom:updated>2016-12-28T20:04:18.496Z</atom:updated>
            <content:encoded><![CDATA[<figure><img alt="mitula-logo" src="https://cdn-images-1.medium.com/max/125/0*27ek9oGdV6mVagHr.png" /></figure><p>La semana pasada agregamos un nuevo sitio asociado a la lista de sitios donde puedes publicar tus inmuebles. Probablemente ya hayas tenido la suerte de recibir clientes potenciales provenientes de <a href="http://www.mitula.com/">Mitula</a>, nuestro nuevo sitio web asociado que publica anuncios inmobiliarios a más de 17 países.</p><p>Constantemente ampliamos la lista de sitios inmobiliarios donde publicamos tus propiedades automáticamente para que puedas generar mas clientes potenciales sin que tengas que llevar adelante la tediosa tarea de subir tu inventario una y otra vez.</p>]]></content:encoded>
        </item>
        <item>
            <title><![CDATA[Filtrar y ordenar propiedades en distintas monedas]]></title>
            <link>https://blog.easybroker.com/filtrar-y-ordenar-propiedades-en-distintas-monedas-8e816fdd77f2</link>
            <guid isPermaLink="false">https://medium.com/p/8e816fdd77f2</guid>
            <category><![CDATA[novedades]]></category>
            <category><![CDATA[gestión-de-inmuebles]]></category>
            <category><![CDATA[easybroker]]></category>
            <dc:creator><![CDATA[Isaac Vázquez]]></dc:creator>
            <pubDate>Wed, 01 Sep 2010 18:39:43 GMT</pubDate>
            <atom:updated>2016-12-28T20:04:19.670Z</atom:updated>
            <content:encoded><![CDATA[<p>Acabamos de agregar selección de moneda a las búsquedas de propiedades. Si tienes propiedades en distintas monedas, entonces esta funcionalidad es exactamente lo que necesitas.</p><p>Cuando busques una propiedad en un rango de precios podrás especificar la moneda en la que está expresado el precio. Por ejemplo, si tienes una propiedad a la venta en MX$1,500,000 (u$s114,000 al cambio actual), la verás en tus resultados de búsqueda cuando busques propiedades en venta entre u$s100,000 y u$s150,000.</p><p>[caption id=”attachment_1702&quot; align=”aligncenter” width=”430&quot; caption=”Tus clientes ahora pueden filtrar por precios en su moneda”]</p><figure><img alt="aoeu" src="https://cdn-images-1.medium.com/max/430/0*NpsORP39VPZ9LKI-.png" /></figure><p>[/caption]</p><p>Esto también aplica a los filtros y orden en tu sitio web, ahora tus clientes pueden filtrar por precios expresados en su propia moneda, haciendoles más fácil encontrar las propiedades que buscan.</p>]]></content:encoded>
        </item>
        <item>
            <title><![CDATA[Nuevas mejoras en los emails de propiedades]]></title>
            <link>https://blog.easybroker.com/nuevas-mejoras-en-los-emails-de-propiedades-e1aa0c465fa</link>
            <guid isPermaLink="false">https://medium.com/p/e1aa0c465fa</guid>
            <category><![CDATA[easybroker]]></category>
            <category><![CDATA[gestión-de-inmuebles]]></category>
            <dc:creator><![CDATA[Isaac Vázquez]]></dc:creator>
            <pubDate>Wed, 01 Sep 2010 17:28:58 GMT</pubDate>
            <atom:updated>2016-12-28T20:04:22.248Z</atom:updated>
            <content:encoded><![CDATA[<figure><img alt="Nuevo email de propiedad detallado" src="https://cdn-images-1.medium.com/max/678/0*a1tBdWU5oWwd738e.png" /></figure><p>Acabamos de lanzar muchas mejoras para que te resulte mas sencillo enviar emails con tus propiedades a clientes y colegas. Ahora cuando envíes un email con una sola propiedad, EasyBroker incluirá todos los detalles de la propiedad en vez del resumen que se enviaba anteriormente. La versión resumida se sigue utilizando cuando se envía mas de una propiedad en un mismo email.</p><p>Ahora no hace falta abandonar la página de envío de emails para crear un nuevo contacto para el destinatario. Simplemente ingresa la dirección de email y haz click en el link de “agregar”. Luego de enviar el email, EasyBroker creará automáticamente un nuevo contacto con el destinatario.</p><figure><img alt="Agregar destinatario" src="https://cdn-images-1.medium.com/max/462/0*-VBfXAz6NgsqcUFm.png" /></figure><p>Desde ahora puedes también enviar propiedades por email que no están publicadas en tu sitio web, así puedes enviar nuevos listados que no quieres publicar o viejas propiedades que ya fueron vendidas o alquiladas. Ten en cuenta que cuando envías propiedades que no están publicadas no incluimos un link a la propiedad en el email.</p><p>También mejoramos el diseño en general de la página <em>Envía tus propiedades por email</em> y agregamos mas información de ayuda. Esperamos que disfrutes de las nuevas funcionalidades y como siempre cualquier comentario es bienvenido.</p>]]></content:encoded>
        </item>
        <item>
            <title><![CDATA[Ahora es más fácil encontrar los inmuebles que tus clientes buscan]]></title>
            <link>https://blog.easybroker.com/ahora-es-m%C3%A1s-f%C3%A1cil-encontrar-los-inmuebles-que-tus-clientes-buscan-2d6d9b5b9715</link>
            <guid isPermaLink="false">https://medium.com/p/2d6d9b5b9715</guid>
            <category><![CDATA[gestión-de-inmuebles]]></category>
            <category><![CDATA[novedades]]></category>
            <category><![CDATA[easybroker]]></category>
            <dc:creator><![CDATA[Isaac Vázquez]]></dc:creator>
            <pubDate>Fri, 27 Aug 2010 21:37:01 GMT</pubDate>
            <atom:updated>2016-12-28T20:05:59.400Z</atom:updated>
            <content:encoded><![CDATA[<figure><img alt="Ahora filtrar por superficie" src="https://cdn-images-1.medium.com/max/500/0*M4vHKBdm5oKiPqns.png" /></figure><p>Agregamos un nuevo filtro a la barra lateral en la pestaña de propiedades que te permite buscar tus inmuebles y los de la red de EasyBroker por superficie total en metros cuadrados o pies cuadrados. También agregamos dos campos: superficie total mínima y superficie total máxima, a la búsqueda de propiedades que puedes guardar para tus clientes potenciales y tus contactos.</p><p>Esta nueva funcionalidad junto con la de guardar múltiples búsquedas hacen que las búsquedas de propiedad sean mucho más poderosas. Por favor avísanos si quieres que agreguemos otros campos a las búsquedas.</p>]]></content:encoded>
        </item>
        <item>
            <title><![CDATA[Publica ahora tus propiedades en AdsClasificados]]></title>
            <link>https://blog.easybroker.com/publica-ahora-tus-propiedades-en-adsclasificados-515f02b8ab4e</link>
            <guid isPermaLink="false">https://medium.com/p/515f02b8ab4e</guid>
            <category><![CDATA[red-de-easybroker]]></category>
            <category><![CDATA[novedades]]></category>
            <dc:creator><![CDATA[Isaac Vázquez]]></dc:creator>
            <pubDate>Wed, 25 Aug 2010 22:22:54 GMT</pubDate>
            <atom:updated>2016-12-28T20:04:02.122Z</atom:updated>
            <content:encoded><![CDATA[<p>Acabamos de agregar <a href="http://www.adsclasificados.com">AdsClasificados</a> como un nuevo miembro de la red de afiliados de EasyBroker para que puedas publicar todos tus listados de propiedades en AdsClasificados y todos los otros sitios afiliados con solo un click. AdsClasificados publica avisos en mas de 30 países y cuenta con sitios locales en múltiples idiomas.</p><p>Todos los avisos que ya hayas publicado en la red de EasyBroker van a aparecer automáticamente en AdsClasificados, no hay necesidad de publicarlos nuevamente.</p>]]></content:encoded>
        </item>
        <item>
            <title><![CDATA[Ahora puedes pagar en pesos Argentinos y Mexicanos]]></title>
            <link>https://blog.easybroker.com/ahora-puedes-pagar-en-pesos-argentinos-y-mexicanos-ac75a587ef7c</link>
            <guid isPermaLink="false">https://medium.com/p/ac75a587ef7c</guid>
            <category><![CDATA[easybroker]]></category>
            <category><![CDATA[novedades]]></category>
            <dc:creator><![CDATA[Isaac Vázquez]]></dc:creator>
            <pubDate>Fri, 20 Aug 2010 17:19:59 GMT</pubDate>
            <atom:updated>2016-12-28T20:03:59.822Z</atom:updated>
            <content:encoded><![CDATA[<figure><img alt="Planes en pesos Argentinos y Mexicanos" src="https://cdn-images-1.medium.com/max/300/0*wg3h2CSGADOfoajG.jpg" /></figure><p>Ayer actualizamos nuestros planes con precios en Pesos Argentinos y Mexicanos. Ahora aceptamos pagos con DineroMail en tu moneda local, de esta forma los precios no varían de mes a mes y para la mayoría de nuestros clientes es más conveniente pagar en su moneda.</p><p>Todavía aceptamos pagos en Dólares con tarjeta de crédito pero todos los pagos con DineroMail se harán desde ahora en Pesos Argentinos o Mexicanos. Los precios en estas monedas son ligeramente más altos para ajustarse a la fluctuación de la moneda y porque los redondeamos a un numero que se ve lindo.</p><p>Para ver los precios en Argentina o México tienes que elegir correctamente el país en la pagina de <a href="https://www.easybroker.com/agent/organization/edit">Configuraciones</a> en tu cuenta. Los precios solo se mostraran en dólares si tu organización esta configurada para otro país.</p>]]></content:encoded>
        </item>
    </channel>
</rss>