<?xml version="1.0" encoding="UTF-8"?><rss xmlns:dc="http://purl.org/dc/elements/1.1/" xmlns:content="http://purl.org/rss/1.0/modules/content/" xmlns:atom="http://www.w3.org/2005/Atom" version="2.0" xmlns:cc="http://cyber.law.harvard.edu/rss/creativeCommonsRssModule.html">
    <channel>
        <title><![CDATA[EasyBroker - Medium]]></title>
        <description><![CDATA[Consejos, noticias y mejores prácticas para hacer más competitiva tu inmobiliaria. - Medium]]></description>
        <link>https://blog.easybroker.com</link>
        <image>
            <url>https://cdn-images-1.medium.com/proxy/1*TGH72Nnw24QL3iV9IOm4VA.png</url>
            <title>EasyBroker - Medium</title>
            <link>https://blog.easybroker.com</link>
        </image>
        <generator>Medium</generator>
        <lastBuildDate>Mon, 03 Dec 2018 18:45:57 GMT</lastBuildDate>
        <atom:link href="https://blog.easybroker.com/feed" rel="self" type="application/rss+xml"/>
        <webMaster><![CDATA[yourfriends@medium.com]]></webMaster>
        <atom:link href="http://medium.superfeedr.com" rel="hub"/>
        <item>
            <title><![CDATA[¡Aprovecha la nueva característica de Interesados!]]></title>
            <link>https://blog.easybroker.com/aprovecha-la-nueva-caracter%C3%ADstica-de-interesados-b0eb3be3e24f</link>
            <guid isPermaLink="false">https://medium.com/p/b0eb3be3e24f</guid>
            <category><![CDATA[novedades]]></category>
            <dc:creator><![CDATA[Isaac Vázquez]]></dc:creator>
            <pubDate>Wed, 15 Jul 2015 01:16:45 GMT</pubDate>
            <atom:updated>2018-09-07T22:38:02.250Z</atom:updated>
            <content:encoded><![CDATA[<figure><img alt="" src="https://cdn-images-1.medium.com/max/512/1*fD48PpNDB7xDhEvw7oem4A.png" /></figure><p>Mejora el seguimiento que les brindas a tus clientes potenciales y siempre ten en cuenta con quién y qué tan cerca estás de cerrar exitosamente la negociación.</p><p>Para ayudarte con esto, mejoramos la sección de interesados tanto en la propiedad como en el contacto, e incluimos cada uno de los pedidos de información que te llegan vía web para que una vez que realices el seguimiento y hayas calificado a los clientes puedas asignarles distintos niveles y actualizar su historial.</p><p>Por ejemplo, si un cliente te dice que lo va a pensar, ahora puedes registrarlo en el CRM, lo mismo si te hace una oferta o si te confiesa que en realidad no le gustó la propiedad y te da sus razones. Esta información se mantendrá siempre visible en la sección de <em>Interesados</em>, que puedes ver tanto en el contacto como en la propiedad, para que la tengas disponible a primera vista. Adicionalmente, agregamos esta información en el historial del contacto y la propiedad, para que puedas llevar el registro de forma aún más precisa.</p><figure><img alt="" src="https://cdn-images-1.medium.com/max/795/1*AqV7KRpEHvvFXfewxjtbdg.png" /></figure><p>También agregamos la opción de imprimir la página de interesados, para que puedas mostrarle al propietario todas las personas que han demostrado interés en su propiedad junto con sus comentarios y sus distintos niveles de interés. Este reporte te brindará una excelente imagen ante tus propietarios, pues podrás mostrarles fácilmente que has hecho un excelente y detallado seguimiento a cada una de las personas que han mostrado interés en su propiedad.</p><figure><img alt="" src="https://cdn-images-1.medium.com/max/812/1*4eatWB1SI6Ho6gGlUwXL4w.png" /></figure><p>Utilizar esta nueva característica es muy sencillo: puedes utilizarla desde la ficha de contacto o desde la de la propiedad haciendo clic en la pestaña de <em>Le interesó</em> o <em>Interesados</em> respectivamente. En esa sección podrás utilizar el botón de <em>Actualizar estatus</em>, que te brinda las siguientes opciones de estatus:</p><ul><li>Interesado</li><li>No le gustó</li><li>Lo pensará</li><li>No le alcanza</li><li>Precio Elevado</li><li>Ofertó</li><li>Otro</li></ul><p>Adicionalmente tienes la posibilidad de agregar comentarios para registrar más detalles que el cliente te haya dado. Recuerda: cada que actualices el estatus se guardará también en el historial del cliente y en el de la propiedad. Con el pequeño botón de la impresora es como puedes imprimir toda la lista de interesados y mostrárselo fácilmente al propietario. Si quieres imprimir todas las propiedades que le interesaron a un contacto, también puedes hacerlo entrando a su ficha, haciendo clic en la sección de <em>Le interesó</em> y luego en el botón de la impresora.</p><p>Queremos saber tu opinión respecto a estas nuevas características. Cuéntanos en la sección de comentarios cómo utilizarás la sección de <em>Interesados</em>.</p>]]></content:encoded>
        </item>
        <item>
            <title><![CDATA[¡Crea tu propio directorio de agentes!]]></title>
            <link>https://blog.easybroker.com/crea-tu-propio-directorio-de-agentes-49a4d0491012</link>
            <guid isPermaLink="false">https://medium.com/p/49a4d0491012</guid>
            <category><![CDATA[diseño-web]]></category>
            <category><![CDATA[novedades]]></category>
            <dc:creator><![CDATA[Isaac Vázquez]]></dc:creator>
            <pubDate>Wed, 08 Jul 2015 15:38:47 GMT</pubDate>
            <atom:updated>2018-09-07T22:19:38.374Z</atom:updated>
            <content:encoded><![CDATA[<p>¡Mejora la imagen de tu inmobiliaria y genera una sensación de cercanía y trabajo en equipo mostrando a tu equipo de ventas! Tus clientes sabrán inmediatamente quiénes son tus asesores, y ellos mismo se sentirán reconocidos y valiosos. Si quieres disfrutar estos beneficios, lo puedes hacer fácilmente en EasyBroker con la nueva característica del <em>Directorio de agentes</em> que agregamos para que puedas colocarla en tu sitio web.</p><figure><img alt="" src="https://cdn-images-1.medium.com/max/1024/1*zoBbJeh8DUNAVAdRvhZx6g.png" /></figure><p>Para crear el directorio, lo único que tienes que hacer es entrar a EasyBroker como usuario administrador y hacer clic en <em>Mi Sitio Web</em>. Dentro del menú del editor del sitio, ve a la pestaña de <em>Páginas</em> y haz clic en el botón azul que dice <em>Agrega una nueva página web</em>. Después sólo selecciona que el formato de página sea <em>Directorio de agentes</em> y listo, los visitantes a tu sitio web ya podrán ver a tu equipo de ventas.</p><figure><img alt="" src="https://cdn-images-1.medium.com/max/812/1*PNM3R1cFOLDT6A8mIpwQzA.png" /></figure><p>Recuerda, para que tus agentes aparezcan con fotografía deben tener una en su perfil. Esto lo pueden editar ellos mismos en la parte superior derecha de EasyBroker, en la sección de <em>Mi Perfil</em>. Si quieres ahorrarles trabajo, como administrador puedes agregar sus fotografías desde la sección de Usuarios, en Configuraciones.</p><p>Esto es una ventaja adicional del directorio de agentes: se alimenta directamente de la información que tienes en tus usuarios y se puede actualizar de forma muy rápida. Además, si un nuevo contacto quiere hablar específicamente con uno de tus asesores y lo contacta a través del directorio, EasyBroker creará el contacto y lo asignará directamente al agente.</p><p>¿Qué opinas de esta nueva característica? ¿La usarás en tu sitio web? Déjanos saber en los comentarios.</p>]]></content:encoded>
        </item>
        <item>
            <title><![CDATA[¡Añade usuarios extra a tu plan!]]></title>
            <link>https://blog.easybroker.com/a%C3%B1ade-usuarios-extra-a-tu-plan-3ab8a3c5dcb9</link>
            <guid isPermaLink="false">https://medium.com/p/3ab8a3c5dcb9</guid>
            <category><![CDATA[easybroker]]></category>
            <dc:creator><![CDATA[Isaac Vázquez]]></dc:creator>
            <pubDate>Sat, 04 Jul 2015 00:11:25 GMT</pubDate>
            <atom:updated>2018-09-07T22:00:46.029Z</atom:updated>
            <content:encoded><![CDATA[<p>El sector inmobiliario es dinámico y cambiante, por lo que es normal que la cantidad de agentes que trabajan en tu inmobiliaria crezca. Para que los nuevos integrantes de tu inmobiliaria puedan ingresar a EasyBroker en cuanto se incorporen a tu equipo de trabajar sin tener que esperar a que tengamos que cambiar la configuración de tu cuenta hemos agregado una herramienta que te permite gestionar rápidamente los usuarios que hay en tu cuenta.</p><figure><img alt="" src="https://cdn-images-1.medium.com/max/823/1*qIFh77CJoSfu95fYfPwPdA.png" /></figure><p>Para aprovechar esta herramienta, debes ir a <em>Configuraciones</em> y hacer clic en <em>Planes y Facturación</em>. Aquí selecciona <em>Editar plan o método de pago, </em>verás que aparece el número de usuarios y elige la cantidad que quieres sumar.</p><figure><img alt="" src="https://cdn-images-1.medium.com/max/812/1*yvnZqJISCuot0aJ-m_IP3g.png" /></figure><p>Algo importante es que si pagas mes a mes, deberás cubrir la diferencia por los usuarios extra hasta tu propio periodo de pago. Si faltan más de treinta días para tu siguiente pago, generaremos una referencia de pago para que cubras únicamente la diferencia de los meses que te quedan. Por ejemplo, si pagaste doce meses y en el cuarto mes tu inmobiliaria crece y agregas dos usuarios más, sólo pagarás el monto por los ocho meses restantes, pero disfrutando el descuento del treinta por ciento que corresponde al pago del año.</p><p>Agregamos esta característica para que puedas ajustar el número de tus usuarios sin tener que notificarnos. Déjanos saber qué te parece, recuerda que en EasyBroker queremos saber tus necesidades para mejorar aún más nuestro producto.</p>]]></content:encoded>
        </item>
        <item>
            <title><![CDATA[Mejoramos la forma de enviar fichas de propiedad]]></title>
            <link>https://blog.easybroker.com/mejoramos-la-forma-de-enviar-fichas-de-propiedad-2fc962d3ac42</link>
            <guid isPermaLink="false">https://medium.com/p/2fc962d3ac42</guid>
            <category><![CDATA[novedades]]></category>
            <category><![CDATA[easybroker]]></category>
            <dc:creator><![CDATA[Isaac Vázquez]]></dc:creator>
            <pubDate>Fri, 03 Jul 2015 01:29:57 GMT</pubDate>
            <atom:updated>2018-09-07T22:44:01.709Z</atom:updated>
            <content:encoded><![CDATA[<p>Actualmente, para enviar varias fichas de propiedad es necesario seleccionarlas en tu inventario y luego apretar el botón de <em>Email</em>. Escuchamos sus sugerencias para mejorar este proceso y decidimos hacerlo mucho más rápido y sencillo. Ya no tendrás que seleccionar propiedad por propiedad en tu inventario, sino que cuando envíes una sola ficha de propiedad podrás usar un pequeño buscador que te permitirá agregar hasta otras catorce propiedades para que las envíes.</p><figure><img alt="" src="https://cdn-images-1.medium.com/max/812/1*2h-aOP7J9kc-qJFNHSOLBg.png" /></figure><p>El buscador es muy sencillo de usar ya que es intuitivo, así que puedes buscar propiedades con partes del título, la clave pública, etcétera. Cuando muestre el resultado que deseas, sólo debes hacer clic sobre él y se agregará a lista de propiedades que enviarás. Recuerda: puedes enviar hasta 10 propiedades a 5 contactos distintos.</p><p>Junto con el buscador, hemos agregado una opción para que puedas elegir el estilo del email que vas a enviar. Los estilos son dos: el primero te muestra en grande la ficha de todas las propiedades que envías, con todos los detalles del anuncio, mientras que el segundo muestra el título, el precio y algunos datos más en un formato más compacto, ideal cuando estás enviando más de tres propiedades y quieres que el cliente pueda verlas rápidamente.</p><figure><img alt="Escoge el formato de mails" src="https://cdn-images-1.medium.com/max/501/0*t7gdxbIwBNZRF6x5.jpg" /></figure><p>Para decidir qué estilo de email enviarás, sólo debes hacer clic en el botón correspondiente de cada formato. Si quieres ver cómo se verá, tienes el botón de <em>Vista previa.</em></p><p>¿Qué te parecen estas nuevas características? Compártenos tu opinión en la sección de comentarios.</p>]]></content:encoded>
        </item>
        <item>
            <title><![CDATA[Conoce el nuevo editor y organizador de etiquetas]]></title>
            <link>https://blog.easybroker.com/conoce-el-nuevo-editor-y-organizador-de-etiquetas-3cf2dd02b64d</link>
            <guid isPermaLink="false">https://medium.com/p/3cf2dd02b64d</guid>
            <category><![CDATA[gestión-de-inmuebles]]></category>
            <category><![CDATA[easybroker]]></category>
            <category><![CDATA[novedades]]></category>
            <dc:creator><![CDATA[Isaac Vázquez]]></dc:creator>
            <pubDate>Mon, 15 Jun 2015 20:26:22 GMT</pubDate>
            <atom:updated>2018-09-07T20:52:01.571Z</atom:updated>
            <content:encoded><![CDATA[<p>Así como puedes editar tus fuentes de clientes potenciales, ahora también puedes editar las etiquetas que usas en el CRM de forma fácil y rápida. Lo único que tienes que hacer es entrar a la nueva sección de<em> Etiquetas</em> dentro de <em>Configuraciones</em> para que puedas ver el listado completo de las que tienes, editarlas, eliminarlas y unirlas cuando estén repetidas.</p><figure><img alt="" src="https://cdn-images-1.medium.com/max/812/1*WR7DnZNURZBOtnPgZhMxxg.png" /></figure><p>El funcionamiento de esta nueva sección es idéntico al que utilizas para editar las fuentes de clientes potenciales, que te explicamos anteriormente en <a href="http://blog.easybroker.com/es/2015-05-organiza-y-edita-tus-fuentes-de-clientes-potenciales/">esta entrada de nuestro blog</a>, la única diferencia es que tienes dos pestañas en el editor: una es para las etiquetas que usas para los contactos y la otra para las que utilizas con las propiedades. Como puedes ver, esta nueva característica es sumamente fácil de usar y seguramente facilitará el manejo de las etiquetas que utilizas para filtrar tanto tu inventario como tus contactos.</p>]]></content:encoded>
        </item>
        <item>
            <title><![CDATA[Sube tu propia imagen de portada a la plantilla Oslo]]></title>
            <link>https://blog.easybroker.com/sube-tu-propia-imagen-de-portada-a-la-plantilla-oslo-4698a06d2d9d</link>
            <guid isPermaLink="false">https://medium.com/p/4698a06d2d9d</guid>
            <category><![CDATA[easybroker]]></category>
            <category><![CDATA[diseño-web]]></category>
            <dc:creator><![CDATA[Isaac Vázquez]]></dc:creator>
            <pubDate>Mon, 15 Jun 2015 15:18:23 GMT</pubDate>
            <atom:updated>2018-09-07T20:46:56.701Z</atom:updated>
            <content:encoded><![CDATA[<p>Una página web con una imagen personalizada dice mucho de ti: estás diciéndole a tus clientes que te tomas el tiempo para cuidar todos los aspectos de tu negocio, que pones énfasis en los detalles y que quieres destacar de entre los demás.</p><p>Para que puedas darle un toque aún más personal a tu sitio web de EasyBroker, modificamos la plantilla Oslo para que puedas editar de forma muy sencilla la imagen grande que aparece de fondo y que da la bienvenida a tus clientes potenciales.</p><p>Para hacer esto, lo único que tienes que hacer es entrar a <em>Mi Sitio Web</em>, en el menú de EasyBroker. Una vez ahí, verás que la imagen de la plantilla Oslo ahora tiene un botón de editar en la esquina superior izquierda.</p><figure><img alt="" src="https://cdn-images-1.medium.com/max/812/1*39IVG2XjFeWX8aRUEJPm1A.png" /></figure><p>Al hacer clic en el lápiz, se abrirá un recuadro blanco en donde podrás elegir otra fotografía o cargar una nueva que tú hayas tomado o diseñado. Te recomendamos utilizar imágenes con un mínimo de 1400 pixeles de ancho por 400 pixeles de alto. Recuerda también que debes ser dueño de la fotografía o tener permiso para usarla en tu sitio web.</p><figure><img alt="" src="https://cdn-images-1.medium.com/max/712/1*cAtM7uIkkX77q8LrLjvosQ.png" /></figure><p>Una vez que hayas subido la imagen deseada, haz clic en el botón azul que dice <em>Guardar</em> y ¡listo! Tu sitio web mostrará la foto que cargaste y tus clientes podrán verla. Puedes cambiar de imagen tan seguido como quieras, para que cada que alguien entre a tu página se encuentre con una sorpresa. Te invitamos a experimentar con distintas imágenes y diseños y compartirnos la nueva cara de tu sitio web en los comentarios.</p>]]></content:encoded>
        </item>
        <item>
            <title><![CDATA[¡Mejoramos el mapa de propiedades!]]></title>
            <link>https://blog.easybroker.com/mejoramos-el-mapa-de-propiedades-20d06ef946d7</link>
            <guid isPermaLink="false">https://medium.com/p/20d06ef946d7</guid>
            <category><![CDATA[novedades]]></category>
            <category><![CDATA[red-de-easybroker]]></category>
            <category><![CDATA[easybroker]]></category>
            <dc:creator><![CDATA[Isaac Vázquez]]></dc:creator>
            <pubDate>Thu, 11 Jun 2015 18:54:06 GMT</pubDate>
            <atom:updated>2018-09-07T20:40:19.247Z</atom:updated>
            <content:encoded><![CDATA[<p>Recientemente <a href="http://blog.easybroker.com/es/2015-05-echa-un-vistazo-a-la-nueva-forma-de-encontrar-propiedades-y-clientes-potenciales/">implementamos un nuevo mapa</a> en EasyBroker que te permite buscar propiedades tanto en tu inventario como en la Red de EasyBroker de forma sencilla y rápida. Para mejorarlo aún más, y escuchando las sugerencias de algunos de nuestros clientes, ahora si haces clic en las propiedades del mapa podrás ver un breve resumen sin tener que entrar a la ficha. Esto facilitará tus búsquedas a través del mapa, especialmente cuando estás en la Red de EasyBroker y quieres saber rápidamente si una propiedad tiene lo que está buscando tu cliente.</p><figure><img alt="" src="https://cdn-images-1.medium.com/max/412/1*Wf_IjDjQO2ZRy5-CbO23iw.png" /></figure><p>El pequeño letrero muestra el nombre de la propiedad, la foto principal, su precio y el tipo de operación. Si haces clic en el título, puedes ir a la ficha de propiedad para ver más detalles y seguir con el proceso. Esta función hace que el mapa se convierta en un nuevo aliado para ti en la búsqueda de propiedades, pues puede ayudarte a descubrir inmuebles cercanos y con un sólo clic podrás saber a primera vista si entra dentro del rango de precio de tu cliente o si es lo que está buscando.</p><p>Cuéntanos qué opinas de esta mejora en nuestra sección de comentarios. Como puedes ver, escuchar a nuestros clientes nos ayuda a mejorar: ¡dinos qué opinas!</p>]]></content:encoded>
        </item>
        <item>
            <title><![CDATA[¡Agregamos nuevos estatus para clientes potenciales!]]></title>
            <link>https://blog.easybroker.com/agregamos-nuevos-estatus-para-clientes-potenciales-e214dafa571e</link>
            <guid isPermaLink="false">https://medium.com/p/e214dafa571e</guid>
            <category><![CDATA[novedades]]></category>
            <category><![CDATA[easybroker]]></category>
            <dc:creator><![CDATA[Isaac Vázquez]]></dc:creator>
            <pubDate>Thu, 11 Jun 2015 00:25:45 GMT</pubDate>
            <atom:updated>2018-09-07T20:26:25.929Z</atom:updated>
            <content:encoded><![CDATA[<p>Uno de los aspectos más importantes en el negocio inmobiliario es darle el mejor seguimiento posible a los clientes y siempre tener en cuenta cómo va el proceso de venta. Para que tengas un mayor control de esto, hemos cambiado el estatus de los clientes potenciales para que sea aún más descriptivo y sepas exactamente en qué etapa se encuentran, facilitando el trabajo de tus asesores, mejorando el seguimiento y la comunicación.</p><figure><img alt="" src="https://cdn-images-1.medium.com/max/600/1*TRnDjzOVXqxjiqbOMqpupw.png" /></figure><p>Cuando un cliente llega a ti, será un contacto <em>Nuevo</em> con el que debes establecer comunicación. Una vez que lo hayas hecho, puedes marcarlo como <em>Contactado</em> antes de calificarlo. Un cliente <em>Activo</em> ya fue calificado, y es con el que estarás trabajando haciéndole seguimiento. El cliente <em>Futuro</em> es uno que es calificado, pero por cualquier circunstancia está un poco en pausa; lo mejor será volver a buscarlo más adelante. <em>Cerrado</em> es el estatus que debes colocar para los clientes con los que la negociación fue exitosa. Finalmente, <em>Descartado</em> indica que ese cliente no es una posible venta y no hay que darle seguimiento.</p><p>Una ventaja adicional es que estos estatus nuevos también te sirven como filtro: si un día quieres saber cuántos clientes cerrados tienes, o quieres tomarte una tarde para llamar a todos los Futuros y saber si han cambiado de opinión, podrás filtrar fácilmente. Sólo tienes que utilizar el filtro de <em>Estatus</em> en la sección de <em>Contactos</em>.</p><figure><img alt="" src="https://cdn-images-1.medium.com/max/712/1*8L_JXSIjgdzDi-JjvMiwXQ.png" /></figure><p>Realizamos estos cambios pensando en que sean útiles para ti y tu equipo. Nos encantaría conocer tu opinión sobre ellos.</p>]]></content:encoded>
        </item>
        <item>
            <title><![CDATA[Organiza y edita tus fuentes de clientes potenciales]]></title>
            <link>https://blog.easybroker.com/organiza-y-edita-tus-fuentes-de-clientes-potenciales-2aafe1464b30</link>
            <guid isPermaLink="false">https://medium.com/p/2aafe1464b30</guid>
            <dc:creator><![CDATA[Isaac Vázquez]]></dc:creator>
            <pubDate>Tue, 19 May 2015 15:41:22 GMT</pubDate>
            <atom:updated>2018-08-27T22:50:19.502Z</atom:updated>
            <content:encoded><![CDATA[<p>Sabemos lo importante que es para ti medir con precisión de dónde provienen tus clientes potenciales y conocer cuáles son las fuentes que te funcionan mejor para generar nuevos leads. Con esto en mente, ahora puedes controlar con mucha precisión las fuentes de clientes potenciales de tu inmobiliaria: podrás ver una lista de todas las que tienes, editar su nombre, eliminarlas en caso de que las hayas creado por error y unirlas para reorganizarlas.</p><p>Para poder administrar tus fuentes tienes que entrar a <em>Configuraciones, </em>busca<em> Configuraciones avanzadas </em>y da clic en <em>Fuentes de clientes potenciales</em>:</p><figure><img alt="" src="https://cdn-images-1.medium.com/max/812/1*hCCdrREfkdidbRDmIhkkGA.png" /></figure><p>Dentro de esta nueva sección podrás ver el listado de las fuentes que hay en tu cuenta. Tienes cuatro distintas opciones: <em>Editar</em>, <em>Añadir fuente</em>, <em>Eliminar</em> y <em>Unir</em>.</p><figure><img alt="" src="https://cdn-images-1.medium.com/max/712/1*WWAqr0zakr4KYyWAohhzWQ.png" /></figure><p>Cuando quieras utilizar el botón de <em>Unir</em>, debes dar clic en la fuente que quieres que se incluya dentro de otra. Por ejemplo, en la imagen superior para que la fuente <em>Prospección</em> sea absorbida por <em>Referido</em>, habría que dar clic en el botón de <em>Unir</em> de <em>Prospección</em>. De este modo, los contactos cuya fuente era <em>Prospección</em> ahora tendrán <em>Referido</em>, para evitar duplicados o confusiones. Esta modificación te ayudará a refinar el reporte de <em>Fuente de clientes potenciales</em>, que muestra en una gráfica de pastel todas tus fuentes. También tendrás un mejor control de las fuentes que agregan tus asesores, y podrás corregir cualquier error tipográfico o duplicación.</p>]]></content:encoded>
        </item>
        <item>
            <title><![CDATA[¡Echa un vistazo a la nueva forma de encontrar propiedades y clientes potenciales!]]></title>
            <link>https://blog.easybroker.com/echa-un-vistazo-a-la-nueva-forma-de-encontrar-propiedades-y-clientes-potenciales-e9a4fe81f065</link>
            <guid isPermaLink="false">https://medium.com/p/e9a4fe81f065</guid>
            <category><![CDATA[red-de-easybroker]]></category>
            <category><![CDATA[easybroker]]></category>
            <category><![CDATA[novedades]]></category>
            <category><![CDATA[gestión-de-inmuebles]]></category>
            <dc:creator><![CDATA[Isaac Vázquez]]></dc:creator>
            <pubDate>Sat, 09 May 2015 21:33:22 GMT</pubDate>
            <atom:updated>2018-08-27T22:39:42.460Z</atom:updated>
            <content:encoded><![CDATA[<p>Estrenamos un mapa de búsqueda y mejoras en los filtros de propiedades y contactos: ahora puedes encontrar propiedades tanto en tu inventario como en la red de EasyBroker a través de la localización geográfica, lo que aumenta tus posibilidades de encontrar inmuebles que se adecuen a las necesidades de tus clientes. Dentro de la búsqueda de inmuebles y contactos, las mejoras consisten en que los filtros ahora se encuentran localizados en la parte superior de la pantalla para que te sea más fácil encontrar lo que deseas.</p><figure><img alt="" src="https://cdn-images-1.medium.com/max/332/1*50lqBzIQ-pgShu1LLBwQeg.png" /></figure><p>Para buscar propiedades de tu inventario o de otros agentes inmobiliarios usando el mapa, tienes que seleccionar la casilla <em>“Buscar usando el mapa“ </em>y escoger la ubicación poniendo el ratón de tu computadora sobre el mapa y arrastrándolo. El mapa te mostrará un listado de las propiedades que se encuentren dentro de la zona geográfica que escogiste para que puedas descubrir inmuebles que quizás no habías considerado y que podrían ser justo lo que estás buscando.</p><p>La barra de filtros desplegable en propiedades y contactos es más amigable y te permite ahorrar tiempo cuando realizas una búsqueda. Para tener resultados de propiedades con criterios de búsqueda más específicos puedes usar los filtros de la parte superior de la pantalla y el mapa a la vez.</p><figure><img alt="" src="https://cdn-images-1.medium.com/max/638/1*XLUs3KZBLLYSU9tgOFmWMg.gif" /></figure><p>Obtén una eficiente y rápida búsqueda de propiedades, una mejor visualización de tus fuentes de clientes potenciales y la posibilidad de descubrir inmuebles para colaborar con otros asesores.</p>]]></content:encoded>
        </item>
    </channel>
</rss>