<?xml version="1.0" encoding="UTF-8"?><rss xmlns:dc="http://purl.org/dc/elements/1.1/" xmlns:content="http://purl.org/rss/1.0/modules/content/" xmlns:atom="http://www.w3.org/2005/Atom" version="2.0" xmlns:cc="http://cyber.law.harvard.edu/rss/creativeCommonsRssModule.html">
    <channel>
        <title><![CDATA[EasyBroker - Medium]]></title>
        <description><![CDATA[Consejos, noticias y mejores prácticas para hacer más competitiva tu inmobiliaria. - Medium]]></description>
        <link>https://blog.easybroker.com</link>
        <image>
            <url>https://cdn-images-1.medium.com/proxy/1*TGH72Nnw24QL3iV9IOm4VA.png</url>
            <title>EasyBroker - Medium</title>
            <link>https://blog.easybroker.com</link>
        </image>
        <generator>Medium</generator>
        <lastBuildDate>Mon, 03 Dec 2018 18:45:57 GMT</lastBuildDate>
        <atom:link href="https://blog.easybroker.com/feed" rel="self" type="application/rss+xml"/>
        <webMaster><![CDATA[yourfriends@medium.com]]></webMaster>
        <atom:link href="http://medium.superfeedr.com" rel="hub"/>
        <item>
            <title><![CDATA[Añade información adicional de tu empresa e impuestos a tus recibos ]]></title>
            <link>https://blog.easybroker.com/a%C3%B1ade-informaci%C3%B3n-adicional-de-tu-empresa-e-impuestos-a-tus-recibos-92b4b94b7add</link>
            <guid isPermaLink="false">https://medium.com/p/92b4b94b7add</guid>
            <category><![CDATA[easybroker]]></category>
            <category><![CDATA[novedades]]></category>
            <dc:creator><![CDATA[Isaac Vázquez]]></dc:creator>
            <pubDate>Fri, 08 Jul 2011 17:37:53 GMT</pubDate>
            <atom:updated>2016-12-28T20:04:37.594Z</atom:updated>
            <content:encoded><![CDATA[<h3>Añade información adicional de tu empresa e impuestos a tus recibos</h3><p>Algunos de nuestros clientes solicitaron la posibilidad de añadir información especifica sobre sus impuestos o empresa (por ejemplo su dirección) a todas las facturas que les enviamos. Ahora puedes añadir tu propia información siguiendo estos pasos:</p><ol><li>Ingresa en tu cuenta y haz click en el enlace de <a href="http://www.easybroker.com/agent/organization/edit"><em>Configuraciones</em></a> en la parte de arriba de la página.</li><li>Haz click en <em>Planes y Facturación</em>.</li><li>Como puedes ver en la foto, haz click en el enlace para cambiar tu información de recibo.</li></ol><figure><img alt="" src="https://cdn-images-1.medium.com/max/500/0*aAYDbZtNuSbDnSjs.png" /></figure><ol><li>Ingresa cualquiera información que quieras que esté incluida en tus facturas, como la dirección de tu empresa, datos de impuestos, y más.</li></ol><figure><img alt="" src="https://cdn-images-1.medium.com/max/500/0*xi7rRgCbA40COhRx.png" /></figure><ol><li>Haz click en <em>Actualizar </em>y listo.</li></ol><p>Tu próxima factura va a incluir esta información, como se muestra abajo.</p><figure><img alt="" src="https://cdn-images-1.medium.com/max/470/0*FtvD236xlcsdk0hC.png" /></figure>]]></content:encoded>
        </item>
        <item>
            <title><![CDATA[Convierte más clientes con la estrategia de “El Agente Inmobiliario Campeón” en gestión de clientes potenciales]]></title>
            <link>https://blog.easybroker.com/convierte-m%C3%A1s-clientes-con-la-estrategia-de-el-agente-inmobiliario-campe%C3%B3n-en-gesti%C3%B3n-de-clientes-748f50447a4d</link>
            <guid isPermaLink="false">https://medium.com/p/748f50447a4d</guid>
            <category><![CDATA[consejos]]></category>
            <category><![CDATA[general]]></category>
            <dc:creator><![CDATA[Isaac Vázquez]]></dc:creator>
            <pubDate>Mon, 04 Jul 2011 16:58:34 GMT</pubDate>
            <atom:updated>2016-12-28T20:04:40.369Z</atom:updated>
            <content:encoded><![CDATA[<p>Para ser un agente inmobiliario exitoso, hay que saber <a href="http://www.easybroker.com/es/blog/category/gestion-clientes-potenciales/">gestionar tus clientes potenciales</a>. Poder gestionar y finalmente convertir los clientes potenciales en clientes es lo que hará que tu negocio sea rentable. La falta de esta habilidad puede causar un desastre en tu negocio. Tenemos algunos consejos para que puedas gestionar eficazmente tus cliente potenciales y te mostraremos como hacerlo utilizando EasyBroker como herramienta para facilitar este proceso. Los consejos de este artículo han sido adaptados del libro <a href="http://www.amazon.com/Champion-Real-Estate-Agent-Knock/dp/0071484337/ref=sr_1_1?ie=UTF8&amp;qid=1308858028&amp;sr=8-1">The Champion Real Estate Agent</a> por Dirk Zeller. Esta es una de las muchas formas de gestionar los clientes potenciales, pero creemos que es una manera muy útil.</p><figure><img alt="" src="https://cdn-images-1.medium.com/max/188/0*UVDjxjQqxNJg0GzM.jpg" /></figure><p>Puedes encontrar clientes potenciales en casi todos lados (<a href="http://www.easybroker.com/es/blog/2011-06-10-razones-por-que-nunca-vas-a-generar-clientes-potenciales-usando-redes-sociales/">en la Web</a>, por teléfono, personalmente), el aspecto más importante del proceso es averiguar cuales de los clientes potenciales son los mejores y después trabajar para convertirlos en clientes. Un cliente potencial malo te hará perder tu energía y tu tiempo sin darte un negocio a cambio. Al realizar el seguimiento de los clientes potenciales que has creado, una de las cosas más importantes que debes hacer es descalificar aquellos con los cuales no tienes una buena oportunidad de trabajar. Resulta especialmente importante descalificar a los que dicen que posiblemente vayan a trabajar contigo pero son muy evasivos. Si vas a gastar tiempo y energía tratando de convertir a esos clientes potenciales sólo para perderlos al final del proceso, sería mejor descalificarlos ahora mismo. Cuanto más tiempo pasas tratando de conseguir una reunión con un cliente potencial evasivo más tiempo habrás perdido — si el proceso no avanza en la dirección apropiada, entonces deja de malgastar tu tiempo.</p><p>La mejor manera de decidir en que clientes potenciales conviene invertir el tiempo es clasificar a todos tus clientes potenciales. Empieza con cuatro categorías grandes basadas en la duración de tiempo en que el cliente potencial te ha dado — los que quieren comprar entre 30 días, entre 30–120 días, entre 120 días y un año, y los que no saben en cuánto tiempo quieren actuar. Entre estas categorías, debes tener tres categorías más– clientes potenciales que están comprometidos a trabajar contigo, los que probablemente vayan a trabajar contigo (más de 50% de probabilidad), y los que posiblemente vayan a trabajar contigo (menos de 50% de probabilidad). Los clientes potenciales más importantes son los que están comprometidos a trabajar contigo y quieren comprar dentro de los 30 días — estos clientes potenciales están casi garantizados. Los clientes potenciales malos, entonces, son los que no saben en cuánto tiempo van a comprar y con una probabilidad menor al 50% de trabajar contigo. No gastes tiempo y dinero en tratar de convertir a estos clientes potenciales — no valen la pena.</p><figure><img alt="" src="https://cdn-images-1.medium.com/max/500/0*QKI_13chJxZ2yCmf.png" /></figure><p>Clasificar a los clientes potenciales es sencillo con EasyBroker. Para clasificarlos basado en la duración de tiempo en que van a comprar, debes usar las etiquetas. Crea una etiqueta para cada duración de tiempo — una etiqueta de “30 días,” una etiqueta de “30–120 días,” una etiqueta de “120 días-1 año,” y una etiqueta de “tiempo indeterminado.” Después, para clasificar a los clientes potenciales por la probabilidad de que vayan a trabajar contigo, puedes usar el sistema de EasyBroker de las estrellas de probabilidad. Da una estrella a un cliente potencial si sólo posiblemente vaya a trabajar contigo y tres estrellas si se ha comprometido a trabajar contigo. Las etiquetas y las estrellas se pueden cambiar, lo que significa que si un cliente potencial había pensado en comprar dentro de un año pero ahora necesita comprar dentro de 30 días, puedes actualizar esta información.</p><figure><img alt="" src="https://cdn-images-1.medium.com/max/500/0*l0GsaCPL7oIt_UY_.png" /></figure><p>Ahora puedes ver a tus clientes potenciales con facilidad distinguiendo cuales son los más importantes y los menos importantes utilizando el filtro que aparece en los contactos. Los mejores tienen una etiqueta de“30 días” y tres estrellas y los peores (en los cuales no debes gastar tiempo ni dinero) sólo tienen una estrella y una etiqueta de “tiempo indeterminado.” Si trabajas en convertir a tus clientes potenciales cada día (lo que Zeller recomienda), debes empezar con los clientes potenciales más importantes y trabajar hasta llegar a los menos importantes sólo si tienes suficiente tiempo. No malgastes tu trabajo tratando de convertir a los clientes potenciales menos probables — sólo gasta tiempo en ellos si has terminado de hablar con los clientes potenciales con mayor probabilidad de éxito.</p>]]></content:encoded>
        </item>
        <item>
            <title><![CDATA[10 razones por las cuales nunca vas a generar clientes potenciales usando redes sociales]]></title>
            <link>https://blog.easybroker.com/10-razones-por-las-cuales-nunca-vas-a-generar-clientes-potenciales-usando-redes-sociales-9d91df51a92e</link>
            <guid isPermaLink="false">https://medium.com/p/9d91df51a92e</guid>
            <category><![CDATA[marketing]]></category>
            <category><![CDATA[consejos]]></category>
            <dc:creator><![CDATA[Isaac Vázquez]]></dc:creator>
            <pubDate>Fri, 24 Jun 2011 15:46:15 GMT</pubDate>
            <atom:updated>2016-12-28T20:03:57.418Z</atom:updated>
            <content:encoded><![CDATA[<figure><img alt="" src="https://cdn-images-1.medium.com/max/300/0*8coEizPxBAFpWDpd.jpg" /></figure><p><a href="http://realestatetomato.com/10-reason-you-will-never-generate-a-lead-through-social-media/"><em>El articulo original en inglés</em></a><em> viene de Real Estate Tomato, escrito por Daniel Bates.</em></p><p>Mucho ha sido escrito sobre el tema de usar las redes sociales para generar clientes potenciales, y la mayoría no ha sido positivo. En muchos casos, esto se debe a un uso indebido de las herramientas, y no a un problema de las herramientas en si mismas.</p><p>Cuando enseño “marketing en redes sociales” a mis alumnos, no lo hago como si fuera una solución mágica que ayudará a todos ni digo que sea algo diferente a lo que es. Simplemente busco la manera en la que un agente específico pueda usarlo para comunicarse con su audiencia, y después desarrollo junto con él un plan para realizar ese objetivo.</p><h4>1. No la entiendes</h4><p>Estás buscando clientes potenciales tanto que no puedes ver lo que ya hay enfrente de ti.</p><p>No debes tratar a toda la gente como si fuera un cliente potencial — trátala como un ser humano, no como una fuente de dinero. Las redes sociales consisten en crear relaciones. Si no buscas crear relaciones, no deberías participar.</p><h4>2. No sigues las reglas</h4><p>¿Las reglas fueron creadas para ser rotas, no?</p><p>Pues, no las reglas del protocolo social.</p><figure><img alt="" src="https://cdn-images-1.medium.com/max/223/0*Uwm94I4V7N6rhQHV.jpg" /></figure><p>No sonreir al extenderle la mano a alguien que conoces por primera vez puede arruinar tu oportunidad de dar una buena impresión. No seguir el protocolo de las redes sociales puede hacer lo mismo.</p><p>Siempre recomiendo a los agentes participar por lo menos un mes en las redes sociales antes de promocionar sus negocios. Pero lo más importante es entender el daño de enviar correo basura (más conocido como spam!). La manera más rápida de degradar tu sinceridad es promocionarse sin pensar.</p><h4>3. Tu audiencia está compuesta de otros agentes inmobiliarios</h4><p>Muchos agentes pierden su foco por creer que tener éxito significa tener más seguidores/fans que los otros agentes.</p><p>Es muy común que los agentes inmobiliarios se promocionen en blogs, grupos, y sitios para agentes inmobiliarios. Por eso, muchos agentes siguen otros agentes, esperando que ellos les devuelvan el favor…y lo hacen.</p><p>Pero, aparte de la pequeña oportunidad de obtener un nuevo contacto, eso no significa nada.</p><p>Los agentes inmobiliarios son las últimas personas que quieres que te sigan porque distorsionan tus resultos.</p><p>Cuando hablo de mi trabajo con mis estudiantes, les suplico que no sigan mi página porque cuando llego a un hito, quiero saber que fue por fans verdaderos con los cuales tengo la oportunidad de trabajar.</p><p>Si haces tu trabajo corectamente, el contenido de tus páginas debe aburrir a los agentes fuera de su área geográfica.</p><p>La excepción es cuando la gente reconoce que “lo haces bien” y otros agentes te siguen como ejemplo. En este caso es probable que no puedas parar ese movimiento, lo que puede llevarte al nivel más alto. Hasta que eso pase, mantén los grupos separados en tu cabeza y no tengas miedo de borrar a los agentes que tratan de interrumpir la conversación.</p><p>Tú trabajaste duramente, ellos no.</p><h4>4. No haces una línea entre lo personal y lo profesional</h4><p>Tus páginas de redes sociales incluye fotos de ti tomando demasiado en una fiesta durante el fin de semana, un inmueble nuevo, un pensamiento abstracto que no significa nada para nadie, un artículo sobre comprar una casa nueva, un “checked-in” en McDonald’s, tu Alcachofa de Oro de Farmville, y un video de inmobiliarios que me pone enfermo de sólo mirarlo.</p><p>Si tenías la oportunidad de tener éxito, la arruinaste al sentarte y mandar correo basura/spam sobre negocios a sus amigos y sobre tu vida personal a tus contactos profesionales. En Facebook, es fácil separar los dos (y, según las reglas de Facebook, tienes que hacerlo): Mantén una página personal para tus amigos y una página profesional para tus negocios.</p><h4>5. Olvidaste la “regla de oro”</h4><p>No puedes esperar que la gente te ayude si tú no tomas un momento para ayudarla.</p><p>O, si prefieres, “trata a los demás como quieres que los demás te traten.”</p><p>La gente que sólo “quiere” no permanece en los sitios de las redes sociales cuando los demás se enteran de que eso es lo único en lo que piensa.</p><h4>6. No te has enterado de que el mundo inmobiliario es aburrido</h4><p>Sigues el consejo de crear una página profesional pero la nombras “Juan Perez, el experto inmobiliario de Kalamazoo, un agente de Perez y Perez Negocios Inmobiliarios.” Procedes a escribir sobre todos tus inmuebles y los gráficos de datos sin explicar lo que significan. Después, te sientes frustrado porque nadie sigue tu página y decides sugerirla a tus amigos <em>otra vez</em>. Cuando todavía no te sigue nadie, vuelves a escribir sobre los negocios en tu página personal y todos, incluyendo tu pareja, te dejan de seguir.</p><p>En vez de eso, considera crear una página sobre tu nicho en la que discutes no sólo sobre el negocio inmobiliario, pero también noticias locales, fotos, hechos, y eventos que van a interesar a la gente en tu nicho.</p><p>Prueba promocionar las actividades de otras páginas locales en Facebook, incluye algunas fotos y hechos interesantes, y <strong>después</strong> incluye unos artículos sobre tus inmuebles.</p><h4>7. No respondes a la gente</h4><p>Cuando la gente te manda un mensaje o comentario, no respondes con puntualidad o ni siquiera respondes. Esto da la impresión de que no te interesa fomentar esa relación. Vivimos en una sociedad que busca resultos inmediatos y no responder a un mensaje en Internet con puntualidad (definida por quién mandó el mensaje, no por ti) hará que pierdas clientes.</p><p>Afortunadamente, Facebook acaba de empezar a notificar a los administradores de las páginas de fans cuando hay un mensaje o comentario nuevo, un problema que había afectado a la gente que no supervisaba sus páginas por lo menos una vez por la mañana y una vez por la noche. ¡No hay excusas!</p><h4>8. No buscas gente nueva</h4><p>Tienes las mismas 10–100 personas que se suscriben a tu blog, te siguen en Twitter, y les “gusta” tu página en Facebook, pero la mayoría son tus amigos y tus familiares que no querían herir tus sentimientos.</p><p>Algunos participan para levantar tu ego y el resto te ignora. Entonces, o enfrentas la dura realidad o te sigues engañando y creyendo que tienes buen contenido y una audiencia atenta.</p><p>Si no encuentras una audiencia nueva, tienes que considerar algunas cosas:</p><p>Puede ser que tu mensaje sea aburrido o difícil de entender. También es posible que tengas que promocionar tu página para encontrar una audiencia más grande.</p><h4>9. Pasas todo el tiempo leyendo</h4><p>En vez de crear un plan considerando quién es tu audiencia y qué quiere experimentar esa audiencia, sólo creas una página y empiezas a imitar lo que los otros agentes han hecho.</p><p>No es un problema seguir los ejemplos de los mejores agentes. Pero la mayoría de agentes son malos ejemplos y por ende una pérdida de su tiempo.</p><p>No te pases el tiempo escuchando la charla en Internet, pasa el tiempo trabajando en tu propio contenido. Descubre quién es tu audiencia y de que quieren que hables.</p><h4>10. No te importa que todos sepan que no te importa</h4><p>Después de ver en la televisión <em>otro </em>informe sobre la importancia de las redes sociales (por un reportero que no entiende nada sobre redes sociales), estás finalmente inspirado para mejorar tu presencia en Internet.</p><p>Contruyes una página en Facebook y Twitter, pones enlaces a estas páginas en tus sitios web, rompes las reglas de la 1 a la 9, y estableces un programa automático para poner artículos de tu blog en tus páginas de Facebook y Twitter.</p><p>Previsiblemente, olvidas tus contaseñas porque nunca más visitas esas páginas.</p><p>Alguien que encuentra tus páginas ve que las ignoras y sigue navegando hacia las páginas de los otros agentes.</p><p><a href="http://realestatetomato.com/10-reason-you-will-never-generate-a-lead-through-social-media/"><em>El articulo original en inglés</em></a><em> viene de </em>Real Estate Tomato<em>, escrito por Daniel Bates. Traducido al español por Adam Davis y Nicolás Woller.</em></p>]]></content:encoded>
        </item>
        <item>
            <title><![CDATA[Publica tus propiedades en Divendo]]></title>
            <link>https://blog.easybroker.com/publica-tus-propiedades-en-divendo-d46afc81bd3a</link>
            <guid isPermaLink="false">https://medium.com/p/d46afc81bd3a</guid>
            <category><![CDATA[novedades]]></category>
            <category><![CDATA[easybroker]]></category>
            <category><![CDATA[red-de-easybroker]]></category>
            <dc:creator><![CDATA[Isaac Vázquez]]></dc:creator>
            <pubDate>Thu, 23 Jun 2011 17:46:09 GMT</pubDate>
            <atom:updated>2016-12-28T20:06:39.447Z</atom:updated>
            <content:encoded><![CDATA[<figure><img alt="" src="https://cdn-images-1.medium.com/max/400/0*moezRIjlzNSOO-m8.jpg" /></figure><p>Nos alegra anunciar que a partir de ahora Divendo se suma a EasyBroker. Es decir que tus inmuebles se publicarán en su sitio web cada vez que publiques un inmueble en nuestra red de portales inmobiliarios. Divendo es un sitio de anuncios clasificados de propiedades, ofertas laborales, automóviles y mucho más. Cuenta con sitios locales en <a href="http://www.divendo.mx/">México</a>, <a href="http://www.divendo.com.br/">Brasil</a>, <a href="http://www.divendo.us/">Estados Unidos</a>, <a href="http://www.divendo.es/">España</a>, e <a href="http://www.divendo.it/">Italia</a>. Recuerda que pueden pasar hasta 24 horas desde que publicas un propiedad hasta que aparezca en los sitios web de nuestros portales asociados.</p>]]></content:encoded>
        </item>
        <item>
            <title><![CDATA[Cinco razones para empezar a bloguear hiper-local hoy]]></title>
            <link>https://blog.easybroker.com/cinco-razones-para-empezar-a-bloguear-hiper-local-hoy-55c929be853a</link>
            <guid isPermaLink="false">https://medium.com/p/55c929be853a</guid>
            <category><![CDATA[marketing]]></category>
            <category><![CDATA[consejos]]></category>
            <dc:creator><![CDATA[Isaac Vázquez]]></dc:creator>
            <pubDate>Fri, 17 Jun 2011 22:37:33 GMT</pubDate>
            <atom:updated>2016-12-28T20:05:22.786Z</atom:updated>
            <content:encoded><![CDATA[<figure><img alt="" src="https://cdn-images-1.medium.com/max/600/0*cytDX53OfHTmoVc0.jpg" /></figure><p>Foto por <a href="http://www.flickr.com/photos/vizzzual-dot-com/">viZZZual.com</a></p><p><a href="http://realestatetomato.com/5-reasons-to-start-hyper-local-blogging-today/"><em>El articulo original en inglés</em></a><em> viene de Real Estate Tomato, escrito por Daniel Bates.</em></p><p>Cuando la gente piensa en blogs inmobilarios, piensa en artículos sobre las noticias del mercado, consejos para los compradores y vendedores, y demasiado “contenido principal”. El término “bloguear hiper-local” se refiere a la práctica de escribir sobre temas fuera del tópico inmobiliario que afectan a un porcentaje más grande de gente en una área especifica. Defino este concepto más especificamente en mi <a href="http://www.tomatouniversity.com/courses/view/guide-to-superior-hyper-local-blogging">Clase de Blogueando Hiper-Local</a> como “blogueando constantemente y con una meta especifica sobre una área geográfica con el objetivo de convertirse en la autoridad de confianza de la zona.”</p><p>Aunque hemos identificado esta técnica como “blogueando,” (acción de publicar blogs) se pueden aplicar los mismos principios en otros medios. Las páginas de Facebook dedicadas a una ciudad, una comunidad, o un barrio local también pueden conseguir éxito cuando son usadas correctamente.</p><p>Estos son mis cinco mejores argumentos de por qué <strong>debes empezar a bloggear hiper-local</strong>.</p><h4>1. Tendrás una red más grande</h4><p>[caption id=”attachment_2744&quot; align=”alignright” width=”300&quot; caption=”Foto por {a href=”http://www.flickr.com/photos/biggertree/3489100275/&quot;}biggertree{/a}&quot;]</p><figure><img alt="" src="https://cdn-images-1.medium.com/max/300/0*YXZSUilaSJ49nIp1.jpg" /></figure><p>[/caption]</p><p>Buscar gente interesada en comprar o vender propiedades es buscar un mercado que esta en constante movimiento y recambio.</p><p>Una vez firmado el contrato, a la mayoría de la gente no le podría importar menos los consejos que tengas sobre el mundo inmobiliario o en que dirección se mueve el mercado. Además, si le llegan ofertas con promociones, es probable que les generé algo de mal estar o remordimientos porque pueden pensar que deberían haber esperado un poco más para comprar.</p><p>Esta gente ahora tiene interés en las noticias locales, eventos, y atracciones de la región.</p><p>Pero lo mejor de escribir noticias generales es que puedes capturar la atención de los vendedores antes de que ellos sepan que quieren vender.</p><p>En mi experiencia personal, ya no voy a muchas presentaciones para conseguir trabajo, sino que recibo llamadas y emails de gente a quienes le gusta mi blog, lo han leído por mucho tiempo y ahora quiere que yo les ayude a vender su casa.</p><p>No tengo competencia porque yo he demostrado mi conocimiento no sólo del mercado inmobiliario, sino también de la región. He podido conseguir una buena reputación y la confianza de esa gente a través de mis escritos, aunque nunca he contactado a esa gente directamente. Por esta razón, pienso en mi blog como un “cultivador de clientes potenciales” en vez de un “creador de clientes potenciales.”</p><h4>2. La gente hace más que comprar una casa</h4><p>Si hubiera un premio para la persona más cansada de escuchar a la NAR (Asociación Nacional de Agentes Inmobiliarios de Estados Unidos) decir una y otra vez que “El negocio inmobiliario es local,” yo ganaría sin dudas.</p><p>Pero es la verdad.</p><p>Y también es verdad que la gente no sólo compra una casa, compra una casa en un barrio que le gusta. ¿Has vendido alguna vez una casa a alguien que odiaba el barrio y que simplemente amaba la casa? Yo no.</p><p>Cuando escribes sobre las noticias y eventos de la comunidad local, naturalmente vas a atraer gente a la que le gusta esa comunidad. Pueden ser residentes de la comunidad (vendedores en el futuro), compradores activos (posiblemente sin un agente si los encuentres pronto), residentes que se han ido de la comunidad (pero pueden volver), turistas (que pueden decidir mudarse algún día), o amigos y familia de los residentes.</p><p>Toda estas personas pueden ser clientes potenciales, pero muy poca gente querrá saber tus “Cinco consejos para realizar transacciones con menos papelerío” o ser molestada por una promoción nueva. Tienes que considerar la posibilidad de que, mañana, alguien pueda preguntar a esta gente si conoce un buen agente inmobiliario.</p><p>¿Es tú nombre el primero en el que piensan tus vecinos, clientes del pasado, compradores, y turistas que frecuentan tu región?</p><h4>3. Sé un experto de verdad</h4><p>[caption id=”attachment_2656&quot; align=”alignright” width=”300&quot; caption=”Foto por {a href=”http://www.flickr.com/photos/kworth30/&quot;}radworld{/a}&quot;]</p><figure><img alt="" src="https://cdn-images-1.medium.com/max/300/0*bUm9qHdGrOcLn4fm.jpg" /></figure><p>[/caption]</p><p>Siempre molesta a la gente el uso de la palabra “experto.” Muchas veces, los agentes inmobiliarios confunden competencia y excelencia y se vanaglorian demasiado.</p><p>Los vendedores y los compradores ya no quieren a alguien que sepa hacer un poquito de todo pero nada en profundidad. Quieren a alguien que sepa todo lo necesario para vender o comprar una propiedad en un determinado barrio.</p><p>Una de las mejores cosas de bloguear hiper-local es que sinceramente tienes que saber todo sobre los temas de los que escribes. En vez de tratar de trabajar en una área gigante de la cual es imposible saber todo, te conviertes en el mejor agente de una región especifica.</p><p>No creo que muchos agentes inmobiliarios sepan que es una negligencia tratar de trabajar fuera de su área de destreza.</p><p>Por ejemplo: Una vez iba a completar una compra cuando un agente de afuera de la región no había informado a su cliente que el inmueble que iba a comprar tenía un pozo de agua y un sistema séptico y que la alcantarilla más cercana estaba ubicada a una distancia de 32 kilómetros. Este tipo de negligencias pueden derivar en un pleito e incluso en la pérdida de su licencia inmobiliaria — y muchas veces, es el resultado de buscar trabajo fuera de nuestro terreno.</p><h4>4. Dominación de los Motores de Búsquedas</h4><p>Nadie duda que tener un buen ranking en Google por “TU NICHO inmobiliario” y “TU NICHO casas en venta” puede ayudar a tu sitio web, ¿pero qué de la posibilidad de tener un buen ranking por los nombres de negocios locales, parques, eventos, noticias, y solamente “TU NICHO?” Yo soy la prueba viva de que estas metas son alcanzables con un esfuerzo consistente de escribir.</p><p>Generar enlaces naturales y de calidad a tu sitio web es una de las prácticas de SEO más importantes y que se puede usar para mejorar tus rankings en los motores de búsquedas y aumentar el tráfico a tu sitio, pero es muy difícil hacer eso cuando la única cosa que haces es hablar sobre el negocio inmobiliario. No hay muchos sitios en Internet que quieran promocionar los negocios de otras personas. A las únicas personas a las que les interesa ese tema son a los otros agentes inmobiliarios y compradores y vendedores activos, pero ellos no dan enlaces.</p><p>En cambio, si to sitio está lleno de información sobre noticias y eventos locales e información inteligente, interesante y graciosa, a más gente le gustará enviarte sus negocios. Además, la información que le interesa a la gente local tiene más oportunidades de ser compartida por sitios sociales, que te da más publicidad y te expone a más gente interesada en tu nicho.</p><h4>5. Más diversidad de contenido</h4><p>Mucha gente se enojó conmigo cuando dije en otro artículo que “El mundo inmobiliario es aburrido.” Después, tuve que clarificar que el mundo inmobiliario puede ser muy interesante y a mucha gente sí le interesa (por ejemplo: el canal de televisión HGTV). PERO, muchos de los blogueadores de negocios inmobiliarios hacen que el tema sea aburrido por que sólo copiar información sobre inmuebles o información sobre el mercado sin hacerla más facíl entender para el usuario común.</p><p>Un blog que sólo tiene este tipo de contenido puede atraer a, digamos un 10% de la población de una región, comparado con un blog con información sobre la comunidad que puede interesar a un 90% de esa misma población. Con ese contenido, estás publicando y promocionando tu trabajo de una forma más efectivamente.</p><p>Puede que alguna gente ignore el contenido de tu negocio hasta que publiques algo que les interese, pero si la información sobre el mundo inmobiliario es tan interesante como tu otra información, vas a ver buenos resultados.</p><p><a href="http://realestatetomato.com/5-reasons-to-start-hyper-local-blogging-today/"><em>El articulo original en inglés</em></a><em> viene de Real Estate Tomato, escrito por Daniel Bates. Traducido al español por Adam Davis y Nicolás Woller.</em></p>]]></content:encoded>
        </item>
        <item>
            <title><![CDATA[Las palabras clave más importantes en el negocio inmobiliario]]></title>
            <link>https://blog.easybroker.com/las-palabras-clave-m%C3%A1s-importantes-en-el-negocio-inmobiliario-844bac5f6472</link>
            <guid isPermaLink="false">https://medium.com/p/844bac5f6472</guid>
            <category><![CDATA[consejos]]></category>
            <category><![CDATA[seo-inmobiliario]]></category>
            <dc:creator><![CDATA[Isaac Vázquez]]></dc:creator>
            <pubDate>Tue, 14 Jun 2011 17:20:57 GMT</pubDate>
            <atom:updated>2016-12-28T20:04:24.648Z</atom:updated>
            <content:encoded><![CDATA[<p>He estado hablando con varios agentes inmobiliarios durante las últimas semanas sobre cómo promocionar sus negocios en el Internet. Aunque todos eran únicos, con edades, géneros y vidas completamente diferentes, había una cosa que todos tenían en común, la cual me parece problemática: Todos me dijeron que su meta principal era tener un buen ranking para las palabras claves “Inmobiliaria en San Diego.”</p><p>¿Por qué considero esto un problema? Porque me preocupa que ellos pasen demasiado tiempo y dinero tratando de lograr un buen ranking para unas palabras claves que no sólo será difícil obtener, sino que no serán las más útiles.</p><p>Las palabras claves más útiles insinúan una acción. “Inmobiliaria en San Diego” no insinúa nada. Es una cosa. “Inmuebles a la venta en San Diego” sí insinúa una acción. La gente quiere algo en venta, presumiblemente para que puedan comprarlo. <strong>Componente N°1: Acción.</strong></p><p>Es natural pensar que unas palabras claves tan amplias y genéricas como “Inmobiliaria en San Diego” serán las más útiles debido al volumen de búsquedas de las mismas. Pero, la verdad es que las palabras claves más poderosas son más enfocadas aunque no reciban tantas búsquedas. Por ejemplo, “Casas a la venta en Rancho Santa Fe.” Rancho Santa Fe es una de las regiones más bonitas en el distrito de San Diego. Alguien que busque “Casas a la venta en Rancho Santa Fe” está más enfocado en lo que quiere, y por eso es más probable que tome acción y compre.</p><p>Pero puedes enfocarte aún más. Mejor que “Casas a la venta en Rancho Santa Fe” es algo más especifico. Por ejemplo, “Casas a la venta en Rancho Santa Fe Farms,” “Casas a la venta en Fairbanks Ranch,” “Casas a la venta en The Bridges,” o “Casas a la venta en Rancho Santa Covenant.” Estos son barrios individuales en Rancho Santa Fe. La gente que usa estas palabras en los motores de búsquedas sabe exactamente lo que quiere.</p><p>Aunque no tienen tanto trafico como “Inmobiliaria en San Diego,” estas palabras claves te traerán más clientes potenciales que están muy enfocados y sólo buscan un recurso relevante en el que pueden confiar. Tú puedes ser ese recurso. <strong>Componente N°2: Palabras Claves Muy Especificas</strong>.</p><p><strong>Componente N°1 + Componente N°2 = Éxito!</strong></p><p>Pon los componentes juntos y tendrás unas palabras claves super rentables. Lo mejor es que es más fácil tener un buen ranking para estas palabras claves que para las genéricas, las cuales son más difíciles de lograr y menos eficaces. Y, como esta gente sabe lo que quiere, tú vas a pasar menos tiempo mostrando casas en todas partes de la ciudad mientras ellos deciden lo que quieren. Más beneficios, más eficaz. Qué bonito!</p><p>Crea una página en tu sitio web para cada barrio en que quieras trabajar y enfoca tú SEO a la gente que sabe lo que busca y van a tomar acción. Vas a cosechar los beneficios.</p><p><a href="http://www.geekestateblog.com/the-most-profitable-keywords-in-real-estate/">El articulo original en inglés</a> viene de Geek Estate Blog, escrito por Daniel Beers. Traducido al español por Adam Davis y Nicolás Woller.</p>]]></content:encoded>
        </item>
        <item>
            <title><![CDATA[Publica tu Sitio Web en Francés]]></title>
            <link>https://blog.easybroker.com/publica-tu-sitio-web-en-franc%C3%A9s-7726665268c7</link>
            <guid isPermaLink="false">https://medium.com/p/7726665268c7</guid>
            <category><![CDATA[easybroker]]></category>
            <category><![CDATA[novedades]]></category>
            <dc:creator><![CDATA[Isaac Vázquez]]></dc:creator>
            <pubDate>Thu, 09 Jun 2011 15:35:43 GMT</pubDate>
            <atom:updated>2016-12-28T20:05:10.579Z</atom:updated>
            <content:encoded><![CDATA[<figure><img alt="" src="https://cdn-images-1.medium.com/max/240/0*psO_f1w_x7WlXt_-.jpg" /></figure><p>Parlez-vous français? Si respondes “Oui,” tenemos buenas noticias para ti — ahora, EasyBroker permite que publiques tu sitio web en francés.</p><p>Francés es el idioma más reciente en la lista de idiomas en que puedes publicar tu sitio web con EasyBroker, ampliando la variedad con opciones que incluyen desde el inglés y español hasta el noruego entre otros. Esta es una manera más de usar EasyBroker para conquistar el mercado mundial.</p><p>Si tienes sugerencias de otros idiomas que te gustaría añadir, ponte en contacto con nosotros para que podamos ayudarte.</p><p>Foto por: <a href="http://www.flickr.com/photos/terrazzo/">Terrazzo</a></p>]]></content:encoded>
        </item>
        <item>
            <title><![CDATA[Nuevas mejoras para los contactos y clientes potenciales]]></title>
            <link>https://blog.easybroker.com/nuevas-mejoras-para-los-contactos-y-clientes-potenciales-bf6bab1804a9</link>
            <guid isPermaLink="false">https://medium.com/p/bf6bab1804a9</guid>
            <category><![CDATA[easybroker]]></category>
            <category><![CDATA[novedades]]></category>
            <dc:creator><![CDATA[Isaac Vázquez]]></dc:creator>
            <pubDate>Wed, 01 Jun 2011 21:43:45 GMT</pubDate>
            <atom:updated>2016-12-28T20:04:07.851Z</atom:updated>
            <content:encoded><![CDATA[<p>Hoy hemos realizado grandes cambios y mejoras en la sección de contactos y clientes potenciales. En primer lugar, ahora los clientes potenciales son contactos y los contactos tiene algunos campos extra que te permiten distinguir con facilidad el tipo de contacto con el que estás trabajando. Hicimos el cambio al darnos cuenta de que es mucho más fácil trabajar con tus contactos y clientes potenciales en un sólo lugar. Era bastante confuso decidir cuando convertir un cliente potencial en un contacto y viceversa. Ahora, si cierras una venta con un cliente o si convences a un contacto de que venda su propiedad contigo, simplemente marca ese cliente potencial como <em>Ganado</em> en vez de convertirlo en contacto.</p><figure><img alt="" src="https://cdn-images-1.medium.com/max/500/0*g85TX8dgrlVI4BQL.jpg" /></figure><p>Ya que ahora los clientes potenciales son contactos, hemos añadido algunos campos extra a los contactos para ayudarte a organizarlos y filtrarlos. Cuando editas un contacto, verás que puedes marcarlo como cliente potencial y luego especificar, si así lo deseas, si dicho cliente potencial es un <em>Comprador, Arrendatario o Propietario</em>.</p><figure><img alt="" src="https://cdn-images-1.medium.com/max/500/0*cKZKrmBou7xI9hW-.jpg" /></figure><p>En la página de búsqueda de resultados también hemos añadido <a href="http://www.easybroker.com/es/blog/2011-07-como-buscar-y-filtrar-contactos-propiedades-y-reservas/">un filtro</a> para que rápidamente puedas generar una lista de, por ejemplo, todos tus propietarios. Simplemente haz clic en la sección <em>Tipo de cliente potencial</em> y luego selecciona el tipo de cliente potencial que quieres buscar.</p><figure><img alt="" src="https://cdn-images-1.medium.com/max/500/0*rpeh9EiGltUEVPc2.jpg" /></figure><p>Estos cambios harán que sea más fácil y rápido trabajar con tus contactos y también ayudará a los nuevos usuarios a entender el sistema rápidamente.</p>]]></content:encoded>
        </item>
        <item>
            <title><![CDATA[Ahora publica tus propiedades en Donkiz]]></title>
            <link>https://blog.easybroker.com/ahora-publica-tus-propiedades-en-donkiz-8c395c17002b</link>
            <guid isPermaLink="false">https://medium.com/p/8c395c17002b</guid>
            <category><![CDATA[novedades]]></category>
            <category><![CDATA[easybroker]]></category>
            <category><![CDATA[gestión-de-inmuebles]]></category>
            <category><![CDATA[red-de-easybroker]]></category>
            <dc:creator><![CDATA[Isaac Vázquez]]></dc:creator>
            <pubDate>Fri, 27 May 2011 20:24:35 GMT</pubDate>
            <atom:updated>2016-12-28T20:04:37.350Z</atom:updated>
            <content:encoded><![CDATA[<figure><img alt="" src="https://cdn-images-1.medium.com/max/251/0*yP1uLtKATqmn5QnT.gif" /></figure><p>Ahora EasyBroker publica automáticamente los listados de tus propiedades en <a href="http://www.donkiz.com.mx/">Donkiz</a> cada vez que una propiedad es publicada en nuestra red de portales inmobiliarios. Donkiz es un sitio web de anuncios clasificados de los rubros: trabajos, automóviles e inmuebles con sitios webs locales en más de 30 países. Si tienes curiosidad en saber en que países se publican sus anuncios, por favor visita su <a href="http://www.donkiz.com.mx/">sitio web</a> y revisa el pié de la página de inicio para ver si tu país se encuentra en la lista. Ten presente que luego de publicar una propiedad puede tardar hasta 24 horas para que aparezca en los sitios web de nuestros portales asociados.</p>]]></content:encoded>
        </item>
        <item>
            <title><![CDATA[Nuevo permiso para cambiar la información de facturación y realizar pagos]]></title>
            <link>https://blog.easybroker.com/nuevo-permiso-para-cambiar-la-informaci%C3%B3n-de-facturaci%C3%B3n-y-realizar-pagos-5edd882f3af7</link>
            <guid isPermaLink="false">https://medium.com/p/5edd882f3af7</guid>
            <category><![CDATA[easybroker]]></category>
            <category><![CDATA[novedades]]></category>
            <dc:creator><![CDATA[Isaac Vázquez]]></dc:creator>
            <pubDate>Wed, 27 Apr 2011 15:35:05 GMT</pubDate>
            <atom:updated>2016-12-28T20:04:17.214Z</atom:updated>
            <content:encoded><![CDATA[<figure><img alt="" src="https://cdn-images-1.medium.com/max/362/0*wtC_MW2Z1EIxk4bm.jpg" /></figure><p>Hemos recibido varios pedidos de nuestros clientes para que permitamos a los usuarios que no son administradores realizar pagos y/o actualizar la información de facturación, así que hemos agregado un nuevo permiso para permitirte hacer exactamente eso.</p><p>Puedes dar acceso a un usuario editando la información desde la página Configuraciones y yendo a la pestaña <em>Usuarios</em>. Edita el usuario al que quieres dar permiso y baja hasta la sección de <em>Permisos</em> unos dos tercios hacia abajo de la página. Bajo la sección <em>General</em>, clickea el casillero <em>Actualizar información de facturación y realizar pagos.</em> Luego de Guardar/Actualizar la configuración un nuevo link aparecerá en la cuenta del usuario llamado <em>Planes y Facturación</em> en la parte superior derecha de la página. Ten en cuenta que si en algún momento la cuenta está retrasada ellos también verán un mensaje en rojo avisando que la cuenta se encuentra retrasada.</p>]]></content:encoded>
        </item>
    </channel>
</rss>