<?xml version="1.0" encoding="UTF-8"?><rss xmlns:dc="http://purl.org/dc/elements/1.1/" xmlns:content="http://purl.org/rss/1.0/modules/content/" xmlns:atom="http://www.w3.org/2005/Atom" version="2.0" xmlns:cc="http://cyber.law.harvard.edu/rss/creativeCommonsRssModule.html">
    <channel>
        <title><![CDATA[EasyBroker - Medium]]></title>
        <description><![CDATA[Consejos, noticias y mejores prácticas para hacer más competitiva tu inmobiliaria. - Medium]]></description>
        <link>https://blog.easybroker.com</link>
        <image>
            <url>https://cdn-images-1.medium.com/proxy/1*TGH72Nnw24QL3iV9IOm4VA.png</url>
            <title>EasyBroker - Medium</title>
            <link>https://blog.easybroker.com</link>
        </image>
        <generator>Medium</generator>
        <lastBuildDate>Mon, 03 Dec 2018 18:45:57 GMT</lastBuildDate>
        <atom:link href="https://blog.easybroker.com/feed" rel="self" type="application/rss+xml"/>
        <webMaster><![CDATA[yourfriends@medium.com]]></webMaster>
        <atom:link href="http://medium.superfeedr.com" rel="hub"/>
        <item>
            <title><![CDATA[Invitación a Trato Hecho ]]></title>
            <link>https://blog.easybroker.com/invitaci%C3%B3n-a-trato-hecho-2feef5796ab6</link>
            <guid isPermaLink="false">https://medium.com/p/2feef5796ab6</guid>
            <category><![CDATA[eventos]]></category>
            <dc:creator><![CDATA[Isaac Vázquez]]></dc:creator>
            <pubDate>Mon, 27 Oct 2014 17:59:45 GMT</pubDate>
            <atom:updated>2016-12-28T20:04:38.675Z</atom:updated>
            <content:encoded><![CDATA[<h3>Invitación a Trato Hecho</h3><p>Si te gustó el primer Trato Hecho, seguro querrás asistir a su segunda edición este 4 de Noviembre. Trato Hecho es el evento donde conocerás otras personas del sector inmobiliario y podrás crear alianzas. Te invitamos a que nos acompañes en este evento gratuito de 7pm a 10pm en nuestras oficinas ubicadas en Av. Álvaro Obregón 168 en la Colonia Roma Norte donde podrás convivir y compartir propiedades mientras disfrutas de un rico cocktail a mitad de la semana.</p><figure><img alt="Trato Hecho" src="https://cdn-images-1.medium.com/max/1024/0*t_Hfr5ByPYb8Q-oZ.jpg" /></figure><p>Trato Hecho es el evento creado para la comunidad inmobiliaria que busca crear alianzas de manera diferente. Confirma tu asistencia en nuestro sitio de <a href="https://trato-hecho.boletia.com/">boletia</a> y recuerda invitar a tus compañeros inmobiliarios. ¡Te esperamos!</p>]]></content:encoded>
        </item>
        <item>
            <title><![CDATA[EasyBroker, clientes satisfechos]]></title>
            <link>https://blog.easybroker.com/easybroker-clientes-satisfechos-c95e5a674c61</link>
            <guid isPermaLink="false">https://medium.com/p/c95e5a674c61</guid>
            <category><![CDATA[easybroker]]></category>
            <dc:creator><![CDATA[Isaac Vázquez]]></dc:creator>
            <pubDate>Mon, 20 Oct 2014 20:16:29 GMT</pubDate>
            <atom:updated>2016-12-28T20:03:57.102Z</atom:updated>
            <content:encoded><![CDATA[<p>Queremos compartir un video que hicimos de algunos de nuestros clientes satisfechos en la ciudad de México. Muchas gracias a City Inmobiliaria, Nexxos Realty, Jeremi Bienes Raíces, Habitar 07 y Mariscal Real Estate por dar sus testimonios y dejarnos visitar sus oficinas. Si quieres compartir tu experiencia con EasyBroker, no dudes en contactarnos.</p><iframe src="https://cdn.embedly.com/widgets/media.html?src=https%3A%2F%2Fwww.youtube.com%2Fembed%2FLSJO860lbyE%3Ffeature%3Doembed&amp;url=http%3A%2F%2Fwww.youtube.com%2Fwatch%3Fv%3DLSJO860lbyE&amp;image=https%3A%2F%2Fi.ytimg.com%2Fvi%2FLSJO860lbyE%2Fhqdefault.jpg&amp;key=d04bfffea46d4aeda930ec88cc64b87c&amp;type=text%2Fhtml&amp;schema=youtube" width="854" height="480" frameborder="0" scrolling="no"><a href="https://medium.com/media/8a6be349e9173a00b3ea6c944c1aed05/href">https://medium.com/media/8a6be349e9173a00b3ea6c944c1aed05/href</a></iframe>]]></content:encoded>
        </item>
        <item>
            <title><![CDATA[La Red de EasyBroker ya está incluída en las búsquedas guardadas]]></title>
            <link>https://blog.easybroker.com/la-red-de-easybroker-ya-est%C3%A1-inclu%C3%ADda-en-las-b%C3%BAsquedas-guardadas-18b786430ec5</link>
            <guid isPermaLink="false">https://medium.com/p/18b786430ec5</guid>
            <category><![CDATA[gestión-de-inmuebles]]></category>
            <category><![CDATA[easybroker]]></category>
            <dc:creator><![CDATA[Isaac Vázquez]]></dc:creator>
            <pubDate>Fri, 26 Sep 2014 22:30:36 GMT</pubDate>
            <atom:updated>2016-12-28T20:04:37.217Z</atom:updated>
            <content:encoded><![CDATA[<p>Establecer alianzas con otros asesores será más fácil ya que ahora puedes elegir que las búsquedas guardadas incluyan propiedades de la Red de EasyBroker. Cuando tu cliente busque una propiedad que tú no tengas, podrás ingresar los detalles de la propiedad que necesita tu cliente en la sección de <em>Búsqueda guardada</em>. Si hay alguna coincidencia en la <em>Red de EasyBroker</em>, te llegará una alerta a tu correo con las propiedades que le pueden interesar . Además, en caso de que se te olvide qué buscaba tu cliente, podrás consultar la información en su ficha.</p><figure><img alt="Selecciona la Red de EasyBroker para tener más resultados." src="https://cdn-images-1.medium.com/max/516/0*JLtdm0-ZbiXrocT5.jpg" /></figure><p>Para realizar una búsqueda guardada debes ingresar a la ficha de contacto de tu cliente. Verás que tiene una sección llamada <em>¿Qué busca?</em>, en cuanto des clic podrás agregar una búsqueda personalizada según las especificaciones de tu cliente. Al terminar, puedes dar clic en <em>Guardar</em> para saber si existe alguna propiedad que coincida con los requerimientos del cliente en ese momento. También puedes marcar la casilla <em>Enviarme un resumen diario de las propiedades nuevas que coinciden con esta búsqueda</em> para recibir en tu correo alertas diarias.</p><figure><img alt="Mira los resultados de las busquedas guardadas." src="https://cdn-images-1.medium.com/max/780/0*-VPMlRX4V_1HXLuq.jpg" /></figure><p>Si deseas compartir tus propiedades para que otros asesores las vean y usen en sus búsquedas guardadas, sólo debes publicarlas<em>. </em>Utiliza esta herramienta para no olvidar lo que buscan tus clientes.</p>]]></content:encoded>
        </item>
        <item>
            <title><![CDATA[Properati, nuestro nuevo afiliado]]></title>
            <link>https://blog.easybroker.com/properati-nuestro-nuevo-afiliado-83d49949ce44</link>
            <guid isPermaLink="false">https://medium.com/p/83d49949ce44</guid>
            <category><![CDATA[easybroker]]></category>
            <category><![CDATA[marketing]]></category>
            <category><![CDATA[gestión-de-inmuebles]]></category>
            <dc:creator><![CDATA[Isaac Vázquez]]></dc:creator>
            <pubDate>Tue, 23 Sep 2014 17:43:38 GMT</pubDate>
            <atom:updated>2016-12-28T20:04:21.374Z</atom:updated>
            <content:encoded><![CDATA[<p>Tus propiedades ahora aparecerán en <a href="http://www.properati.com.mx/">Properati</a>. Properati es un portal inmobiliario con presencia en México, Chile, Colombia, Argentina y Brazil. Su propuesta combinada con EasyBroker te ayudará a llegar a más clientes potenciales.</p><figure><img alt="properati" src="https://cdn-images-1.medium.com/max/590/0*hdKxVr3Vk3su2nSy.png" /></figure><p>Tus anuncios se publicarán de forma automática en Properati.com pero toma en cuenta que pueden tardar hasta 48 horas en aparecer en el sitio, como en los otros sitios afiliados. Estamos contentos de poderles ofrecer esta nueva alianza.</p>]]></content:encoded>
        </item>
        <item>
            <title><![CDATA[Conoce la nueva plantilla Moscow]]></title>
            <link>https://blog.easybroker.com/conoce-la-nueva-plantilla-moscow-b8cca0ed6eeb</link>
            <guid isPermaLink="false">https://medium.com/p/b8cca0ed6eeb</guid>
            <category><![CDATA[easybroker]]></category>
            <category><![CDATA[diseño-web]]></category>
            <category><![CDATA[novedades]]></category>
            <dc:creator><![CDATA[Isaac Vázquez]]></dc:creator>
            <pubDate>Thu, 18 Sep 2014 23:42:22 GMT</pubDate>
            <atom:updated>2016-12-28T20:03:58.506Z</atom:updated>
            <content:encoded><![CDATA[<figure><img alt="moscow-post-1" src="https://cdn-images-1.medium.com/max/590/0*DAqX6QneyKt5vU54.png" /></figure><p>Tenemos una nueva plantilla perfecta para darle una imagen elegante a tu sitio web.</p><p>Esta plantilla tiene un diseño elegante, moderno y fácil de usar. Para probarla ve al editor de tu sitio web en tu cuenta de EasyBroker. En la pestaña de <em>Diseño</em> elige la plantilla Moscow y escoge entre los seis colores el que mejor vaya con tu imagen corporativa.</p><figure><img alt="moscow-post-2" src="https://cdn-images-1.medium.com/max/640/0*OLGYnI2vHK8Hx_UI.png" /></figure><p>Esta plantilla también ha sido diseñada para mostrarse de manera óptima en dispositivos móviles, de manera que tus clientes puedan ver tus propiedades desde su celular o tablet.</p><figure><img alt="moscow-post-5" src="https://cdn-images-1.medium.com/max/640/0*PFJqDmiOGX8NVsX7.png" /></figure><p>Puedes empezar a usar Moscow desde este momento, ingresa a tu cuenta de EasyBroker y pruébala.</p>]]></content:encoded>
        </item>
        <item>
            <title><![CDATA[Gracias por acompañarnos en el estreno de Trato Hecho ]]></title>
            <link>https://blog.easybroker.com/gracias-por-acompa%C3%B1arnos-en-el-estreno-de-trato-hecho-2ea8626dae49</link>
            <guid isPermaLink="false">https://medium.com/p/2ea8626dae49</guid>
            <category><![CDATA[eventos]]></category>
            <dc:creator><![CDATA[Isaac Vázquez]]></dc:creator>
            <pubDate>Fri, 29 Aug 2014 00:48:24 GMT</pubDate>
            <atom:updated>2016-12-28T20:04:37.088Z</atom:updated>
            <content:encoded><![CDATA[<h3>Gracias por acompañarnos en el estreno de Trato Hecho</h3><p>El miércoles 20 de agosto se llevó a cabo Trato Hecho, el evento de networking para inmobiliarios. Ya puedes ver las fotos del evento en <a href="https://www.facebook.com/tratohechomexico">nuestra página de Facebook</a>, recuerda darle like y etiquetarte en las fotos.</p><figure><img alt="trato" src="https://cdn-images-1.medium.com/max/590/0*VWigAuU6PlFNN3XG.jpg" /></figure><p>Actualmente Trato Hecho sólo se lleva a cabo en la Ciudad de México pero esperamos llegar a más ciudades para compartir esta experiencia contigo. Te esperamos en el próximo Trato Hecho.</p>]]></content:encoded>
        </item>
        <item>
            <title><![CDATA[Unimos fuerzas con Metros Cúbicos]]></title>
            <link>https://blog.easybroker.com/unimos-fuerzas-con-metros-c%C3%BAbicos-4e88569788eb</link>
            <guid isPermaLink="false">https://medium.com/p/4e88569788eb</guid>
            <category><![CDATA[gestión-de-inmuebles]]></category>
            <category><![CDATA[easybroker]]></category>
            <category><![CDATA[marketing]]></category>
            <dc:creator><![CDATA[Isaac Vázquez]]></dc:creator>
            <pubDate>Sat, 23 Aug 2014 00:30:35 GMT</pubDate>
            <atom:updated>2016-12-28T20:04:26.442Z</atom:updated>
            <content:encoded><![CDATA[<figure><img alt="EB y M3" src="https://cdn-images-1.medium.com/max/530/0*lmCU5YCM6D7kYD8Z.jpg" /></figure><p>Trabajamos con <a href="http://www.metroscubicos.com/home/distrito-federal">Metros Cúbicos</a> durante un mes en pruebas piloto y ya estamos listos para anunciar oficialmente nuestra alianza. A partir de este momento puedes publicar desde EasyBroker con Metros Cúbicos, uno de los portales inmobiliarios más importante en México con más de 13 años de experiencia. Es necesario que tengas cuenta con ellos ya que para publicar debes ingresa tu ID de usuario. Para localizar este ID debes ingresar a tu cuenta de Metros Cúbicos en <a href="http://ventaja.metroscubicos.com/">ventaja.metroscubicos.com</a>. Da clic en la sección <em>Mi cuenta </em>y localiza tu ID del lado derecho en donde dice <em>CustomerID.</em></p><figure><img alt="EB y M3" src="https://cdn-images-1.medium.com/max/550/0*-K3Mx01voB6ctd5e.png" /></figure><p>Para publicar desde EasyBroker debes ingresar a tu cuenta, ir a <em>Configuraciones</em> y elegir la opción de <em>Sitios Afiliados Premium</em>. Elige la casilla de Metros Cúbicos e ingresa tu número de ID.</p><figure><img alt="EB" src="https://cdn-images-1.medium.com/max/597/0*93vH9gkaLzZjGgHY.png" /></figure><p>Después de habilitar esta opción es importante que avises a tu ejecutivo de cuenta en Metros Cúbicos para que puedan iniciar la importación automática de tus propiedades. Es necesario que la ubicación de tu propiedad sea en una colonia oficialmente registrada ya que de no ser así puede causar conflicto al no encontrar la ubicación.</p><p>Publicando en Metros Cúbicos desde EasyBroker te ahorrarás tiempo y podrás tener una gestión más eficiente en la publicación de tus propiedades para tener todo bajo control con una misma herramienta.</p>]]></content:encoded>
        </item>
        <item>
            <title><![CDATA[Goplaceit se une con EasyBroker]]></title>
            <link>https://blog.easybroker.com/goplaceit-se-une-con-easybroker-783da1ab0fd</link>
            <guid isPermaLink="false">https://medium.com/p/783da1ab0fd</guid>
            <category><![CDATA[marketing]]></category>
            <category><![CDATA[easybroker]]></category>
            <category><![CDATA[red-de-easybroker]]></category>
            <dc:creator><![CDATA[Isaac Vázquez]]></dc:creator>
            <pubDate>Fri, 15 Aug 2014 18:41:08 GMT</pubDate>
            <atom:updated>2016-12-28T20:04:18.497Z</atom:updated>
            <content:encoded><![CDATA[<p>Tus propiedades ahora aparecerán en <a href="http://www.goplaceit.com/">Goplaceit</a>. Goplaceit es un portal inmobiliario con presencia en México, Chile, Colombia, Argentina, Perú, Venezuela y Uruguay. Su propuesta combinada con EasyBroker te ayudará a llegar a más clientes potenciales. Además, Goplaceit cuenta con una aplicación para móvil de tal modo que muchas más personas puedan accesar a ver tus propiedades sin problema desde su celular o cualquier otro dispositivo móvil.</p><figure><img alt="Goplaceit se une a EasyBroker" src="https://cdn-images-1.medium.com/max/500/0*XkJ8g6-YSbj7vGhQ.jpg" /></figure><p>Tus anuncios se publicarán de forma automática en Goplaceit.com pero toma en cuenta que pueden tardar hasta 48 horas en aparecer en el sitio, como en los otros sitios afiliados. Estamos contentos de poderles ofrecer esta nueva alianza.</p>]]></content:encoded>
        </item>
        <item>
            <title><![CDATA[Trato Hecho ]]></title>
            <link>https://blog.easybroker.com/trato-hecho-fcd03701631b</link>
            <guid isPermaLink="false">https://medium.com/p/fcd03701631b</guid>
            <category><![CDATA[eventos]]></category>
            <dc:creator><![CDATA[Isaac Vázquez]]></dc:creator>
            <pubDate>Tue, 05 Aug 2014 16:26:34 GMT</pubDate>
            <atom:updated>2016-12-28T20:05:19.948Z</atom:updated>
            <content:encoded><![CDATA[<h3>Trato Hecho</h3><p>Te invitamos a Trato Hecho, el evento de networking en el que podrás crear alianzas y ponerte en contacto con profesionales del sector inmobiliario acompañado de un rico cocktail a mitad de semana.</p><p>Ven y se te abrirán las puertas para llegar a más clientes y aumentar tu portafolio de propiedades.</p><figure><img alt="Trato Hecho" src="https://cdn-images-1.medium.com/max/498/0*urG3Ai8N1_bOG_ox.png" /></figure><p>El evento se llevará a cabo en nuestras oficinas ubicadas en Av. Álvaro Obregón 1er piso, Col. Roma Norte, México DF. Los estaremos esperando a partir de las 7pm hasta las 10pm. Puedes ver más información y confirmar tu asistencia en <a href="https://tratohecho.boletia.com/">Trato Hecho</a>. El cupo es limitado y puedes invitar a tus compañeros inmobiliarios.</p>]]></content:encoded>
        </item>
        <item>
            <title><![CDATA[Conoce la nueva plantilla Oslo]]></title>
            <link>https://blog.easybroker.com/conoce-la-nueva-plantilla-oslo-134f7b28d0a6</link>
            <guid isPermaLink="false">https://medium.com/p/134f7b28d0a6</guid>
            <category><![CDATA[novedades]]></category>
            <category><![CDATA[easybroker]]></category>
            <category><![CDATA[diseño-web]]></category>
            <dc:creator><![CDATA[Isaac Vázquez]]></dc:creator>
            <pubDate>Thu, 17 Jul 2014 22:47:19 GMT</pubDate>
            <atom:updated>2016-12-28T20:04:25.547Z</atom:updated>
            <content:encoded><![CDATA[<figure><img alt="Compatible con dispositivos móviles" src="https://cdn-images-1.medium.com/max/590/0*5NHBCvGfPve3KLVA.png" /></figure><p>Tenemos una nueva plantilla perfecta para darle una imagen fresca a tu sitio web.</p><p>Esta plantilla tiene un diseño moderno, útil y fácil de usar. Para probarla ve al editor de tu sitio web en tu cuenta de EasyBroker. En la pestaña de <em>Diseño</em> elige la plantilla Oslo y escoge entre los nueve colores el que mejor vaya con tu imagen corporativa.</p><figure><img alt="plantillas" src="https://cdn-images-1.medium.com/max/640/0*5SXjGkAh3Z7emvav.png" /></figure><p>Esta plantilla también ha sido diseñada para mostrarse de manera óptima en dispositivos móviles, de manera que tus clientes puedan ver tus propiedades desde su celular o tablet.</p><figure><img alt="Optimizado para dispositivos móviles" src="https://cdn-images-1.medium.com/max/640/0*0W31G9NWSX4PDGAs.png" /></figure><p>Puedes empezar a usar Oslo desde este momento, ingresa a tu cuenta de EasyBroker y pruébala.</p>]]></content:encoded>
        </item>
    </channel>
</rss>