<?xml version="1.0" encoding="UTF-8"?><rss xmlns:dc="http://purl.org/dc/elements/1.1/" xmlns:content="http://purl.org/rss/1.0/modules/content/" xmlns:atom="http://www.w3.org/2005/Atom" version="2.0" xmlns:cc="http://cyber.law.harvard.edu/rss/creativeCommonsRssModule.html">
    <channel>
        <title><![CDATA[EasyBroker - Medium]]></title>
        <description><![CDATA[Consejos, noticias y mejores prácticas para hacer más competitiva tu inmobiliaria. - Medium]]></description>
        <link>https://blog.easybroker.com</link>
        <image>
            <url>https://cdn-images-1.medium.com/proxy/1*TGH72Nnw24QL3iV9IOm4VA.png</url>
            <title>EasyBroker - Medium</title>
            <link>https://blog.easybroker.com</link>
        </image>
        <generator>Medium</generator>
        <lastBuildDate>Mon, 03 Dec 2018 18:45:57 GMT</lastBuildDate>
        <atom:link href="https://blog.easybroker.com/feed" rel="self" type="application/rss+xml"/>
        <webMaster><![CDATA[yourfriends@medium.com]]></webMaster>
        <atom:link href="http://medium.superfeedr.com" rel="hub"/>
        <item>
            <title><![CDATA[¡Encuentra propiedades fácilmente desde cualquier lugar de EasyBroker!]]></title>
            <link>https://blog.easybroker.com/encuentra-propiedades-f%C3%A1cilmente-desde-cualquier-lugar-de-easybroker-3322be48030d</link>
            <guid isPermaLink="false">https://medium.com/p/3322be48030d</guid>
            <category><![CDATA[gestión-de-inmuebles]]></category>
            <category><![CDATA[easybroker]]></category>
            <category><![CDATA[novedades]]></category>
            <category><![CDATA[general]]></category>
            <dc:creator><![CDATA[Isaac Vázquez]]></dc:creator>
            <pubDate>Thu, 30 Apr 2015 22:30:20 GMT</pubDate>
            <atom:updated>2018-08-27T22:28:35.412Z</atom:updated>
            <content:encoded><![CDATA[<figure><img alt="" src="https://cdn-images-1.medium.com/max/812/1*Yp4mbPTJ2nM0n7o_HlW4Ww.png" /></figure><p>Ahora también puedes encontrar propiedades desde tu móvil o cualquier dispositivo utilizando el campo principal de búsqueda en EasyBroker, así que puedes ir al inmueble que deseas sin tener que ubicarte en el menú principal de propiedades.</p><figure><img alt="" src="https://cdn-images-1.medium.com/max/367/1*ecPnjZw6FPvRcXcn74aEHg.png" /></figure><p>Puedes dar clic en la opción <em>Ver todos los resultados de propiedades </em>y se mostrarán de manera más detallada todos los resultados que coinciden con tu búsqueda, así tienes la opción de exportarlos o generar reportes.</p><p>Hemos implementado esta característica a petición de muchos de ustedes, ¡así que nos encantaría que lo prueben y nos cuenten qué les parece!</p>]]></content:encoded>
        </item>
        <item>
            <title><![CDATA[Selecciona colonias de distintas ciudades, delegaciones y municipios en una misma Búsqueda guardada]]></title>
            <link>https://blog.easybroker.com/selecciona-colonias-de-distintas-ciudades-delegaciones-y-municipios-en-una-misma-b%C3%BAsqueda-guardada-b7ad42ce431d</link>
            <guid isPermaLink="false">https://medium.com/p/b7ad42ce431d</guid>
            <category><![CDATA[easybroker]]></category>
            <category><![CDATA[novedades]]></category>
            <dc:creator><![CDATA[Isaac Vázquez]]></dc:creator>
            <pubDate>Mon, 13 Apr 2015 23:05:05 GMT</pubDate>
            <atom:updated>2018-08-27T22:05:34.712Z</atom:updated>
            <content:encoded><![CDATA[<figure><img alt="" src="https://cdn-images-1.medium.com/max/812/1*lCHuE0k-BxSBOtFyK81OlQ.png" /></figure><p>Ahorra tiempo dentro de las <em>Búsquedas guardadas</em> de propiedades ubicadas en colonias o zonas de distintos municipios y delegaciones, así como en áreas más grandes y generales o incluso municipios enteros. Por ejemplo, si uno de tus clientes te pide que busques propiedades en las colonias Roma Norte, Polanco y todas las de la delegación Benito Juárez, puedes hacerlo en una única búsqueda.</p><p>Si quieres agregar municipios, delegaciones o ciudades también puedes hacerlo, lo único que debes tener en cuenta es que la búsqueda sólo puede realizarse con ubicaciones dentro del mismo estado o provincia. Para utilizar esta nueva característica de EasyBroker, sólo tienes que seleccionar un contacto, crear una nueva <em>Búsqueda guardada</em> y agregar las colonias o zonas que deseas. Verás que una vez que has seleccionado el estado, podrás ir agregando las ubicaciones que desees con sólo ir tecleando las primeras letras de cada una.</p><p>Recuerda que tus búsquedas antiguas también pueden ser editadas para utilizar este cambio, de este modo no tendrás que crear muchas búsquedas para cada cliente.</p><p>Coméntanos qué te parece este cambio y en qué aspecto consideras que te resultará útil. Si tienes alguna sugerencia, no dudes en escribirnos.</p>]]></content:encoded>
        </item>
        <item>
            <title><![CDATA[¡Muestra al asesor asignado de cada propiedad dentro de tu sitio web!]]></title>
            <link>https://blog.easybroker.com/muestra-al-asesor-asignado-de-cada-propiedad-dentro-de-tu-sitio-web-ed0c1526b526</link>
            <guid isPermaLink="false">https://medium.com/p/ed0c1526b526</guid>
            <category><![CDATA[novedades]]></category>
            <category><![CDATA[easybroker]]></category>
            <category><![CDATA[general]]></category>
            <category><![CDATA[gestión-de-inmuebles]]></category>
            <dc:creator><![CDATA[Isaac Vázquez]]></dc:creator>
            <pubDate>Sat, 28 Mar 2015 01:12:25 GMT</pubDate>
            <atom:updated>2018-08-27T21:05:40.887Z</atom:updated>
            <content:encoded><![CDATA[<p>Sabemos lo importante que es generar confianza en tus clientes potenciales y mostrar una cara más humana y accesible, por lo que ahora la fotografía y el celular de tus agentes se mostrarán en los anuncios de propiedades en tu sitio web. De esta manera las personas que estén interesadas en una propiedad sabrán exactamente a quién dirigirse.</p><figure><img alt="" src="https://cdn-images-1.medium.com/max/812/1*UctpjbvNF4EUc4nRT-ui7w.png" /></figure><p>Para activar o desactivar esta opción, tienes que entrar a tu cuenta de EasyBroker, ir a <em>Mi Sitio Web</em>, hacer clic en la pestaña de <em>Configuraciones</em> y seleccionar la opción de <em>Mostrar perfiles de agentes</em>.</p><figure><img alt="" src="https://cdn-images-1.medium.com/max/777/1*AQYbGdrcVhum3KhC21clwg.png" /></figure><p>Recuerda que para obtener el mayor provecho de este cambio, tus agentes deben tener actualizados el celular y la fotografía de su perfil. Esto se logra haciendo clic en <em>Mi perfil,</em> en la esquina superior derecha. Cada uno de tus asesores puede hacerlo, ¡seguro querrán elegir su foto favorita! La otra opción es que el administrador de la cuenta, entre a Configuraciones, de clic en Usuarios y ahí suba las fotos y actualice los celulares de cada uno de los agentes.</p><figure><img alt="" src="https://cdn-images-1.medium.com/max/212/1*qqr0XWnNT-6Q3oN3kOi8Xw.png" /></figure><p>Gracias a este cambio tus asesores pueden ser percibidos con un toque extra de cercanía y confianza por tus clientes potenciales. ¿Qué te parece esta modificación? Escríbenos y déjanos conocer tu opinión.</p>]]></content:encoded>
        </item>
        <item>
            <title><![CDATA[¡Trato Hecho es hoy!]]></title>
            <link>https://blog.easybroker.com/trato-hecho-es-hoy-bf8ab35a0201</link>
            <guid isPermaLink="false">https://medium.com/p/bf8ab35a0201</guid>
            <category><![CDATA[novedades]]></category>
            <category><![CDATA[eventos]]></category>
            <category><![CDATA[general]]></category>
            <dc:creator><![CDATA[Isaac Vázquez]]></dc:creator>
            <pubDate>Thu, 19 Mar 2015 16:41:14 GMT</pubDate>
            <atom:updated>2016-12-28T20:04:22.141Z</atom:updated>
            <content:encoded><![CDATA[<figure><img alt="trato-mailing-hoy" src="https://cdn-images-1.medium.com/max/600/0*R2o9JrZxYgA8PbsP.png" /></figure><p>¡Llegó el día! Trato Hecho es esta noche a las 7:30pm en nuestras oficinas de la colonia Roma Norte.</p><p>¡Los esperamos!</p>]]></content:encoded>
        </item>
        <item>
            <title><![CDATA[Navega en menos páginas para encontrar propiedades o contactos]]></title>
            <link>https://blog.easybroker.com/navega-en-menos-p%C3%A1ginas-para-encontrar-propiedades-o-contactos-da3b3b78856c</link>
            <guid isPermaLink="false">https://medium.com/p/da3b3b78856c</guid>
            <category><![CDATA[novedades]]></category>
            <category><![CDATA[gestión-de-inmuebles]]></category>
            <category><![CDATA[easybroker]]></category>
            <category><![CDATA[general]]></category>
            <dc:creator><![CDATA[Isaac Vázquez]]></dc:creator>
            <pubDate>Thu, 19 Mar 2015 01:04:10 GMT</pubDate>
            <atom:updated>2018-08-27T21:44:17.841Z</atom:updated>
            <content:encoded><![CDATA[<figure><img alt="" src="https://cdn-images-1.medium.com/max/1024/1*4CAagdZic91rbZeVxeL14w.png" /></figure><p>Cada que realices una búsqueda, los resultados incluirán hasta 18 elementos dentro del listado de propiedades y contactos para que encuentres más rápido lo que deseas ver y que no tengas que navegar más tiempo!</p>]]></content:encoded>
        </item>
        <item>
            <title><![CDATA[¡Ya puedes definir tu comisión y términos de colaboración en la Red de EasyBroker!]]></title>
            <link>https://blog.easybroker.com/ya-puedes-definir-tu-comisi%C3%B3n-y-t%C3%A9rminos-de-colaboraci%C3%B3n-en-la-red-de-easybroker-79b82120c699</link>
            <guid isPermaLink="false">https://medium.com/p/79b82120c699</guid>
            <category><![CDATA[general]]></category>
            <category><![CDATA[novedades]]></category>
            <category><![CDATA[easybroker]]></category>
            <category><![CDATA[gestión-de-inmuebles]]></category>
            <dc:creator><![CDATA[Isaac Vázquez]]></dc:creator>
            <pubDate>Mon, 09 Mar 2015 19:28:20 GMT</pubDate>
            <atom:updated>2018-08-27T20:50:51.242Z</atom:updated>
            <content:encoded><![CDATA[<p>¡Acabamos de incluir apartados especiales para que puedas especificar cuál será la comisión pactada para cada propiedad que tengas en tu inventario! La información que incluyas en este campo es privada y sólo pueden verla los miembros de tu equipo. Podrás precisar la comisión de venta y renta, si es por cantidad fija, por porcentaje, por meses o sobre el valor total del contrato.</p><figure><img alt="" src="https://cdn-images-1.medium.com/max/605/1*dpF5ve89b4diL9wz3WS4dA.png" /></figure><p>También verás que hemos incluido una nueva área: opciones de colaboración, dónde podrás detallar tus términos para compartir propiedades con otros asesores que pertenezcan a la Red de EasyBroker. Haz que los demás asesores sepan sin necesidad de establecer contacto cuando compartes comisión, de qué tipo y cuáles son tus condiciones. Incluso agregamos un campo de notas para colaboradores, en el que podrás ser aún más específico con lo que esperas de la negociación. Las propiedades que ya tenías en tu inventario antes de este campo, aparecerán como <em>Sin comisión compartida</em>, pero puedes cambiarlo entrando a editar la propiedad.</p><figure><img alt="" src="https://cdn-images-1.medium.com/max/619/1*SCiw96RVpgW07WMKgwhsLA.png" /></figure><figure><img alt="" src="https://cdn-images-1.medium.com/max/812/1*eAYxCBtFetc2T6ODsAPcJQ.png" /></figure><figure><img alt="" src="https://cdn-images-1.medium.com/max/808/1*vxXG7Sjm8H8adfbTdgLm2w.png" /></figure><p>¡Recuerda que la idea es que tú también ahorres tiempo enterándote de las condiciones de otros asesores para compartir la propiedad, ya que tienes la información disponible antes de llamarles o escribirles!</p>]]></content:encoded>
        </item>
        <item>
            <title><![CDATA[¡El siguiente Trato Hecho ya está aquí!]]></title>
            <link>https://blog.easybroker.com/el-siguiente-trato-hecho-ya-est%C3%A1-aqu%C3%AD-bb86637beffa</link>
            <guid isPermaLink="false">https://medium.com/p/bb86637beffa</guid>
            <category><![CDATA[novedades]]></category>
            <category><![CDATA[eventos]]></category>
            <category><![CDATA[marketing]]></category>
            <category><![CDATA[easybroker]]></category>
            <dc:creator><![CDATA[Isaac Vázquez]]></dc:creator>
            <pubDate>Tue, 03 Mar 2015 21:41:05 GMT</pubDate>
            <atom:updated>2016-12-28T20:04:45.841Z</atom:updated>
            <content:encoded><![CDATA[<figure><img alt="invitacion-w-dia" src="https://cdn-images-1.medium.com/max/600/0*yBh8B-iF-8gucV6I.png" /></figure><p>Ya estamos afinando los detalles para el siguiente evento de Trato Hecho que será el jueves 19 de marzo a las 7:30pm.</p><p>Trato Hecho es el evento de networking inmobiliario en la Ciudad de México y una increíble oportunidad para ampliar las oportunidades de hacer negocio con otros colegas del sector.</p><p>¡Recuerda que puedes invitar a otros colegas y no olvides confirmar tu asistencia ya que el cupo es limitado! Puedes confirmar tu asistencia mediante el siguiente <a href="https://www.facebook.com/events/1541947129427258">evento en Facebook</a>, el mail soporte@easybroker.com o por teléfono al 6387 1074.</p>]]></content:encoded>
        </item>
        <item>
            <title><![CDATA[Ve sólo las propiedades que tienes disponibles en tu inventario]]></title>
            <link>https://blog.easybroker.com/ve-s%C3%B3lo-las-propiedades-que-tienes-disponibles-en-tu-inventario-7bfd16efb606</link>
            <guid isPermaLink="false">https://medium.com/p/7bfd16efb606</guid>
            <category><![CDATA[easybroker]]></category>
            <category><![CDATA[novedades]]></category>
            <category><![CDATA[gestión-de-inmuebles]]></category>
            <category><![CDATA[general]]></category>
            <dc:creator><![CDATA[Isaac Vázquez]]></dc:creator>
            <pubDate>Tue, 03 Mar 2015 18:06:36 GMT</pubDate>
            <atom:updated>2018-08-27T18:53:09.640Z</atom:updated>
            <content:encoded><![CDATA[<p>Afortunadamente ya podemos olvidar lo doloroso que era ver siempre las propiedades vendidas o rentadas dentro del listado de propiedades cuando ya las habíamos cerrado y estábamos listos para trabajar en otras propiedades! Ahora puedes escoger cuándo añadirlas a los resultados de búsqueda o simplemente ocultarlas y sólo mostrarlas cuando quieres consultar el historial de alguna venta pasada. Para mostrarlas sólo asegúrate que la casilla de <em>Incluir cerradas</em> esté marcada.</p><figure><img alt="" src="https://cdn-images-1.medium.com/max/712/1*KVGdF5BLZ3Dcn3ke-RpkIw.png" /></figure><p>También desactivamos la opción para eliminar propiedades de tu inventario, ya que conocemos la situación de clientes que han eliminado esas propiedades por error y el historial e información valiosa de todas las ventas ya realizadas se ha perdido. La parte buena es que puedes ocultar los inmuebles que ya no están disponibles del listado de propiedades, así sólo verás las que están listas para venderse! Puedes cambiar el estatus de las propiedades que ya hayas cerrado en algún trato definitivo y después ocultarlas para que no te aparezcan como resultados de búsqueda o en el listado de propiedades.</p><p>Visita nuestra entrada en el blog de ayuda respecto a <a href="http://blog.easybroker.com/es/2010-07-pasos-para-vender-o-alquilar-un-inmueble-con-easybroker/">cómo cambiar el estatus de la propiedad</a> si necesitas más información.</p><p>Recuerda que todos los cambios que realizamos en EasyBroker son pensados en hacer tu labor diaria más fácil! Por favor contáctanos si quieres darnos tu opinión acerca de este cambio o si tienes más consultas y sugerencias.</p>]]></content:encoded>
        </item>
        <item>
            <title><![CDATA[Ya puedes ubicar tus propiedades de manera más fácil sin saber la dirección exacta]]></title>
            <link>https://blog.easybroker.com/ya-puedes-ubicar-tus-propiedades-de-manera-m%C3%A1s-f%C3%A1cil-sin-saber-la-direcci%C3%B3n-exacta-b174b2f5fb40</link>
            <guid isPermaLink="false">https://medium.com/p/b174b2f5fb40</guid>
            <category><![CDATA[novedades]]></category>
            <category><![CDATA[easybroker]]></category>
            <category><![CDATA[gestión-de-inmuebles]]></category>
            <dc:creator><![CDATA[Isaac Vázquez]]></dc:creator>
            <pubDate>Wed, 25 Feb 2015 18:06:53 GMT</pubDate>
            <atom:updated>2018-08-27T18:15:32.731Z</atom:updated>
            <content:encoded><![CDATA[<figure><img alt="" src="https://cdn-images-1.medium.com/max/867/1*brVS05x8Qz4xBb3JpgZXGw.png" /></figure><p>Actualizamos el campo de ubicación para que puedas agregar la calle, el número exterior, el número interior y la esquina más cercana. La calle dónde está la propiedad siempre saldrá en los anuncios, pero no así el número exacto del domicilio de la propiedad que siempre se mantendrá privada. De este modo, tu equipo y tus clientes podrán saber de forma más rápida y precisa dónde se encuentran tus propiedades aunque no sepan el número de la propiedad.</p><figure><img alt="" src="https://cdn-images-1.medium.com/max/693/1*ztLpqXPTDjZA7_QJOWyXlQ.png" /></figure><p>Los datos que tenías en el campo de dirección antes de este cambio los trasladamos a <em>Descripción privada</em> para que no los pierdas y que uses el campo de dirección sólo para el domicilio del inmueble, ya que este campo es ahora público. En <em>Descripción privada</em> puedes ingresar toda la información de la propiedad que quieres mantener para ti y tu equipo que no sea la dirección del inmueble y que te ayuda a recordar ciertos detalles importantes, como por ejemplo claves de acceso, datos generales de la zona donde está la propiedad, incluso si la casa está habitada.</p><p>Puedes avisarnos si necesitas apoyo para poner las direcciones de tus inmuebles en el nuevo campo y con gusto te ayudamos!</p>]]></content:encoded>
        </item>
        <item>
            <title><![CDATA[Nuevos filtros para búsquedas guardadas y propiedades]]></title>
            <link>https://blog.easybroker.com/nuevos-filtros-para-b%C3%BAsquedas-guardadas-y-propiedades-c4fe1097754d</link>
            <guid isPermaLink="false">https://medium.com/p/c4fe1097754d</guid>
            <category><![CDATA[red-de-easybroker]]></category>
            <category><![CDATA[easybroker]]></category>
            <category><![CDATA[novedades]]></category>
            <category><![CDATA[gestión-de-inmuebles]]></category>
            <dc:creator><![CDATA[Isaac Vázquez]]></dc:creator>
            <pubDate>Sat, 21 Feb 2015 01:41:02 GMT</pubDate>
            <atom:updated>2018-08-27T18:44:48.114Z</atom:updated>
            <content:encoded><![CDATA[<figure><img alt="" src="https://cdn-images-1.medium.com/max/911/1*G-EuMAXa-V3KWyBLtgZUBw.png" /></figure><p>Mejoramos las búsquedas guardadas y la Red de EasyBroker agregando la opción para filtrar por lugares de estacionamiento. De esta manera si un cliente te pide como requisito que una propiedad tenga cierto número de cajones de estacionamiento, podrás indicarlo en la búsqueda.</p><p>También mejoramos la Red de EasyBroker para que ahora puedas buscar filtrando por características, así que podrás encontrar fácilmente las propiedades que coinciden con lo que buscan tus clientes. De esta manera ahorrarás tiempo al refinar tu búsqueda y podrás mostrarle a tus clientes potenciales justo el inmueble que ellos desean!</p><figure><img alt="" src="https://cdn-images-1.medium.com/max/820/1*ZgQuajf81SLvfzw3Y1byLg.png" /></figure><p>Para saber más puedes revisar <a href="http://blog.easybroker.com/es/2014-09-la-red-de-easybroker-ya-esta-incluida-en-las-busquedas-guardadas/">cómo realizar búsquedas guardadas</a>, o escríbenos directamente para explicarte cómo funciona!</p>]]></content:encoded>
        </item>
    </channel>
</rss>