<?xml version="1.0" encoding="UTF-8"?><rss xmlns:dc="http://purl.org/dc/elements/1.1/" xmlns:content="http://purl.org/rss/1.0/modules/content/" xmlns:atom="http://www.w3.org/2005/Atom" version="2.0" xmlns:cc="http://cyber.law.harvard.edu/rss/creativeCommonsRssModule.html">
    <channel>
        <title><![CDATA[EasyBroker - Medium]]></title>
        <description><![CDATA[Consejos, noticias y mejores prácticas para hacer más competitiva tu inmobiliaria. - Medium]]></description>
        <link>https://blog.easybroker.com</link>
        <image>
            <url>https://cdn-images-1.medium.com/proxy/1*TGH72Nnw24QL3iV9IOm4VA.png</url>
            <title>EasyBroker - Medium</title>
            <link>https://blog.easybroker.com</link>
        </image>
        <generator>Medium</generator>
        <lastBuildDate>Mon, 03 Dec 2018 18:45:57 GMT</lastBuildDate>
        <atom:link href="https://blog.easybroker.com/feed" rel="self" type="application/rss+xml"/>
        <webMaster><![CDATA[yourfriends@medium.com]]></webMaster>
        <atom:link href="http://medium.superfeedr.com" rel="hub"/>
        <item>
            <title><![CDATA[¡Ya puedes pagar EasyBroker con deposito bancario!]]></title>
            <link>https://blog.easybroker.com/ya-puedes-pagar-easybroker-con-deposito-bancario-b64715ba3b8a</link>
            <guid isPermaLink="false">https://medium.com/p/b64715ba3b8a</guid>
            <category><![CDATA[easybroker]]></category>
            <category><![CDATA[novedades]]></category>
            <dc:creator><![CDATA[Isaac Vázquez]]></dc:creator>
            <pubDate>Wed, 27 Jul 2016 15:33:33 GMT</pubDate>
            <atom:updated>2018-09-21T18:53:31.963Z</atom:updated>
            <content:encoded><![CDATA[<figure><img alt="Realiza tu pago directamente en ventanilla." src="https://cdn-images-1.medium.com/max/505/0*kP2JoairS0gQphzG.jpg" /></figure><p>Para volver más cómodo el momento en que pagas tu cuenta de EasyBroker, ¡ahora puedes realizar un depósito bancario e ir directamente a ventanilla para cubrir tu siguiente periodo! Hemos agregado una opción con la que podrás acudir a cualquier banco Banorte y realizar el pago rápidamente.</p><p>Si quieres utilizar esta característica, sólo tienes que entrar a la sección de <em>Planes y Facturación</em>, dentro del menú de <em>Configuraciones</em>. Si das clic en <em>Cambiar método de pago</em>, verás que ahora tienes la opción de realizar un depósito bancario en Banorte. Selecciona esa opción y da clic en el botón de <em>Guardar</em> para que EasyBroker te muestre los datos que necesitas para hacer el depósito, y también puedes imprimir la referencia y llevarla directamente a la ventanilla.</p><figure><img alt="" src="https://cdn-images-1.medium.com/max/747/1*aSH4DWkOe0og5RwQJvt4Bw.png" /></figure><p>¡Esperamos que esta nueva opción de pago sea más cómodo para ti!</p>]]></content:encoded>
        </item>
        <item>
            <title><![CDATA[¡Aprovecha las tarifas especiales de Vivanuncios!]]></title>
            <link>https://blog.easybroker.com/aprovecha-las-tarifas-especiales-de-vivanuncios-88934816029a</link>
            <guid isPermaLink="false">https://medium.com/p/88934816029a</guid>
            <category><![CDATA[novedades]]></category>
            <category><![CDATA[easybroker]]></category>
            <category><![CDATA[marketing]]></category>
            <dc:creator><![CDATA[Isaac Vázquez]]></dc:creator>
            <pubDate>Thu, 21 Jul 2016 16:47:56 GMT</pubDate>
            <atom:updated>2016-12-28T20:04:01.505Z</atom:updated>
            <content:encoded><![CDATA[<figure><img alt="Disfruta las tarifas especiales de Vivanuncios" src="https://cdn-images-1.medium.com/max/780/0*W9NIAclJsKhO3Ayz.png" /></figure><p>Nuestros nuevos aliados de <em>Vivanuncios</em> nos dieron una muy buena noticia: si ya eres cliente de EasyBroker y quieres contratar un plan para anunciar tus inmuebles en su portal, puedes disfrutar estas tarifas exclusivas:</p><ul><li>Hasta 20 anuncios para tus inmuebles por $500 pesos al mes.</li><li>De 20 a 100 anuncios por $900 pesos mensuales.</li><li>Más de 100 inmuebles por $1,200 pesos al mes.</li></ul><p>Recuerda que <a href="https://blog.easybroker.com/es/2016-07-vivaanuncios-es-nuestro-nuevo-portal-premium/">podemos ayudarte con la integración</a> entre <em>EasyBroker</em> y <em>Vivanuncios</em> para que una vez que tengas una cuenta con ellos puedas publicar más rápidamente y llevar un mejor control de tu inventario. ¡Esperamos que nuestra nueva alianza te permita atraer más clientes potenciales y cerrar más operaciones!</p>]]></content:encoded>
        </item>
        <item>
            <title><![CDATA[¡Vivanuncios es nuestro nuevo portal premium!]]></title>
            <link>https://blog.easybroker.com/vivanuncios-es-nuestro-nuevo-portal-premium-906b445ef38d</link>
            <guid isPermaLink="false">https://medium.com/p/906b445ef38d</guid>
            <category><![CDATA[easybroker]]></category>
            <category><![CDATA[novedades]]></category>
            <category><![CDATA[gestión-de-inmuebles]]></category>
            <dc:creator><![CDATA[Isaac Vázquez]]></dc:creator>
            <pubDate>Thu, 07 Jul 2016 23:47:59 GMT</pubDate>
            <atom:updated>2016-12-28T20:04:00.364Z</atom:updated>
            <content:encoded><![CDATA[<figure><img alt="Vivanuncios es nuestro nuevo aliado." src="https://cdn-images-1.medium.com/max/780/0*hqd1e8tuKP5Ak_8t.png" /></figure><p>¡Nos alegra anunciar nuestra nueva alianza con Vivanuncios! Este portal se suma a los sitios afiliados premium con los que es posible hacer la integración en México para que las propiedades que colocas en EasyBroker también se publiquen en ellos.</p><p>Vivanuncios generará contactos en EasyBroker con las solicitudes de información que reciban tus propiedades. Si necesitas subir, editar o dar de baja un anuncio en ese portal, podrás hacerlo desde EasyBroker para que puedas controlar todo desde un sólo lugar. Recuerda también que necesitas una cuenta con Vivanuncios para poder publicar ahí.</p><p>La integración se hace de forma muy sencilla. Para poder conectar tu cuenta, debes entrar a <em>Sitios Afiliados Premium</em>, dentro del menú de <em>Configuraciones</em>. Una vez ahí, verás el logo de Vivanuncios, sólo debes hacer clic en el botón verde de <em>Conectar</em> para entrar a la sección en la que colocarás el correo con el que abriste tu cuenta con ellos:</p><figure><img alt="Conecta tu cuenta con tu correo de Vivanuncios." src="https://cdn-images-1.medium.com/max/1024/0*TEHGV1JVyepwd86L.jpg" /></figure><p>Una vez que haces esto, cuando estés dando de alta una propiedad las opciones de publicación incluirán Vivanuncios y desde ahí podrás enviarla a ese portal.</p><figure><img alt="Elige las propiedades que enviarás a Vivanuncios desde EasyBroker." src="https://cdn-images-1.medium.com/max/583/0*GNnycsnn9vtt-q7n.jpg" /></figure><p>Sabemos lo importante que es para ti poder anunciar tus propiedades para captar más clientes. Es por eso que esperamos que nuestra nueva alianza con Vivanuncios te ayude a llegar a más posibles clientes. Si tienes dudas respecto a la integración, escríbenos y con gusto te ayudaremos.</p>]]></content:encoded>
        </item>
        <item>
            <title><![CDATA[¡Ajustamos tus fotos a un tamaño mayor!]]></title>
            <link>https://blog.easybroker.com/ajustamos-tus-fotos-a-un-tama%C3%B1o-mayor-c1b6a3a2032b</link>
            <guid isPermaLink="false">https://medium.com/p/c1b6a3a2032b</guid>
            <category><![CDATA[diseño-web]]></category>
            <category><![CDATA[easybroker]]></category>
            <dc:creator><![CDATA[Isaac Vázquez]]></dc:creator>
            <pubDate>Thu, 19 May 2016 17:33:09 GMT</pubDate>
            <atom:updated>2018-09-17T22:32:38.387Z</atom:updated>
            <content:encoded><![CDATA[<figure><img alt="" src="https://cdn-images-1.medium.com/max/801/1*cYOuyze-DC33kqymO-C08A.png" /></figure><p>Para que tus inmuebles se vean aún mejor, hemos mejorado la forma en la que EasyBroker ajusta las fotografías que subes de cada propiedad. Cuando tomas una fotografía muy grande, automáticamente la ajustamos a un tamaño que sea menos pesado y más fácil de ver para tus clientes, sin importar en qué dispositivo ingresen a tu sitio web. Esto es una ventaja para ti: no tienes que preocuparte de editar cada una de las fotografías que colocas en una propiedad, ya que hacemos este ajuste por ti.</p><p>Notarás que las fotografías de tus propiedades, si son muy grandes, se reducirán a un tamaño en el que el lado mayor será de 1024 pixeles. De esta manera tus propiedades se verán muy bien en dispositivos con pantallas grandes o con mayor resolución, sin perder las ventajas de haber disminuido el tamaño para que tus clientes con conexiones más lentas puedan revisar tu sitio sin problemas.</p><p>Esta mejora también es para algunas mejoras que te anunciaremos próximamente y que permitirán que tus propiedades tengan una vista aún más atractiva.</p>]]></content:encoded>
        </item>
        <item>
            <title><![CDATA[¡Encuentra los clientes potenciales según lo que pidieron!]]></title>
            <link>https://blog.easybroker.com/encuentra-los-clientes-potenciales-seg%C3%BAn-lo-que-pidieron-7413caa68032</link>
            <guid isPermaLink="false">https://medium.com/p/7413caa68032</guid>
            <category><![CDATA[novedades]]></category>
            <category><![CDATA[consejos]]></category>
            <category><![CDATA[easybroker]]></category>
            <dc:creator><![CDATA[Isaac Vázquez]]></dc:creator>
            <pubDate>Tue, 19 Apr 2016 22:36:49 GMT</pubDate>
            <atom:updated>2018-09-17T22:12:51.098Z</atom:updated>
            <content:encoded><![CDATA[<figure><img alt="" src="https://cdn-images-1.medium.com/max/862/1*GnyKdqg-bfwaifg4ByKlzQ.png" /></figure><p>Seguramente en tus contactos ya hay personas a las que puede interesarles una propiedad que te interesa promover, pues cumple con las características que te habían solicitado. Como queremos ayudarte a hacerlo más rápidamente, hemos agregado a EasyBroker un par de características que aprovechan el cruce de datos entre lo que tus clientes te pidieron y las características de las propiedades.</p><p>¿Cómo puedes aprovecharlas? La primera forma de hacerlo es muy sencilla: puedes encontrar más fácilmente a los clientes cuyas peticiones coinciden con las características de la propiedad desde la ficha de propiedad: da clic en <em>Más acciones</em> y luego selecciona <em>Buscar clientes potenciales</em> para que la sección de contactos te muestre a las personas a las que podría interesarles ese inmueble.</p><figure><img alt="" src="https://cdn-images-1.medium.com/max/892/1*JgBLKFCv512zLuL0KVXK9A.png" /></figure><p>También te damos otra opción: para que no tengas que revisar uno por uno tus contactos, hemos agregado una función que te será útil: si entras a la sección de <em>Contactos</em> y haces clic en <em>Más filtros</em>, notarás que ahora puedes filtrar conforme a las características de la propiedad que te pidieron.</p><figure><img alt="" src="https://cdn-images-1.medium.com/max/862/1*81ZQvPmkpGSr6tJFvajOSQ.png" /></figure><p>Por ejemplo: uno de tus colegas te pregunta si tienes algún interesado en un departamento de cinco millones de pesos, tres habitaciones y ubicado en la colonia Roma. Si quieres encontrar a los contactos que buscan un inmueble con esas características, sólo tienes que colocar esos datos en la nueva sección de los filtros y rápidamente tendrás una lista de posibles interesados para esa propiedad que acabas de recibir.</p><figure><img alt="" src="https://cdn-images-1.medium.com/max/912/1*gMndGgQpnstQudHAS4x-_A.png" /></figure><p>¿Cómo es que EasyBroker sabe qué clientes son? La respuesta es sencilla: filtramos según lo que hayas colocado en las <em>alertas de propiedad</em>. Si quieres aprender más sobre cómo usar las alertas, te recomendamos leer <a href="https://blog.easybroker.com/es/2016-04-mejoramos-las-alertas-de-nuevas-propiedades/"><strong><em>¡Mejoramos las Alertas de Nuevas Propiedades!</em></strong></a></p><p>Esperamos que esta nueva característica te permita retomar oportunidades de negocio. ¡Cuéntanos qué te parece en los comentarios!</p>]]></content:encoded>
        </item>
        <item>
            <title><![CDATA[¡Mejoramos las Alertas de Nuevas Propiedades!]]></title>
            <link>https://blog.easybroker.com/mejoramos-las-alertas-de-nuevas-propiedades-350062e7a479</link>
            <guid isPermaLink="false">https://medium.com/p/350062e7a479</guid>
            <category><![CDATA[gestión-de-inmuebles]]></category>
            <category><![CDATA[easybroker]]></category>
            <dc:creator><![CDATA[Isaac Vázquez]]></dc:creator>
            <pubDate>Tue, 19 Apr 2016 18:35:18 GMT</pubDate>
            <atom:updated>2018-09-17T22:19:56.904Z</atom:updated>
            <content:encoded><![CDATA[<figure><img alt="" src="https://cdn-images-1.medium.com/max/1024/1*zZm5RpvxnE-_PtBpLuzUeQ.png" /></figure><p>¿Qué haces cuando un posible cliente te pide ayuda para encontrar una propiedad que cumpla con sus requisitos? Una de las opciones más fáciles es aprovechar la característica de las <em>Alertas de Nuevas Propiedades</em>, que te ayudará a encontrar inmuebles que coincidan con las características que te piden, ya sea en tu inventario o en la Red de EasyBroker. ¡De esta manera seguramente encontrarás algo que ofrecerle a esa persona!</p><p>Si esta característica te resulta familiar, es porque anteriormente se llamaba <em>Búsquedas Guardadas</em>. Notamos que este nombre no era del todo claro, así que aprovechamos para pulir algunos detalles y la relanzamos como las <em>Alertas de Nuevas Propiedades</em>. Para usar esta característica sólo tienes que entrar a la ficha del contacto y dar clic en la sección derecha que dice <em>Agregar una alerta de nuevas propiedades.</em></p><p>Esto te llevará al formulario en el que rellenas los campos con la información que te pidió el cliente: el tipo de operación, el precio, el tipo de propiedad, etcétera. En cuanto des clic en el botón <em>Guardar</em>, verás que la búsqueda quedará guardada en la ficha del contacto y podrás elegir qué resultados ver: si en tu inventario o en la Red de EasyBroker.</p><figure><img alt="" src="https://cdn-images-1.medium.com/max/392/1*AOlnyj5dueCBy18oxezgRg.png" /></figure><p>Como puedes ver, la alerta de propiedades funciona muy parecido a como era antes. Eso sí: ahora es más sencillo buscar tanto en tu inventario como en la Red de EasyBroker desde la ficha de contacto, y además es mucho más sencillo enviar varias fichas de propiedades potenciales desde la Red de EasyBroker seleccionándolas. ¡Disfruta esta característica y encuentra inmuebles para tus clientes!</p>]]></content:encoded>
        </item>
        <item>
            <title><![CDATA[¡Comparte el resumen semanal con tus usuarios!]]></title>
            <link>https://blog.easybroker.com/comparte-el-resumen-semanal-con-tus-usuarios-7f15439662c7</link>
            <guid isPermaLink="false">https://medium.com/p/7f15439662c7</guid>
            <category><![CDATA[email]]></category>
            <category><![CDATA[easybroker]]></category>
            <category><![CDATA[novedades]]></category>
            <dc:creator><![CDATA[Isaac Vázquez]]></dc:creator>
            <pubDate>Thu, 17 Mar 2016 18:17:22 GMT</pubDate>
            <atom:updated>2018-09-17T21:57:12.297Z</atom:updated>
            <content:encoded><![CDATA[<figure><img alt="" src="https://cdn-images-1.medium.com/max/734/1*tgn08rYaO1SEPkrLbAbNTQ.png" /></figure><p>El resumen semanal contiene estadísticas de tu negocio que pueden motivar a todo tu equipo. Compartir los logros, los datos y el trabajo que se realiza en tu inmobiliaria dejará claro a tus asesores que su esfuerzo contribuye al desempeño del equipo. Por ello, ahora puedes seleccionar qué miembros de tu cuenta recibirán el resumen semanal, que anteriormente era únicamente para el dueño de la cuenta y para administradores. Ahora los usuarios que decidas pueden recibirlo, sin importar si son administradores o no.</p><p>Para que tus asesores reciban el resumen semanal, sólo tienes que entrar a la sección de <em>Usuarios</em>, dentro de <em>Configuraciones</em>. Da clic en el usuario que deseas y verás que en la sección de <em>Preferencias</em> tienes la casilla de “Enviar resumen semanal”: da clic en ella y eso es todo, ese usuario recibirá el email cada semana. ¡Esperamos que este cambio te ayude a mantener a tus usuarios informados y motivados!</p>]]></content:encoded>
        </item>
        <item>
            <title><![CDATA[¡Renovamos las secciónes de Contactos y Propiedades!]]></title>
            <link>https://blog.easybroker.com/renovamos-las-secci%C3%B3nes-de-contactos-y-propiedades-cafa2ea134bf</link>
            <guid isPermaLink="false">https://medium.com/p/cafa2ea134bf</guid>
            <category><![CDATA[novedades]]></category>
            <category><![CDATA[easybroker]]></category>
            <category><![CDATA[gestión-de-inmuebles]]></category>
            <dc:creator><![CDATA[Isaac Vázquez]]></dc:creator>
            <pubDate>Wed, 09 Mar 2016 23:49:18 GMT</pubDate>
            <atom:updated>2016-12-28T20:04:38.238Z</atom:updated>
            <content:encoded><![CDATA[<figure><img alt="mailing-nuevo-show-screenshots1" src="https://cdn-images-1.medium.com/max/640/0*wgz8ufeprC8Qshyq.png" /></figure>]]></content:encoded>
        </item>
        <item>
            <title><![CDATA[¡Cambia el estatus de tus contactos más rápidamente!]]></title>
            <link>https://blog.easybroker.com/cambia-el-estatus-de-tus-contactos-m%C3%A1s-r%C3%A1pidamente-ca3d66e7b496</link>
            <guid isPermaLink="false">https://medium.com/p/ca3d66e7b496</guid>
            <category><![CDATA[easybroker]]></category>
            <category><![CDATA[novedades]]></category>
            <dc:creator><![CDATA[Isaac Vázquez]]></dc:creator>
            <pubDate>Tue, 01 Mar 2016 21:53:12 GMT</pubDate>
            <atom:updated>2018-09-17T21:30:31.493Z</atom:updated>
            <content:encoded><![CDATA[<figure><img alt="" src="https://cdn-images-1.medium.com/max/862/1*cS4I7QxUDYjJ4lTtp_uC4w.png" /></figure><p>¿Tienes muchos clientes potenciales que ya atendiste pero a los que no les cambiaste el estatus? ¿Quieres descartar a varios contactos a la vez? Ahora puedes hacer cambios masivos en el estatus de los contactos sin tener que entrar a cada uno de ellos por separado. Desde la sección de <em>Contactos</em> puedes seleccionar todos los clientes potenciales que necesites, para que una vez que hayas terminado puedas cambiar su estatus de forma rápida y masiva. Lo único que debes hacer es dar clic en el botón de <em>Acciones</em> que aparecerá en el menú que se abre una vez que seleccionas un contacto. Verás que ahora tienes la opción de cambiar los estatus de los contactos desde el menú que se despliega al dar clic.</p><p>Esta característica te ayudará especialmente cuando sabes el estatus de grupos de clientes y quieres cambiarlos rápidamente. También te puede servir cuando realizas una importación y quieres marcar todos tus contactos con un estatus en particular. ¡Esperamos que esta mejora sea de tu agrado!</p>]]></content:encoded>
        </item>
        <item>
            <title><![CDATA[¡Conversa con tus clientes con los mensajes de EasyAviso!]]></title>
            <link>https://blog.easybroker.com/conversa-con-tus-clientes-con-los-mensajes-de-easyaviso-faed8b4f12c2</link>
            <guid isPermaLink="false">https://medium.com/p/faed8b4f12c2</guid>
            <category><![CDATA[herramientas-tecnológicas]]></category>
            <category><![CDATA[easyaviso]]></category>
            <category><![CDATA[novedades]]></category>
            <dc:creator><![CDATA[Isaac Vázquez]]></dc:creator>
            <pubDate>Mon, 08 Feb 2016 22:32:15 GMT</pubDate>
            <atom:updated>2016-12-28T20:04:00.202Z</atom:updated>
            <content:encoded><![CDATA[<figure><img alt="Conversa con tus clientes directamente en EasyAviso" src="https://cdn-images-1.medium.com/max/1000/0*8HON2eaeTZ6NoooO.jpg" /></figure><p>Para un profesional inmobiliario, la velocidad en la respuesta a una solicitud de información es una gran ventaja sobre la competencia. Si contestas rápidamente lograrás dar una buena impresión a tu cliente potencial, pues sabrá que cuenta contigo para responder todas sus dudas sobre las propiedades que le interesan. Como sabemos que a veces es complicado contactar a los clientes por teléfono o correo electrónico, hemos modificado la sección de <em>Mensajes</em> dentro de <em>EasyAviso</em> para que puedas usarla como un chat con tus clientes potenciales.</p><p>Ahora cada que una persona te envíe un mensaje pidiéndote información sobre una propiedad, recibirás una notificación con un enlace a tu cuenta de <em>EasyAviso</em> para que puedas responderles y conversar con ellos de forma inmediata. Esta característica abre un nuevo canal de comunicación con tus clientes potenciales con múltiples beneficios, ya que podrás ver si lo que envías fue visto o no por el cliente. Además, con esta nueva función evitarás esos casos en los que el cliente deja mal sus datos de contacto y te deja sin alternativas para hablarle.</p><figure><img alt="Puedes ver cuando la otra persona vio tu mensaje" src="https://cdn-images-1.medium.com/max/556/0*eDIdJB4mX9_IJIvX.jpg" /></figure><p>Recuerda que si eres usuario de EasyBroker, también puedes disfrutar esta característica y conversar con las personas interesadas en tus propiedades. ¡Contáctanos para que te digamos cómo crear tu cuenta en EasyAviso y comenzar a chatear!</p>]]></content:encoded>
        </item>
    </channel>
</rss>