<?xml version="1.0" encoding="UTF-8"?><rss xmlns:dc="http://purl.org/dc/elements/1.1/" xmlns:content="http://purl.org/rss/1.0/modules/content/" xmlns:atom="http://www.w3.org/2005/Atom" version="2.0" xmlns:cc="http://cyber.law.harvard.edu/rss/creativeCommonsRssModule.html">
    <channel>
        <title><![CDATA[EasyBroker - Medium]]></title>
        <description><![CDATA[Consejos, noticias y mejores prácticas para hacer más competitiva tu inmobiliaria. - Medium]]></description>
        <link>https://blog.easybroker.com</link>
        <image>
            <url>https://cdn-images-1.medium.com/proxy/1*TGH72Nnw24QL3iV9IOm4VA.png</url>
            <title>EasyBroker - Medium</title>
            <link>https://blog.easybroker.com</link>
        </image>
        <generator>Medium</generator>
        <lastBuildDate>Mon, 03 Dec 2018 18:45:57 GMT</lastBuildDate>
        <atom:link href="https://blog.easybroker.com/feed" rel="self" type="application/rss+xml"/>
        <webMaster><![CDATA[yourfriends@medium.com]]></webMaster>
        <atom:link href="http://medium.superfeedr.com" rel="hub"/>
        <item>
            <title><![CDATA[¡Filtra contactos y propiedades en menos tiempo!]]></title>
            <link>https://blog.easybroker.com/filtra-contactos-y-propiedades-en-menos-tiempo-6bfb446a6f4b</link>
            <guid isPermaLink="false">https://medium.com/p/6bfb446a6f4b</guid>
            <category><![CDATA[consejos]]></category>
            <category><![CDATA[novedades]]></category>
            <category><![CDATA[easybroker]]></category>
            <category><![CDATA[general]]></category>
            <category><![CDATA[gestión-de-inmuebles]]></category>
            <dc:creator><![CDATA[Isaac Vázquez]]></dc:creator>
            <pubDate>Fri, 04 Jul 2014 19:52:47 GMT</pubDate>
            <atom:updated>2016-12-28T20:04:01.801Z</atom:updated>
            <content:encoded><![CDATA[<figure><img alt="filtro" src="https://cdn-images-1.medium.com/max/590/0*KuyozvMN52S0sQI1.png" /></figure><p>Hemos hecho los filtros en el apartado de Contactos y Propiedades más atractivos y accesibles: podrás filtrar tus datos sin tener que desplegar cada filtro por separado.</p><p>“Uso EasyBroker todos los días y puedo decir que ahora ahorro tiempo cuando quiero ubicar a mis contactos a través de estos filtros, y me gusta más que los campos están a la vista y sólo tengo que ingresar la información necesaria.”</p><p>Usar estos filtros hará más rápidas tus búsquedas y te dará mayor control de la información que necesites al momento.</p>]]></content:encoded>
        </item>
        <item>
            <title><![CDATA[Búsqueda de contactos más eficiente]]></title>
            <link>https://blog.easybroker.com/b%C3%BAsqueda-de-contactos-m%C3%A1s-eficiente-e787b17ce18b</link>
            <guid isPermaLink="false">https://medium.com/p/e787b17ce18b</guid>
            <category><![CDATA[novedades]]></category>
            <dc:creator><![CDATA[Isaac Vázquez]]></dc:creator>
            <pubDate>Mon, 23 Jun 2014 22:40:13 GMT</pubDate>
            <atom:updated>2016-12-28T20:04:09.675Z</atom:updated>
            <content:encoded><![CDATA[<p>Hemos mejorado la búsqueda de contactos en la barra superior de EasyBroker. El campo de buscar contacto es muy útil para localizar contactos rápidamente por nombre, correo electrónico, teléfono y compañía.</p><p>Antes no había manera de ver más resultados o ver los resultados detallados. Ahora puedes dar clic en la opción <em>Ver resultados para</em> y se mostrarán de manera más detallada todos los resultados que coinciden con tu búsqueda.</p><figure><img alt="BuscarContacto" src="https://cdn-images-1.medium.com/max/497/0*Q1FOv1CrA2Ui19Ve.png" /></figure><p>Ver los resultados detallados te ayudará a revisar si algún contacto está duplicado. En ese caso puedes unir ambos contactos. También puedes agregar o quitar etiquetas, marcar como clientes potenciales o asignar esos contactos a alguno de tus asesores.</p>]]></content:encoded>
        </item>
        <item>
            <title><![CDATA[Estrena el nuevo diseño del volante de propiedad]]></title>
            <link>https://blog.easybroker.com/estrena-el-nuevo-dise%C3%B1o-del-volante-de-propiedad-338473cbe744</link>
            <guid isPermaLink="false">https://medium.com/p/338473cbe744</guid>
            <category><![CDATA[gestión-de-inmuebles]]></category>
            <category><![CDATA[marketing]]></category>
            <category><![CDATA[novedades]]></category>
            <dc:creator><![CDATA[Isaac Vázquez]]></dc:creator>
            <pubDate>Thu, 12 Jun 2014 18:27:43 GMT</pubDate>
            <atom:updated>2016-12-28T20:04:23.582Z</atom:updated>
            <content:encoded><![CDATA[<p>Echa un vistazo al nuevo diseño del volante con la información de la propiedad. Sabemos que hay clientes que les gusta tener la información impresa, por eso decidimos mejorar el diseño de ambos volantes. Recuerda que puedes imprimirlo de dos maneras, con el domicilio o sin éste. El nuevo diseño le permite a tu cliente acceso a la información de la propiedad de una forma más clara y práctica. Antes era poca la información que podías imprimir en un volante y el diseño era poco atractivo. Actualmente el diseño es más limpio y resalta la información que le interesa a tu cliente.</p><figure><img alt="Nuevo volante" src="https://cdn-images-1.medium.com/max/500/0*yJ_m3LjM-EvUgt8W.png" /></figure><p>Este volante es útil cuando llevas a un cliente a visitar propiedades, puedes dejarle volantes con la información de varias propiedades que le puedan interesar. También, algunos de nuestros usuarios usan la ventana del frente de su inmobiliaria para anunciar propiedades, puedes imprimir algunos y pegarlos para atraer más clientes. O bien, si en tu inmobiliaria existe un pizarrón en el que anuncien de manera física propiedades, puedes imprimir el volante y pegarlo ahí.</p><figure><img alt="Cómo imprimir propiedad" src="https://cdn-images-1.medium.com/max/500/0*8NB0ZV-M3O0S2HTu.png" /></figure><p>Para imprimir un volante debes ingresar a la propiedad desde tu cuenta de EasyBroker. En la parte de arriba encontrarás un botón con la imagen de una impresora. Dale clic y elige entre las opciones de imprimir el volante con o sin domicilio. ¡Listo! Ahora tienes volantes para promover de otra manera tus propiedades.</p>]]></content:encoded>
        </item>
        <item>
            <title><![CDATA[Nuevo diseño en el correo de propiedad]]></title>
            <link>https://blog.easybroker.com/nuevo-dise%C3%B1o-en-el-correo-de-propiedad-124b0d5c1362</link>
            <guid isPermaLink="false">https://medium.com/p/124b0d5c1362</guid>
            <category><![CDATA[gestión-de-inmuebles]]></category>
            <category><![CDATA[red-de-easybroker]]></category>
            <category><![CDATA[marketing]]></category>
            <category><![CDATA[novedades]]></category>
            <dc:creator><![CDATA[Isaac Vázquez]]></dc:creator>
            <pubDate>Fri, 06 Jun 2014 20:07:19 GMT</pubDate>
            <atom:updated>2016-12-28T20:04:27.856Z</atom:updated>
            <content:encoded><![CDATA[<p>Hemos creado un nuevo diseño para el correo de información de propiedades que envías a tus clientes. Ya sea que tu cliente la solicite o tú quieras enviar información de una propiedad, este nuevo diseño hará más fácil para tus clientes ver la información de la propiedad que les interesa y contactarte con los datos necesarios para localizarla.</p><figure><img alt="Nuevo diseño" src="https://cdn-images-1.medium.com/max/500/0*dX2BoSmx1vrg9-7k.png" /></figure><p>Puedes mandar desde una hasta diez propiedades y también puedes enviar información de propiedades hasta a cinco destinatarios. Sabemos que tus clientes son lo más importante y por eso seguimos mejorando EasyBroker.</p>]]></content:encoded>
        </item>
        <item>
            <title><![CDATA[Agrega notas de manera fácil y rápida]]></title>
            <link>https://blog.easybroker.com/agrega-notas-de-manera-f%C3%A1cil-y-r%C3%A1pida-ad36ea427fdb</link>
            <guid isPermaLink="false">https://medium.com/p/ad36ea427fdb</guid>
            <category><![CDATA[novedades]]></category>
            <category><![CDATA[gestión-de-inmuebles]]></category>
            <dc:creator><![CDATA[Isaac Vázquez]]></dc:creator>
            <pubDate>Fri, 30 May 2014 17:52:32 GMT</pubDate>
            <atom:updated>2016-12-28T20:05:02.794Z</atom:updated>
            <content:encoded><![CDATA[<p>Usamos EasyBroker todos los días y descubrimos que al agregar notas era tardado estar navegando entre las opciones, ya sea para agregar documentos, categorías o fechas. Por eso, ahora la sección de notas es más práctica y bonita. Puedes agregar una nota y agregarle información extra con sólo dar click en los botones que aparecen en la parte baja.</p><figure><img alt="Notas nuevas" src="https://cdn-images-1.medium.com/max/558/0*XCgLd3TKpDKXurQ7.png" /></figure><p>Recuerda que puedes agregar notas para registrar conversaciones, llamadas o fechas importantes. Esto te ayuda a organizar mejor tu información y estar al tanto de cada uno de tus contactos y propiedades.</p>]]></content:encoded>
        </item>
        <item>
            <title><![CDATA[ Controla los sitios en los que se publican tus propiedades]]></title>
            <link>https://blog.easybroker.com/controla-los-sitios-en-los-que-se-publican-tus-propiedades-42d0e0a07f71</link>
            <guid isPermaLink="false">https://medium.com/p/42d0e0a07f71</guid>
            <category><![CDATA[red-de-easybroker]]></category>
            <category><![CDATA[gestión-de-inmuebles]]></category>
            <category><![CDATA[herramientas-tecnológicas]]></category>
            <dc:creator><![CDATA[Isaac Vázquez]]></dc:creator>
            <pubDate>Tue, 20 May 2014 22:49:09 GMT</pubDate>
            <atom:updated>2016-12-28T20:04:39.727Z</atom:updated>
            <content:encoded><![CDATA[<h3>Controla los sitios en los que se publican tus propiedades</h3><p>Tal vez algún día no querrás publicar tus anuncios en todos los sitios afiliados. Posiblemente sólo quieras publicarlos en EasyAviso y nada más. Antes sólo podías escoger si se publicaba en todos los sitios afiliados una propiedad en específico o ninguna de ellas. Ahora puedes elegir exactamente en qué sitios aparecerá tu listado publicado.</p><p>Para elegir en cuáles de nuestros sitios afiliados quieres ser publicado ve al menú de <em>Configuraciones</em> en tu perfil de EasyBroker y da click en <em>Opciones de publicación</em>.</p><figure><img alt="Elije donde publicar" src="https://cdn-images-1.medium.com/max/500/0*vodJ5M46ulQS7u_W.png" /></figure><p>Aquí verás una lista de todos los portales inmobiliarios donde puedes publicar tus anuncios. Basta con marcar o desmarcar el portal en el que deseas publicar y dentro de 24 a 48 horas los cambios se habrán realizado. Planeamos añadir nuevos sitios afiliados en un futuro cercano y con esto crear cambios que te ayuden a decidir fácilmente dónde te gustaría publicar.</p>]]></content:encoded>
        </item>
        <item>
            <title><![CDATA[Propiedades.com nuestro nuevo aliado en EasyBroker]]></title>
            <link>https://blog.easybroker.com/propiedades-com-nuestro-nuevo-aliado-en-easybroker-d706b7510e65</link>
            <guid isPermaLink="false">https://medium.com/p/d706b7510e65</guid>
            <category><![CDATA[easybroker]]></category>
            <category><![CDATA[marketing]]></category>
            <category><![CDATA[red-de-easybroker]]></category>
            <dc:creator><![CDATA[Isaac Vázquez]]></dc:creator>
            <pubDate>Fri, 16 May 2014 17:29:20 GMT</pubDate>
            <atom:updated>2016-12-28T20:05:09.331Z</atom:updated>
            <content:encoded><![CDATA[<p>¡Buenas noticias! Ahora tus propiedades aparecerán también en <a href="http://propiedades.com/">Propiedades.com</a>. Propiedades.com es un portal inmobiliario dedicado a bienes raíces en México.</p><figure><img alt="PropiedadesRESIZE.jpg" src="https://cdn-images-1.medium.com/max/500/0*DLiDIIXgNxCkQXPa.jpg" /></figure><p>Tus anuncios se publicarán de forma automática en Propiedades.com pero toma en cuenta que pueden tardar hasta 48 horas en aparecer en el sitio, como en los otros sitios afiliados. Esperamos la nueva alianza te ayude a captar aún más clientes potenciales.</p>]]></content:encoded>
        </item>
        <item>
            <title><![CDATA[Ya puedes publicar tus propiedades en un sólo paso]]></title>
            <link>https://blog.easybroker.com/ya-puedes-publicar-tus-propiedades-en-un-s%C3%B3lo-paso-731a85373174</link>
            <guid isPermaLink="false">https://medium.com/p/731a85373174</guid>
            <category><![CDATA[diseño-web]]></category>
            <category><![CDATA[easybroker]]></category>
            <category><![CDATA[novedades]]></category>
            <category><![CDATA[gestión-de-inmuebles]]></category>
            <dc:creator><![CDATA[Isaac Vázquez]]></dc:creator>
            <pubDate>Thu, 08 May 2014 18:19:38 GMT</pubDate>
            <atom:updated>2016-12-28T20:04:05.930Z</atom:updated>
            <content:encoded><![CDATA[<figure><img alt="add-property" src="https://cdn-images-1.medium.com/max/492/0*LxroAqK9Xm5TcMga.gif" /></figure><p>Publica tus inmuebles con un solo clic utilizando la nueva página de publicación de propiedad. Antes tenías que realizar cinco pasos para publicar o crear una propiedad, lo cual era un poco tedioso, especialmente si debías publicar una gran cantidad de propiedades. La mejora en el sistema hace que sea mucho más fácil y más rápido cargar propiedades; más aún si estás usando un dispositivo móvil.</p><figure><img alt="slideshow" src="https://cdn-images-1.medium.com/max/500/0*2eZXb0dZtk-me-Os.png" /></figure><p>Un campo que ya no encontrarás es la casilla de verificación <em>Marcar como propiedad destacada</em>. Por defecto, ahora todas tus propiedades publicadas que tengan imágenes serán mostradas como inmuebles en tu sitio web. Si prefieres seleccionar qué propiedades mostrar en una página destacada, ahora puedes filtrarlas por etiqueta. Esta nueva característica te permite crear varias páginas dentro de tu sitio web en las que podrás mostrar distintos conjuntos de propiedades anunciadas.</p><figure><img alt="feature-select" src="https://cdn-images-1.medium.com/max/500/0*5YVTW0CBuNuoEyYB.png" /></figure><p>Para elegir las propiedades que aparecerán en una página de tu sitio web como propiedades destacadas:</p><ul><li>Ingresa a tu perfil de EasyBroker y da clic sobre la opción <em>Mi sitio web</em> para editarlo</li><li>Haz clic en la ficha <em>Páginas</em></li><li>Selecciona la página que deseas editar o crea una nueva.</li><li>En la sección <em>Formato de la página</em> selecciona la opción <em>Propiedades destacadas</em></li><li>Baja hasta la sección <em>Filtrar por etiquetas</em> (la opción sólo aparece si realizas el paso anterior)</li><li>Ingresa las etiquetas de las propiedades que deseas filtrar</li><li>Haz clic en el botón <em>Actualizar</em></li></ul><p>Nota: la manera en que se visualizan las propiedades en tu sitio web depende del diseño que escojas.</p><p>Disfruta de las nuevas características y, como siempre, haznos saber si tienes algún comentario.</p>]]></content:encoded>
        </item>
        <item>
            <title><![CDATA[¡Analiza qué portales te generan más clientes potenciales!]]></title>
            <link>https://blog.easybroker.com/analiza-qu%C3%A9-portales-te-generan-m%C3%A1s-clientes-potenciales-e1ee2ddf3618</link>
            <guid isPermaLink="false">https://medium.com/p/e1ee2ddf3618</guid>
            <category><![CDATA[gestión-de-inmuebles]]></category>
            <category><![CDATA[marketing]]></category>
            <category><![CDATA[easybroker]]></category>
            <category><![CDATA[novedades]]></category>
            <category><![CDATA[general]]></category>
            <dc:creator><![CDATA[Isaac Vázquez]]></dc:creator>
            <pubDate>Wed, 12 Mar 2014 21:51:04 GMT</pubDate>
            <atom:updated>2016-12-28T20:04:58.121Z</atom:updated>
            <content:encoded><![CDATA[<figure><img alt="" src="https://cdn-images-1.medium.com/max/500/0*G8iP4xqRwGigoY2L.png" /></figure><p>Recientemente agregamos un reporte de marketing dentro de cada propiedad para que puedas obtener un resumen rápido de cuáles de nuestros portales afiliados generan la mayor cantidad de clientes potenciales. Este informe nos da un desglose de los clientes potenciales que has obtenido en los últimos 7, 15, 30 días o desde que la propiedad fue publicada.</p><p>El reporte de marketing te será útil para mantener informados a los propietarios de qué tan visitado es su inmueble y de cuántos contactos interesados tiene esa propiedad. También es ideal para ayudar a determinar cuáles fuentes ofrecen mayor oportunidad para captar clientes potenciales.</p>]]></content:encoded>
        </item>
        <item>
            <title><![CDATA[¡El nuevo EasyBroker te va a encantar!]]></title>
            <link>https://blog.easybroker.com/el-nuevo-easybroker-te-va-a-encantar-ce5c8177d2da</link>
            <guid isPermaLink="false">https://medium.com/p/ce5c8177d2da</guid>
            <category><![CDATA[gestión-de-inmuebles]]></category>
            <category><![CDATA[novedades]]></category>
            <category><![CDATA[easybroker]]></category>
            <category><![CDATA[general]]></category>
            <dc:creator><![CDATA[Isaac Vázquez]]></dc:creator>
            <pubDate>Mon, 24 Feb 2014 18:36:41 GMT</pubDate>
            <atom:updated>2016-12-28T20:04:24.707Z</atom:updated>
            <content:encoded><![CDATA[<figure><img alt="También puedes ver el nuevo diseño en tu smarphone o tableta" src="https://cdn-images-1.medium.com/max/528/0*UnsHyteCZ5wowtv-.png" /></figure><p>¿Has visto el nuevo EasyBroker? Recientemente lanzamos una versión más atractiva, y la puedes ver no sólo en tu computadora, sino también en tus dispositivos móviles. Ahora puedes dar el seguimiento a tus clientes potenciales y agregar nuevas propiedades donde quiera que estés.</p><p>También es más fácil y rápido buscar tus contactos. Busca por nombre, puesto, compañía, email o teléfono, ya sea desde el cuadro de búsqueda del CRM o dentro del apartado de <em>Contactos</em>.</p><figure><img alt="Busca contactos dentro de cualquier pagina del CRM" src="https://cdn-images-1.medium.com/max/528/0*IV9qwI7rU3_jnTgC.png" /></figure><p>¡Esperamos que disfruten el nuevo diseño, y sobre todo que les resulte muy útil!</p>]]></content:encoded>
        </item>
    </channel>
</rss>