<?xml version="1.0" encoding="UTF-8"?><rss xmlns:dc="http://purl.org/dc/elements/1.1/" xmlns:content="http://purl.org/rss/1.0/modules/content/" xmlns:atom="http://www.w3.org/2005/Atom" version="2.0" xmlns:cc="http://cyber.law.harvard.edu/rss/creativeCommonsRssModule.html">
    <channel>
        <title><![CDATA[EasyBroker - Medium]]></title>
        <description><![CDATA[Consejos, noticias y mejores prácticas para hacer más competitiva tu inmobiliaria. - Medium]]></description>
        <link>https://blog.easybroker.com</link>
        <image>
            <url>https://cdn-images-1.medium.com/proxy/1*TGH72Nnw24QL3iV9IOm4VA.png</url>
            <title>EasyBroker - Medium</title>
            <link>https://blog.easybroker.com</link>
        </image>
        <generator>Medium</generator>
        <lastBuildDate>Mon, 03 Dec 2018 18:45:57 GMT</lastBuildDate>
        <atom:link href="https://blog.easybroker.com/feed" rel="self" type="application/rss+xml"/>
        <webMaster><![CDATA[yourfriends@medium.com]]></webMaster>
        <atom:link href="http://medium.superfeedr.com" rel="hub"/>
        <item>
            <title><![CDATA[¡Los cambios y mejoras más importantes del 2017!]]></title>
            <link>https://blog.easybroker.com/los-cambios-y-mejoras-m%C3%A1s-importantes-del-2017-cc7953e44f5d</link>
            <guid isPermaLink="false">https://medium.com/p/cc7953e44f5d</guid>
            <dc:creator><![CDATA[Gustavo Astiazarán]]></dc:creator>
            <pubDate>Tue, 09 Jan 2018 19:44:23 GMT</pubDate>
            <atom:updated>2018-01-09T19:44:23.561Z</atom:updated>
            <content:encoded><![CDATA[<figure><img alt="" src="https://cdn-images-1.medium.com/max/1024/1*eO7RF5_V_wLqk-qn-EWS8Q.png" /></figure><p>En el 2017 trabajamos mucho para mejorar EasyBroker y asegurar que tienes todo lo que necesitas para alcanzar tus resultados y hacer crecer tu negocio. A continuación te compartimos los cambios más importantes:</p><ul><li><a href="https://blog.easybroker.com/responde-a-tus-clientes-con-la-nueva-funci%C3%B3n-de-mensajes-cee05bd4042d">Lanzamos la sección de mensajes para que te comuniques con tus clientes, prospectos</a> y <a href="https://blog.easybroker.com/comparte-propiedades-y-documentaci%C3%B3n-al-instante-con-otros-agentes-y-cierra-m%C3%A1s-operaciones-b9afed6936b">otros agentes</a> sin necesidad de salir de EasyBroker.</li><li><a href="https://blog.easybroker.com/ahora-los-contactos-se-asignan-autom%C3%A1ticamente-83750e379636">Hicimos posible que los contactos se asignen automáticamente a quien tiene asignada la propiedad</a>.</li><li>Renovamos nuestro sistema de facturación para que sólo pagues lo que utilizas mes con mes.</li><li>Rediseñamos la sección de Planes y Facturación para mostrarte la información de tu cuenta con más claridad. Con esto, también simplificamos el proceso para agregar usuarios.</li><li>Ahora los resultados de búsqueda desde Propiedades y Bolsa inmobiliaria se abren en una nueva pestaña del navegador, así no pierdes los filtros de búsqueda ni la página de resultados.</li><li><a href="https://blog.easybroker.com/actualizamos-nuestros-an%C3%A1lisis-comparativos-de-mercado-2d4668895b68">Agregamos los filtros de antigüedad y operaciones cerradas en los últimos 6 meses a nuestro análisis comparativo de mercado</a>.</li><li><a href="https://blog.easybroker.com/olv%C3%ADdate-de-los-problemas-por-contactos-duplicados-eb14a24610e0">Agregamos el filtro de posibles contactos duplicados y sugerencias de duplicados en las fichas de contactos</a>.</li><li><a href="https://blog.easybroker.com/nos-unimos-a-casas-y-terrenos-282e5ddf4849">Sumamos Casas y Terrenos</a> e iCasas a nuestra lista de portales premium.</li><li>Habilitamos la opción de conectar tu cuenta de EasyBroker con Facebook e ingresar desde la web o app.</li><li>Al crear una propiedad, mostramos sólo los campos que aplican para el tipo de propiedad seleccionado.</li><li>Mejoramos la forma de controlar las propiedades destacadas en cada portal vinculado, dándote la oportunidad de revisar cuales están destacadas desde la sección de vinculaciones, así no tienes que revisar una por una.</li><li>Incluimos los filtros de fecha de creación y fecha de publicación tanto en la Bolsa como en tus propiedades.</li><li>Permitimos incluir varios tipos de propiedades en las alertas de búsqueda.</li><li><a href="https://blog.easybroker.com/te-presentamos-ensenada-la-nueva-plantilla-para-tu-sitio-de-easybroker-b8e6b193016c">Lanzamos Ensenada, una nueva plantilla para tu sitio web</a>.</li><li><a href="https://blog.easybroker.com/tu-sitio-web-en-los-idiomas-que-lo-necesites-9af887a0199e">Agregamos la opción para que puedas elegir el idioma de tu sitio web</a>.</li></ul><p>Muchas gracias a todos por contribuir con sus sugerencias, esperamos que no dejen de hacerlo pues nos ayudan a mejorar y hacer EasyBroker más útil para ustedes. ¡Estamos convencidos que, trabajando juntos, 2018 será un gran año para todos!</p>]]></content:encoded>
        </item>
        <item>
            <title><![CDATA[Responde a tus clientes con la nueva función de mensajes]]></title>
            <link>https://blog.easybroker.com/responde-a-tus-clientes-con-la-nueva-funci%C3%B3n-de-mensajes-cee05bd4042d</link>
            <guid isPermaLink="false">https://medium.com/p/cee05bd4042d</guid>
            <dc:creator><![CDATA[Gustavo Astiazarán]]></dc:creator>
            <pubDate>Mon, 08 Jan 2018 21:19:37 GMT</pubDate>
            <atom:updated>2018-01-08T21:19:37.317Z</atom:updated>
            <content:encoded><![CDATA[<figure><img alt="" src="https://cdn-images-1.medium.com/max/1024/1*ON6espda_fqvQKO7bK-pxA.png" /></figure><p>Con las mejoras que están por llegar a los <strong>mensajes de EasyBroker</strong>, recibirás todas las solicitudes de contacto de tu página web y <strong>todos los portales inmobiliarios, donde publiques tus propiedades, </strong>en tu centro de mensajes.</p><figure><img alt="" src="https://cdn-images-1.medium.com/max/1024/0*rawoWfgpSCiz4dB4.png" /></figure><p>Olvídate de estar revisando tus correos y <strong>mejora tu tiempo de respuesta</strong> al tener todo en un mismo lugar, sin salir de EasyBroker.</p><figure><img alt="" src="https://cdn-images-1.medium.com/max/1024/0*SPwLlYsososoIoCr.png" /></figure><p>Desde tu centro de mensajes y sin tener que cambiar de página, <strong>podrás asignar contactos, cambiar el status, calificar a tus contactos y agregar una descripción.</strong></p><figure><img alt="" src="https://cdn-images-1.medium.com/max/1024/0*WOvRec7Oe-IJYt4Z.png" /></figure><p>Además, a través de mensajes podrás <strong>enviar fichas de propiedades y archivos adjuntos</strong> a tu clientes.</p><figure><img alt="" src="https://cdn-images-1.medium.com/max/1024/0*YunLCBohuYxh7U0X.png" /></figure><p>¡Con estas mejoras en mensajes, tendrás la oportunidad de estar más pendiente de tus clientes, <strong>ofrecer un mejor servicio y tener más cierres!</strong></p><p>En los próximos días podrás ver estos cambios reflejados en tu cuenta, si tienes alguna duda por favor avísanos.</p>]]></content:encoded>
        </item>
        <item>
            <title><![CDATA[¡Las últimas mejoras antes de que te vayas de vacaciones!]]></title>
            <link>https://blog.easybroker.com/las-%C3%BAltimas-mejoras-antes-de-que-te-vayas-de-vacaciones-11c357a74f40</link>
            <guid isPermaLink="false">https://medium.com/p/11c357a74f40</guid>
            <dc:creator><![CDATA[Gustavo Astiazarán]]></dc:creator>
            <pubDate>Fri, 15 Dec 2017 23:05:01 GMT</pubDate>
            <atom:updated>2017-12-15T23:05:01.522Z</atom:updated>
            <content:encoded><![CDATA[<figure><img alt="" src="https://cdn-images-1.medium.com/max/1024/1*SK1wFlV8LSn8VpJ5g2_dLA.png" /></figure><p>En EasyBroker seguimos haciendo mejoras y aquí te contamos las novedades que harán tu trabajo un poco más fácil.</p><h4>Lo nuevo en tu cuenta</h4><ul><li>Ahora, desde la barra de navegación principal, podrás <strong>buscar propiedades de la Bolsa Inmobilario usando el ID.</strong></li></ul><figure><img alt="" src="https://cdn-images-1.medium.com/max/1024/0*gSQP_7iJb7MaZ16e.png" /></figure><ul><li>También agregamos el <strong>filtro de fecha de publicación</strong> dentro de la Bolsa Inmobiliaria para facilitar la búsqueda.</li></ul><figure><img alt="" src="https://cdn-images-1.medium.com/max/1024/0*E-2OQvo5MRggKHG3.png" /></figure><ul><li>Desde este mes, <strong>tus pagos se convierten en saldo a favor dentro de tu cuenta. </strong>Así que si realizas pagos semestrales o anuales podrás subir o bajar de usuarios y así <strong>sólo pagas los que realmente usas</strong> durante ese mes. Para conocer más detalles sobre esta nueva función, <a href="https://blog.easybroker.com/haz-cambios-en-tu-plan-y-paga-solo-lo-que-usas-cada-mes-301753a654de">consulta la entrada de blog de mensajes</a>.</li></ul><figure><img alt="" src="https://cdn-images-1.medium.com/max/1024/0*3iFW2nZ2L4QDV_lE.png" /></figure><ul><li>Y por último, al hacer clic en cualquier resultado de búsqueda de propiedades, ya sean propias o de la Bolsa Inmobiliaria, esta <strong>se abrirá en una nueva pestaña</strong>. Así no pierdes los filtros de búsqueda ni la página en la que estabas navegando.</li></ul><h4>Sobre nosotros</h4><ul><li>No estaremos en nuestra oficina el 25 de diciembre y 1 de enero, pero estaremos de regreso el 26 de diciembre y el 2 enero para lo que necesiten.</li><li>Y para los interesados en nuestros talleres presenciales, les informamos que el viernes 22 y 29 de diciembre no se llevarán acabo. Los esperemos de nuevo el viernes 5 de enero a las 11 AM.</li></ul><p>¡De parte de todo el equipo de EasyBroker, les deseamos lo mejor en esta época navideña y que 2018 esté lleno de éxitos!</p>]]></content:encoded>
        </item>
        <item>
            <title><![CDATA[Haz cambios en tu plan y paga solo lo que usas cada mes]]></title>
            <link>https://blog.easybroker.com/haz-cambios-en-tu-plan-y-paga-solo-lo-que-usas-cada-mes-301753a654de</link>
            <guid isPermaLink="false">https://medium.com/p/301753a654de</guid>
            <dc:creator><![CDATA[Gustavo Astiazarán]]></dc:creator>
            <pubDate>Fri, 15 Dec 2017 00:17:37 GMT</pubDate>
            <atom:updated>2017-12-15T00:17:37.684Z</atom:updated>
            <content:encoded><![CDATA[<figure><img alt="" src="https://cdn-images-1.medium.com/max/1024/1*ON6espda_fqvQKO7bK-pxA.png" /></figure><p>A nadie nos gusta pagar por cosas que no utilizamos ¿cierto? Por eso, en EasyBroker hemos optimizado nuestro sistema de facturación para asegurarnos que sin importar los cambios que hagas en la cantidad de usuarios de tu plan, sólo pagues lo que usas en un mes determinado. Con este cambio, todos los pagos que hagas se convierten en saldo a favor dentro de tu cuenta.</p><figure><img alt="" src="https://cdn-images-1.medium.com/max/1024/1*eWB2pu2vndNEZzEJhXbnUQ.png" /></figure><p>¿Cómo funciona? Si hiciste un pago anual para contratar un plan de 6 usuarios y en algún momento del año tienes que dar de baja alguno, sólo tienes que entrar a la sección de Planes y Facturación y elegir la cantidad de usuarios que requieres. De esta forma, solo pagas los usuarios que tienes activos y los usuarios que no utilizaste se quedaran como saldo a favor para cuando lo necesites. Este saldo lo podrás usar para agregar otros usuarios durante el año o incluso para la renovación de tu plan del año siguiente.</p><p>Otra ventaja que tienes, es que si en cualquier momento necesitas incrementar el número de usuarios de tu plan, sólo haces el cambio en el sistema y utilizaremos tu saldo a favor para cubrir la diferencia. Esto evitará que tengas que hacer pagos nuevos cada vez que incrementes los usuarios de tu plan. Pero OJO, si este es tu caso, tu saldo no será suficiente para cubrir los 12 meses, por lo que cuando se acerque el final del año de tu plan, será necesario que hagas un pago por lo que queda pendiente.</p><p>Para que no te sorprendas, cada mes y de manera informativa, estarás recibiendo un correo donde te indicaremos el monto que fue descontado de tu saldo a favor y tu nuevo saldo.</p><p>Si tienes preguntas sobre este o cualquier otro tema, no dudes en contactar a nuestro equipo de <a href="https://www.easybroker.com/mx/help">soporte</a>.</p>]]></content:encoded>
        </item>
        <item>
            <title><![CDATA[Nuevo mes, nuevos beneficios en EasyBroker]]></title>
            <link>https://blog.easybroker.com/nuevo-mes-nuevos-beneficios-en-easybroker-5159e36f01a1</link>
            <guid isPermaLink="false">https://medium.com/p/5159e36f01a1</guid>
            <dc:creator><![CDATA[Isaac Vázquez]]></dc:creator>
            <pubDate>Thu, 05 Oct 2017 18:27:24 GMT</pubDate>
            <atom:updated>2017-10-06T00:11:45.238Z</atom:updated>
            <content:encoded><![CDATA[<figure><img alt="" src="https://cdn-images-1.medium.com/max/1024/1*ieChy3JSXIPzCr0kGdeVBA.jpeg" /></figure><p>Sabemos que el mes de septiembre no fue fácil para los que estamos en las zonas afectadas por los sismos en México. De parte de todo el equipo de EasyBroker queremos reiterarles nuestro apoyo para que el regreso a sus actividades diarias sea un poco más fácil.</p><p>A continuación te contamos un poco de las cosas en las que estuvimos trabajando el mes pasado y que creemos te serán de utilidad:</p><h4><strong>Lo nuevo en tu cuenta</strong></h4><ul><li><strong>Rediseñamos</strong> la sección de <em>Planes y Facturación</em> para mostrarte con más claridad la <strong>información específica de tu cuenta</strong>: el plan en el que estás, el estatus de tu cuenta, tu siguiente fecha de cobro y tu método de pago.</li></ul><figure><img alt="" src="https://cdn-images-1.medium.com/max/513/1*oQPBi5giIzCrBxjXkBLn7w.jpeg" /></figure><ul><li><strong>Simplificamos</strong> <strong>el proceso</strong> para agregar usuarios: ahora puedes hacerlo directamente desde la sección de <em>Usuarios</em> y tu plan se actualizará sin que tengas que entrar a <em>Planes y Facturación</em>. Además, <strong>te confirmaremos por correo</strong> los cambios hechos en tu cuenta.</li></ul><figure><img alt="" src="https://cdn-images-1.medium.com/max/706/1*2-aqvoMnO9rZAG_g8MOARg.jpeg" /></figure><h4><strong>Lo que está por venir</strong></h4><ul><li>Pronto estrenaremos un cambio muy importante para los mensajes de EasyBroker que mejorará <strong>la forma en la que te comunicas</strong> con los interesados en tus propiedades. Espera más detalles del lanzamiento <strong>muy pronto.</strong></li></ul><h4>Por si no lo viste</h4><ul><li>Este mes te compartimos tips que <a href="https://www.facebook.com/easybroker.es/videos/10156030158873912/">te ayudarán a cerrar más</a> y <a href="https://www.facebook.com/easybroker.es/videos/10156069275538912/">obtener mayor provecho</a> de tu cuenta de EasyBroker. Síguenos en <a href="https://www.facebook.com/easybroker.es">Facebook</a> y redes sociales para no perderte los que vienen.</li></ul><figure><img alt="" src="https://cdn-images-1.medium.com/max/577/1*jEBsbJx_bhfp7jhG0E3cDQ.jpeg" /></figure><ul><li>Si alguno de tus propietarios tiene <strong>inmuebles en renta afectados</strong> <strong>por el sismo</strong> y quieres asesorarlo, <a href="https://www.facebook.com/easybroker.es/videos/10156071810523912/">creamos un video</a> que te ayudará. También puedes acercarte a nosotros para que podamos ponerte en contacto con expertos en el tema.</li></ul><figure><img alt="" src="https://cdn-images-1.medium.com/max/577/1*d2w9gJqvRAJ_j3xkb2tO4A.jpeg" /></figure><h4>Sobre nosotros</h4><ul><li>Nos mudamos tras el sismo del pasado 19 de septiembre. Ahora nos encontrarás en <strong>Sinaloa 195, piso 2</strong>, en la colonia Roma Norte.</li></ul><p>¡Ojalá estas mejoras y consejos sean de tu agrado! Recuerda que puedes contactarnos si tienes cualquier duda o sugerencia.</p>]]></content:encoded>
        </item>
        <item>
            <title><![CDATA[¡Te presentamos nuestros boletines de mejoras mensuales!]]></title>
            <link>https://blog.easybroker.com/te-presentamos-nuestros-reportes-de-mejoras-mensuales-95d3f681dbb6</link>
            <guid isPermaLink="false">https://medium.com/p/95d3f681dbb6</guid>
            <dc:creator><![CDATA[Isaac Vázquez]]></dc:creator>
            <pubDate>Fri, 01 Sep 2017 23:46:55 GMT</pubDate>
            <atom:updated>2017-09-04T23:47:44.217Z</atom:updated>
            <content:encoded><![CDATA[<figure><img alt="" src="https://cdn-images-1.medium.com/max/1024/1*nqY-EQVkp5XJF1IYvobKWw.jpeg" /></figure><p>Constantemente realizamos mejoras en EasyBroker para poder ofrecerte una mejor experiencia y todas las herramientas que necesitas. También queremos contarte las noticias más relevantes, como nuevas contrataciones o cursos que impartiremos.</p><p>Éstas son las características que agregamos en agosto:</p><ul><li>Ya es posible incluir varios tipos de propiedad cuando creas una alerta de búsqueda de propiedades. Es decir, en una misma alerta puedes buscar departamentos y casas.</li><li>Ahora puedes filtrar tu inventario por <em>Fecha de creación</em> y <em>Fecha de publicación</em> con los nuevos filtros que encontrarás en la sección de <em>Propiedades</em>.</li><li>Cuando subes una nueva propiedad, al seleccionar el tipo se modificarán los campos para que sólo aparezcan los que corresponden. Es decir, ¡no volveremos a preguntarte cuántas recámaras tiene la oficina que vas a publicar!</li><li>Podrás revisar cuántos anuncios estás enviando como destacados a cada portal directamente desde la sección de <em>Vinculaciones</em>, para que no tengas que filtrar uno por uno.</li></ul><p>También queremos compartirte los cambios que realizamos para que sea más agradable usar EasyBroker:</p><ul><li>Refrescamos el estilo y los colores del menú de navegación para que sea más agradable y fácil de leer.</li><li>Diseñamos las alertas y confirmaciones que aparecen cuando utilizas EasyBroker desde el navegador de tu computadora.</li><li>Mejoramos la legibilidad de todos los textos de EasyBroker, para que sea más amigable al lector.</li></ul><p>Y también nos alegra compartirte en qué estamos como equipo:</p><ul><li>Tenemos un nuevo gerente en el área de Customer Experience, ¡damos la bienvenida a Héctor Maseda!</li></ul><figure><img alt="" src="https://cdn-images-1.medium.com/max/169/1*0ajC2J-sGRSNGmhA2ynR1A.png" /><figcaption>Héctor Maseda.</figcaption></figure><ul><li>Estrenamos oficinas, ahora nos podrás encontrar en Insurgentes Sur 253, en el piso 9, colonia Roma, en la Ciudad de México. Contacta al área de soporte si quieres venir al taller del viernes.</li></ul><p>Esperamos que estos cambios y mejoras sean de tu agrado!</p>]]></content:encoded>
        </item>
        <item>
            <title><![CDATA[¡Olvídate de los problemas por contactos duplicados!]]></title>
            <link>https://blog.easybroker.com/olv%C3%ADdate-de-los-problemas-por-contactos-duplicados-eb14a24610e0</link>
            <guid isPermaLink="false">https://medium.com/p/eb14a24610e0</guid>
            <dc:creator><![CDATA[Isaac Vázquez]]></dc:creator>
            <pubDate>Thu, 24 Aug 2017 19:22:17 GMT</pubDate>
            <atom:updated>2017-08-24T19:23:35.915Z</atom:updated>
            <content:encoded><![CDATA[<figure><img alt="" src="https://cdn-images-1.medium.com/max/1024/1*KKFMQ9kwCFy1cml_WpX4HQ.png" /></figure><p>Sabemos que una de las partes más difíciles de manejar un equipo de asesores es cuando dos de ellos atienden al mismo cliente y surge una controversia. Por eso, hemos creado un nuevo filtro de contactos duplicados que te ayudará a evitar esta situación antes de que suceda.</p><figure><img alt="" src="https://cdn-images-1.medium.com/max/963/1*Rgp6BZP3HpqU6b_ijGdc6g.jpeg" /></figure><p>Si entras a la sección de <em>Contactos</em>, verás que ahora puedes activar el filtro de <em>Posibles duplicados</em>. Seguimos la lógica que ya conoces: si dos o más contactos comparten el número de teléfono o el correo electrónico los mostraremos como posibles duplicados uno del otro.</p><figure><img alt="" src="https://cdn-images-1.medium.com/max/643/1*zpFzC7MyCKmKBSG_hiFfIQ.jpeg" /></figure><p>Esto también podrás verlo en la ficha del contacto, del lado derecho te mostraremos los posibles duplicados y te daremos la opción de unirlos en ese momento. Tu equipo también podrá verlos, pero si el usuario no cuenta con el permiso para ver contactos que no tiene asignados sólo mostraremos el nombre y a quién fue asignado, sin datos y sin posibilidad de unirlos.</p><p>Como administrador, podrás ver rápidamente si dos asesores tienen al mismo cliente asignado en fichas distintas, y podrás tomar decisiones para evitar cualquier confusión o roce entre los miembros de tu equipo.</p>]]></content:encoded>
        </item>
        <item>
            <title><![CDATA[Comparte propiedades y documentación al instante con otros agentes y cierra más operaciones]]></title>
            <link>https://blog.easybroker.com/comparte-propiedades-y-documentaci%C3%B3n-al-instante-con-otros-agentes-y-cierra-m%C3%A1s-operaciones-b9afed6936b</link>
            <guid isPermaLink="false">https://medium.com/p/b9afed6936b</guid>
            <dc:creator><![CDATA[Isaac Vázquez]]></dc:creator>
            <pubDate>Mon, 17 Jul 2017 20:37:08 GMT</pubDate>
            <atom:updated>2017-07-17T21:04:52.643Z</atom:updated>
            <content:encoded><![CDATA[<figure><img alt="" src="https://cdn-images-1.medium.com/max/1024/1*KKFMQ9kwCFy1cml_WpX4HQ.png" /></figure><iframe src="https://cdn.embedly.com/widgets/media.html?src=https%3A%2F%2Fplayer.vimeo.com%2Fvideo%2F224545363%3Fportrait%3D0%26byline%3D0%26title%3D0&amp;url=https%3A%2F%2Fplayer.vimeo.com%2Fvideo%2F224545363%3Ftitle%3D0%26byline%3D0%26portrait%3D0&amp;image=http%3A%2F%2Fi.vimeocdn.com%2Fvideo%2F643639495_1280.jpg&amp;key=a19fcc184b9711e1b4764040d3dc5c07&amp;type=text%2Fhtml&amp;schema=vimeo" width="1280" height="718" frameborder="0" scrolling="no"><a href="https://medium.com/media/febdc8f1f958a75be888c80d77e9d63c/href">https://medium.com/media/febdc8f1f958a75be888c80d77e9d63c/href</a></iframe><p>Utiliza nuestros nuevos mensajes para entrar en contacto al instante con cualquier agente de la bolsa inmobiliaria de EasyBroker y compartir propiedades, archivos adjuntos e información que te ayude a cerrar las operaciones compartidas más rápido. Estos mensajes se actualizan automáticamente en tu celular, tablet o computadora en cuanto los envías, de manera que ya no tienes que pedir datos de contacto o descargar distintas aplicaciones para hablar con otras inmobiliarias.</p><p>Para empezar a utilizar esta característica, da clic en el sobre que verás en la esquina superior derecha de EasyBroker o envía un mensaje desde la bolsa inmobiliaria. Cada conversación quedará guardada para que no olvides ningún detalle, y si eres administrador podrás asignar a cualquiera de tus agentes para que lleven la colaboración. ¡Empieza a charlar con tu propio equipo y con otros agentes a partir de hoy y olvídate de Whatsapp!</p>]]></content:encoded>
        </item>
        <item>
            <title><![CDATA[¡Actualizamos nuestros análisis comparativos de mercado!]]></title>
            <link>https://blog.easybroker.com/actualizamos-nuestros-an%C3%A1lisis-comparativos-de-mercado-2d4668895b68</link>
            <guid isPermaLink="false">https://medium.com/p/2d4668895b68</guid>
            <dc:creator><![CDATA[Isaac Vázquez]]></dc:creator>
            <pubDate>Tue, 23 May 2017 16:41:41 GMT</pubDate>
            <atom:updated>2017-05-26T23:38:58.651Z</atom:updated>
            <content:encoded><![CDATA[<figure><img alt="" src="https://cdn-images-1.medium.com/max/1024/1*6ESxlYuHAIoDnETlQ9MHcQ.png" /></figure><p>Ahora nuestros análisis comparativos te permiten comparar inmuebles con antigüedad similar para que sean aún más precisos. También puedes crear análisis en los que compares propiedades que se han cerrado recientemente y darle a tus clientes potenciales un panorama actual y específico del mercado inmobiliario en la zona que requieran.</p><figure><img alt="" src="https://cdn-images-1.medium.com/max/1024/1*BvrORl3k7QJvxyIhcqVrCw.jpeg" /></figure><p>Si das clic en el filtro <em>Incluir cerradas en los últimos seis meses</em>, los resultados te mostrarán únicamente propiedades vendidas o rentadas para que puedas elegir un mínimo de dos y un máximo de quince para el análisis. Esto es especialmente bueno para que tus propietarios sepan qué propiedades se vendieron, las comparen y así puedan colocar el precio más adecuado a su inmueble. Recuerda que muchas veces los propietarios no están tan actualizados en temas inmobiliarios, y el análisis comparativo de mercado es tu mejor manera de darles información actual y reciente.</p><p>Además, hemos incluido el filtro de <em>Antigüedad</em>, para que sea mucho más sencillo seleccionar y comparar propiedades del mismo rango de edad a las que la plusvalía afecta de manera similar. Como asesor inmobiliario, sabes que la edad de un inmueble afecta en su valor, pero quizás tus propietarios no lo tengan tan claro. Utilizar el filtro de <em>Antigüedad </em>permite crear análisis comparativos mucho más específicos y precisos que te ayudan a tener un precio mucho más competitivo y vender más rápidamente.</p><p>Si tienes dudas, en este video te guiamos para <a href="https://www.easybroker.com/mx/videos/como-crear-analisis-comparativo-de-mercado-acm">crear los análisis comparativos de mercado</a>.</p>]]></content:encoded>
        </item>
        <item>
            <title><![CDATA[¡Casas y Terrenos se une a EasyBroker!]]></title>
            <link>https://blog.easybroker.com/nos-unimos-a-casas-y-terrenos-282e5ddf4849</link>
            <guid isPermaLink="false">https://medium.com/p/282e5ddf4849</guid>
            <dc:creator><![CDATA[Isaac Vázquez]]></dc:creator>
            <pubDate>Fri, 03 Mar 2017 23:26:49 GMT</pubDate>
            <atom:updated>2017-04-28T23:04:16.218Z</atom:updated>
            <content:encoded><![CDATA[<figure><img alt="" src="https://cdn-images-1.medium.com/max/1024/1*eSuDaIfBSBU7xuvntdvQLA.png" /></figure><figure><img alt="" src="https://cdn-images-1.medium.com/max/1024/1*zSSappuRtU-pA84aR8HMcg.png" /></figure><p>¡Una nueva alianza llega a EasyBroker! El portal Casas y Terrenos se vuelve parte de nuestros portales Premium para que puedas anunciar tus propiedades con ellos publicándolas desde tu cuenta de EasyBroker. Además, Casas y Terrenos no sólo te avisará cuando tengas una nueva solicitud de información, sino que al estar sincronizado con EasyBroker también podrás ver a tu nuevo cliente en la sección de Contactos para que puedas darle seguimiento.</p><p>La integración se hace de forma muy sencilla. Para poder conectar tu cuenta, debes entrar a <em>Sitios Afiliados Premium</em>, dentro del menú de <em>Configuraciones</em>. Una vez ahí verás el logo de Casas y Terrenos, sólo debes hacer clic en el botón verde de <em>Conectar</em> para entrar a la sección en la que colocarás el correo con el que abriste tu cuenta con ellos:</p><figure><img alt="" src="https://cdn-images-1.medium.com/max/811/1*E8jw1SA0Auv5B48npDg05g.jpeg" /></figure><p>Una vez que haces esto, cuando estés dando de alta una propiedad las opciones de publicación incluirán Casas y Terrenos y desde ahí podrás enviarla a ese portal.</p><figure><img alt="" src="https://cdn-images-1.medium.com/max/699/1*iFdU61sk1yL0iFBqc7hWtw.jpeg" /></figure><p>Recuerda que necesitas una cuenta con Casas y Terrenos para poder hacer esta vinculación. Si aún no has contratado un plan con este portal, avísanos para que podamos ponerte en contacto con ellos, ya que tienen promociones para los clientes de EasyBroker.</p>]]></content:encoded>
        </item>
    </channel>
</rss>