<?xml version="1.0" encoding="UTF-8"?><rss xmlns:dc="http://purl.org/dc/elements/1.1/" xmlns:content="http://purl.org/rss/1.0/modules/content/" xmlns:atom="http://www.w3.org/2005/Atom" version="2.0" xmlns:cc="http://cyber.law.harvard.edu/rss/creativeCommonsRssModule.html">
    <channel>
        <title><![CDATA[EasyBroker - Medium]]></title>
        <description><![CDATA[Consejos, noticias y mejores prácticas para hacer más competitiva tu inmobiliaria. - Medium]]></description>
        <link>https://blog.easybroker.com</link>
        <image>
            <url>https://cdn-images-1.medium.com/proxy/1*TGH72Nnw24QL3iV9IOm4VA.png</url>
            <title>EasyBroker - Medium</title>
            <link>https://blog.easybroker.com</link>
        </image>
        <generator>Medium</generator>
        <lastBuildDate>Mon, 03 Dec 2018 18:45:57 GMT</lastBuildDate>
        <atom:link href="https://blog.easybroker.com/feed" rel="self" type="application/rss+xml"/>
        <webMaster><![CDATA[yourfriends@medium.com]]></webMaster>
        <atom:link href="http://medium.superfeedr.com" rel="hub"/>
        <item>
            <title><![CDATA[Mantén tu cordura con la búsqueda por filtros guardada]]></title>
            <link>https://blog.easybroker.com/mant%C3%A9n-tu-cordura-con-la-b%C3%BAsqueda-por-filtros-guardada-58330a1809e4</link>
            <guid isPermaLink="false">https://medium.com/p/58330a1809e4</guid>
            <category><![CDATA[gestión-de-inmuebles]]></category>
            <category><![CDATA[easybroker]]></category>
            <category><![CDATA[novedades]]></category>
            <dc:creator><![CDATA[Isaac Vázquez]]></dc:creator>
            <pubDate>Thu, 11 Mar 2010 18:26:32 GMT</pubDate>
            <atom:updated>2016-12-28T20:04:38.656Z</atom:updated>
            <content:encoded><![CDATA[<figure><img alt="Vista de busqueda por filtros" src="https://cdn-images-1.medium.com/max/500/0*Cc_qHdeKy_hwKNSO.PNG" /></figure><p>Acabamos de añadir algunos filtros bastante útiles para ayudarte a buscar tus propiedades, prospectos, contactos y reservas. Antes, cada vez que regresabas a cualquier página de búsqueda todas las opciones que habías filtrado se perdían, lo que podía eloquecer a cualquiera fácilmente.</p><p>Siempre <strong>me volvió loco</strong> trabajar con mis clientes potenciales. Filtraba por activos con 3 estrellas en orden descendiente por fechas creadas. Cada vez que abría uno para añadir notas o tareas, hacía click otra vez en el menú <em>Clientes Potenciales</em> y <strong>¡Pum!</strong> tenía que seleccionar otra vez los filtros. Cuando buscaba en mi listado de inmuebles era molesto tener que escoger otra vez ciudades o barrios.</p><p>Por fortuna, hoy EasyBroker <strong>recordará </strong>todas las opciones que seleccionaste en los filtros hasta que cierres la sesión, lo que ayuda a mantenerme alejado de los manicomios. Espero que los nuevos cambios te ayuden a mantener la cordura también.</p>]]></content:encoded>
        </item>
        <item>
            <title><![CDATA[Maneja tus prospectos inmobiliarios con más eficiencia]]></title>
            <link>https://blog.easybroker.com/maneja-tus-prospectos-inmobiliarios-con-m%C3%A1s-eficiencia-b7b713a43efa</link>
            <guid isPermaLink="false">https://medium.com/p/b7b713a43efa</guid>
            <category><![CDATA[novedades]]></category>
            <category><![CDATA[easybroker]]></category>
            <dc:creator><![CDATA[Isaac Vázquez]]></dc:creator>
            <pubDate>Fri, 05 Mar 2010 22:47:42 GMT</pubDate>
            <atom:updated>2016-12-28T20:03:57.271Z</atom:updated>
            <content:encoded><![CDATA[<figure><img alt="Mejoras de los clientes potenciales " src="https://cdn-images-1.medium.com/max/500/0*hRXhYjX4YWrt3skA.png" /></figure><p>Hoy añadimos varias mejoras en cómo manejar tus clientes potenciales con EasyBroker.</p><p>Los clientes potenciales son personas que todavía deben decidir si van a comprar, listar sus propiedades o rentar contigo. La mayoría de los agentes trabajan con un gran número de prospectos y tienen una lista mucho menor de contactos con los que se comunican de forma regular. Removimos los clientes potenciales o prospectos de la página de contactos para que la base de datos de contactos sólo contenga tus actuales clientes, proveedores u otras personas con las que trabajes.</p><p>Simplificamos el proceso de trabajar con prospectos removiendo la placa que te permitía especificar cuáles estaban en <em>progreso</em>, <em>ganados, perdidos</em> o <em>abandonados</em>, y lo reemplazamos por dos botones: uno te permite convertirlo en contacto y el otro, abandonar al cliente potencial que quieras descalificar. La <em>Probabilidad</em>, que antes era representada en placas también, ahora será marcada por tres estrellas al lado del nombre de la persona. Sólo debes presionar en las estrellas para establecer la probabilidad (alta, media, baja).</p><figure><img alt="Resultados de clientes potenciales" src="https://cdn-images-1.medium.com/max/500/0*G6UAnBrgqG--CP74.png" /></figure><p>Otro cambio sutil es que el conteo mostrado al lado del menú de <em>Clientes potenciales</em> ahora representa el número de prospectos sin asignar en lugar de aquellos que no habían tenido un estado establecido en sus placas. Los clientes potenciales sin asignar también se muestran resaltados en la búsqueda de resultados.</p><p>Estas mejoras deberán ayudarte a decidir a quién calificar o descalificar, y a quién deberías hacerle seguimiento.</p>]]></content:encoded>
        </item>
        <item>
            <title><![CDATA[¡Volvieron los planes de suscripción!]]></title>
            <link>https://blog.easybroker.com/volvieron-los-planes-de-suscripci%C3%B3n-8b7cf8bae70b</link>
            <guid isPermaLink="false">https://medium.com/p/8b7cf8bae70b</guid>
            <category><![CDATA[easybroker]]></category>
            <dc:creator><![CDATA[Isaac Vázquez]]></dc:creator>
            <pubDate>Mon, 01 Mar 2010 22:21:26 GMT</pubDate>
            <atom:updated>2016-12-28T20:05:19.652Z</atom:updated>
            <content:encoded><![CDATA[<figure><img alt="nuevo-planes-inscripción" src="https://cdn-images-1.medium.com/max/500/0*76g_C6AI1MmaVB5Y.jpg" /></figure><p>Hace tres meses descartamos los planes de suscripción y los reemplazamos por una base más $20 USD por usuario adicional. Infortunadamente, el cambio no fue popular entre nuestros grandes clientes. Decidimos volver a los planes para poder ofrecer descuentos a grandes organizaciones y algunos beneficios adicionales por inscribirse en los mayores. También es más fácil explicarlo y mostrarlo de manera concisa.</p><p>Introducimos todos los anteriores, sin embargo disminuimos la cantidad de usuarios de la versión Enterprise de 30 a 20 usuarios, y disminuimos el precio de $299 a $199. Estos costos hacen el paso de una cuenta Pro a una Enterprise más accesible.</p><p>También disminuimos la cantidad de fotos por propiedad para los planes Solo, Boutique y Pro de 50 a 20, 30 y 40 respectivamente. El cambio nos ayuda a proveer beneficios adicionales al actualizarse a uno mayor.</p><p>Si estaba en un plan pago antes de que el método cambiara y necesita fotos adicionales, por favor contáctenos y podemos hacer una excepción especial para darle más fotos. También podrá mantener el mismo precio por el que se inscribió, a menos que desee subir o bajar de plan de acuerdo a los nuevos.</p>]]></content:encoded>
        </item>
        <item>
            <title><![CDATA[Email de tareas diarias mejorado]]></title>
            <link>https://blog.easybroker.com/email-de-tareas-diarias-mejorado-a71c2ec4542e</link>
            <guid isPermaLink="false">https://medium.com/p/a71c2ec4542e</guid>
            <category><![CDATA[easybroker]]></category>
            <category><![CDATA[novedades]]></category>
            <dc:creator><![CDATA[Isaac Vázquez]]></dc:creator>
            <pubDate>Mon, 01 Mar 2010 15:15:55 GMT</pubDate>
            <atom:updated>2016-12-28T20:04:42.230Z</atom:updated>
            <content:encoded><![CDATA[<p>El viernes pasado hicimos pequeños cambios para hacer de los correos electrónicos con el reporte de tareas mucho más útiles. Ahora únicamente enviamos un email diario con las tareas si tiene algunas que se cumplan ese día. Antes enviábamos todas las tareas, incluyendo las vencidas, y podía ser incómodo, en especial si siempre tiene tareas retrasadas como yo.</p><p>Me parece más útil ser notificado por las tareas del día. También me gusta que EasyBroker no me envía correos, excepto el día que tengo nuevas tareas. Antes siempre tenía dos correos de sábado y domingo con la misma tarea atrasada. Ahora sólo recibirá tareas el fin de semana si tiene algo que debe ser realizado ese día.</p><p>Todavía puede ver con facilidad las tareas atrasadas en el tablero de su página de tareas.</p>]]></content:encoded>
        </item>
        <item>
            <title><![CDATA[Software para inmobiliarias en México]]></title>
            <link>https://blog.easybroker.com/software-para-inmobiliarias-en-m%C3%A9xico-cf5b9dd1496b</link>
            <guid isPermaLink="false">https://medium.com/p/cf5b9dd1496b</guid>
            <category><![CDATA[consejos]]></category>
            <category><![CDATA[gestión-de-inmuebles]]></category>
            <dc:creator><![CDATA[Isaac Vázquez]]></dc:creator>
            <pubDate>Fri, 19 Feb 2010 19:58:28 GMT</pubDate>
            <atom:updated>2016-12-28T20:04:16.482Z</atom:updated>
            <content:encoded><![CDATA[<p>Como parte de nuestra intención de mantener a nuestros clientes actuales y potenciales bien informados en materia tecnológica, hemos recopilado, de acuerdo a la información disponible en los motores de búsqueda, una lista de los software para inmobiliarias disponibles para México, con la voluntad de extender la exploración a más países.</p><p>La lista contiene software que proporcionen manejo de relación con el cliente <a href="http://www.easybroker.com/es/crm-para-inmobiliarias">CRM diseñado para la industria inmobiliaria</a>, que esté traducido a español y trabaje con pesos mexicanos. Algunos de los incluidos en la lista tienen su base de funcionamiento en otros países, pero son igualmente aplicables para México. Este resumen está basado en los datos que encontramos en cada sitio web y en consultas que hicimos directamente a la empresa.</p><p><strong>Algunas reseñas de los software inmobiliarios para México</strong></p><figure><img alt="Software para inmobiliarias en Mexico" src="https://cdn-images-1.medium.com/max/351/0*ent5K3qfgKsksyRf.png" /></figure><p><a href="http://www.saari.com.mx">Saari</a> es una aplicación que funciona con plataforma Windows y ofrece un manejo integral para mantener en orden la venta y renta de propiedades. Incluye CRM para cada una de las fases durante un proceso de arrendamiento o venta con un prospecto. Carece de manejo de sitio web o convenio con portales para la publicación del listado de propiedades de la inmobiliaria.</p><p>Otra alternativa de Windows, aplicable para México, es <a href="http://www.noteges.com">Noteges</a>, que ofrece como Saari CRM y manejo del listado de propiedades. Tiene la posibilidad de publicar el listado de propiedades en su <a href="http://es.wikipedia.org/wiki/Multiple_Listing_Service">MLS</a>, pero no de manejo de sitio web propio.</p><p><a href="http://www.crminmobiliario.com/">CRM Inmobiliario</a> y <a href="http://www.erpinmobiliario.com/">ERP Inmobiliario</a> son dos aplicaciones web de la misma compañía que provee CRMs, aunque ERP Inmobiliario tiene una solución más completa que incluye módulos para el manejo de finanzas y empleados. Si precisa de un sitio web, necesitará comprar uno vía <a href="http://www.jaus.com.mx/">Jaus</a> que se conectará con su inventario tanto en ERP Inmobiliario como en CRM Inmobiliario. Ambos sitios publican las propiedades también en su sitio <a href="http://www.rentasyventas.com">rentasyventas.com</a>.</p><p>Por supuesto, no podría faltar dentro de la lista <a href="http://www.easybroker.com">EasyBroker</a>, un software que trabaja con plataforma online y ofrece una solución integral para la gestión de una inmobiliaria, como el manejo de la cartera de inmuebles, CRM y sitio web, enfocado en que sea intuitivo y fácil de usar. Además, publica los listados de propiedades en diferentes portales inmobiliarios como: <a href="http://www.trovit.com">Trovit</a>, <a href="http://www.oodle.com">Oodle</a>, <a href="http://www.yakaz.com">Yakaz</a>, <a href="http://www.craigslist.org">Craigslist</a>, <a href="http://www.moveglobally.com">MoveGlobally.com</a> and <a href="http://www.sumavisos.com/">Sumavisos</a>.</p><p>En esta tabla puede conocer más de las propiedades de cada software y de algunos que no mencionamos anteriormente. Esta información se puede conseguir en los motores de búsqueda por internet, pero si como agente inmobiliario o persona relacionada con el medio, tiene más información sobre productos que estamos omitiendo, pueden hacernos el comentario que lo incluiremos sin duda, después de que cumpla con los requisitos básicos del servicio.</p><p>[table id=3 /]<br><em> *El precio fue solicitado a la empresa, pero no hemos obtenido respuesta todavía. Si alguien tiene la información puede proporcionárnosla para agregarla al cuadro.</em></p>]]></content:encoded>
        </item>
        <item>
            <title><![CDATA[Novedades: descripciones fácil de editar y mejoras de diseño]]></title>
            <link>https://blog.easybroker.com/novedades-descripciones-f%C3%A1cil-de-editar-y-mejoras-de-dise%C3%B1o-ce80e2249579</link>
            <guid isPermaLink="false">https://medium.com/p/ce80e2249579</guid>
            <category><![CDATA[novedades]]></category>
            <category><![CDATA[easybroker]]></category>
            <dc:creator><![CDATA[Isaac Vázquez]]></dc:creator>
            <pubDate>Fri, 19 Feb 2010 12:37:01 GMT</pubDate>
            <atom:updated>2016-12-28T20:04:43.089Z</atom:updated>
            <content:encoded><![CDATA[<p>Hoy lanzamos un nuevo diseño para la barra lateral de las propiedades, clientes potenciales, contactos y reservas. Además de verse mucho mejor, puedes editar rápidamente una descripción sin tener que abandonar la página y tienen ejemplos de ayuda sobre lo que deberías escribir. Aquí se ve cómo luce.</p><figure><img alt="Vista panel de propiedades" src="https://cdn-images-1.medium.com/max/481/0*hX4KrCxmD7rpMscQ.PNG" /></figure><p>También arreglamos la página de edición para contactos y clientes potenciales mejorando el diseño y dando más información descriptiva para cada campo. Así se ve.</p><figure><img alt="Vista Crear Nuevo Contacto" src="https://cdn-images-1.medium.com/max/440/0*DYpUyQGwzQ4ZJYN8.PNG" /></figure><p>Desde hace un tiempo hemos estado investigando cómo hacer EasyBroker más intuitivo y claro, para que no tengas que adivinar o leer el manual y sepas cómo aprovechar todas las características que EasyBroker ofrece. Por favor, déjanos saber lo que piensas de estas novedades o si tienes más sugerencias en cómo podemos hacer a EasyBroker fácil de usar.</p>]]></content:encoded>
        </item>
        <item>
            <title><![CDATA[ Tus inmuebles online en Puerto Rico]]></title>
            <link>https://blog.easybroker.com/tus-inmuebles-online-en-puerto-rico-fb23e97c2a31</link>
            <guid isPermaLink="false">https://medium.com/p/fb23e97c2a31</guid>
            <category><![CDATA[easybroker]]></category>
            <category><![CDATA[novedades]]></category>
            <dc:creator><![CDATA[Isaac Vázquez]]></dc:creator>
            <pubDate>Fri, 12 Feb 2010 01:03:42 GMT</pubDate>
            <atom:updated>2016-12-28T20:04:18.271Z</atom:updated>
            <content:encoded><![CDATA[<h3>Tus inmuebles online en Puerto Rico</h3><p>[caption id=”attachment_795&quot; align=”alignright” width=”310&quot; caption=”Ahora publica bienes raíces de Puerto Rico”]</p><figure><img alt="Mapa Puerto Rico" src="https://cdn-images-1.medium.com/max/431/0*PwiOpUwZLptlY0wt.PNG" /></figure><p>[/caption]</p><p>¡EasyBroker ya está en Puerto Rico! Ahora tenemos todas las herramientas personalizadas para este país, para que puedas comenzar a publicar más propiedades y captar más clientes.</p><p>Agradecemos a Oscar Maldonado por ayudarnos a optimizar el sistema con su aporte.</p>]]></content:encoded>
        </item>
        <item>
            <title><![CDATA[Yakaz es ahora parte de la red EasyBroker]]></title>
            <link>https://blog.easybroker.com/yakaz-es-ahora-parte-de-la-red-easybroker-261b1054eea4</link>
            <guid isPermaLink="false">https://medium.com/p/261b1054eea4</guid>
            <category><![CDATA[gestión-de-inmuebles]]></category>
            <category><![CDATA[novedades]]></category>
            <category><![CDATA[easybroker]]></category>
            <category><![CDATA[general]]></category>
            <dc:creator><![CDATA[Isaac Vázquez]]></dc:creator>
            <pubDate>Wed, 10 Feb 2010 15:18:45 GMT</pubDate>
            <atom:updated>2016-12-28T20:05:01.378Z</atom:updated>
            <content:encoded><![CDATA[<figure><img alt="Yakaz Classifieds" src="https://cdn-images-1.medium.com/max/225/0*jfxFwfSKNom2U2GT.png" /></figure><p>Añadimos a <a href="http://www.yakaz.com">Yakaz</a> a la creciente lista de portales donde publicamos tus propiedades cuando seleccionas la opción de divulgarlas en la red de EasyBroker. Yakaz promociona listas de propiedades y otro tipo de avisos clasificados en 10 países. Si tu listado está en Francia, EUA, Australia, Reino Unido, Alemania, Italia, España, México, Argentina o Chile, será automáticamente publicado en Yakaz.</p><p>Con cada añadidura a la red de EasyBroker aumentas las oportunidades de generar más clientes potenciales y alcanzar mayor audiencia.</p>]]></content:encoded>
        </item>
        <item>
            <title><![CDATA[Cómo crear una página web inmobiliaria en 5 minutos]]></title>
            <link>https://blog.easybroker.com/c%C3%B3mo-crear-una-p%C3%A1gina-web-inmobiliaria-en-5-minutos-eb50ec08ac3</link>
            <guid isPermaLink="false">https://medium.com/p/eb50ec08ac3</guid>
            <category><![CDATA[gestión-de-inmuebles]]></category>
            <category><![CDATA[easybroker]]></category>
            <dc:creator><![CDATA[Isaac Vázquez]]></dc:creator>
            <pubDate>Tue, 09 Feb 2010 16:12:19 GMT</pubDate>
            <atom:updated>2016-12-28T20:03:58.736Z</atom:updated>
            <content:encoded><![CDATA[<p>Si estás en el negocio inmobiliario necesitas tener un sitio web donde puedas promocionar tu empresa y tus propiedades. Es muy difícil, y por lo general costoso, crear un llamativo sitio que sea fácil de usar y optimizado para SEO (optimizado para motores de búsqueda, así Google y otros motores puedan encontrar y registrar tu página web), sin embargo, en este post te mostraremos cómo crear un sitio web profesional en menos de cinco minutos.</p><p>Para hacerlo sigue los siguientes pasos:</p><ul><li>Entra en <a href="http://www.easybroker.com/es">www.easybroker.com</a> y accede a tu cuenta. Sí todavía no tienes una puedes crearla en el acto.</li><li>Da click en la pestaña<em> </em><a href="http://www.easybroker.com/agent/site_builder"><em>Sitio web</em></a><em>, </em>que aparecerá en el menú<em> </em>principal.</li><li>Elige tu nombre de dominio provisional</li></ul><figure><img alt="" src="https://cdn-images-1.medium.com/max/499/0*eNd6JrdAgUiJF8gl.jpg" /></figure><ul><li>Escoge el diseño de plantilla que quieras para tu sitio.</li></ul><figure><img alt="" src="https://cdn-images-1.medium.com/max/499/0*u4rswGFbHAq5Msiw.jpg" /></figure><ul><li>Escoge la combinación de colores que más se ajuste a tus gustos.</li></ul><figure><img alt="" src="https://cdn-images-1.medium.com/max/499/0*FxJev0I9Tfhu0pmW.jpg" /></figure><ul><li>Oprime el botón que dice <em>Crear mi sitio web </em>y listo, ya puedes ver tu nuevo sitio web siguiendo el enlace!</li></ul><figure><img alt="" src="https://cdn-images-1.medium.com/max/499/0*mRam6U-gDGHvrgGi.jpg" /></figure><p>Nota: Podrás seleccionar un dominio propio (incluido gratis en todos los planes de EasyBroker) una vez que actualizes tu método de facturación.</p><p>Para editar y personalizar la información del contenido, puedes<em> </em>dar click en<em> </em><a href="http://www.easybroker.com/agent/web_pages"><em>Editar sitio web</em></a>. Cuando se abra el editor haz click sobre el ícono del lápiz que aparece junto a cada sector y podras editar el contenido.</p><figure><img alt="" src="https://cdn-images-1.medium.com/max/499/0*cjPay1ZtYKmOAET2.jpg" /></figure><p>Ahora tienes un completo sitio web activo en internet!</p><p>Ten en cuenta que también puedes editar:</p><ul><li>El diseño y color de tu sitio desde la pestaña <em>Diseño</em></li><li>Las pestañas del menú principal desde la pestaña <em>Páginas</em></li><li>Las configuraciones avanzadas desde la pestaña <em>Configuraciones</em> y</li><li>Subir archivos desde la pestaña <em>Archivos</em></li></ul><p>Deberías publicar varias propiedades en EasyBroker para que aparezcan en tu sitio. Después de subir el listado de propiedades, comparte tu dirección web con tus colegas, clientes y amigos.</p><p>Recuerda mantener la página siempre actualizada publicando nuevas propiedades y manteniendo tu inventario al día. Por fortuna, no necesitas tener conocimientos en HTML o pedir a un diseñador que actualice tu sitio cada vez que necesites publicar una propiedad. También puedes usar EasyBroker para promocionar tu listado en otros sitios web y manejar los clientes potenciales que son generados automáticamente cuando completan algún formulario de tu página.</p>]]></content:encoded>
        </item>
        <item>
            <title><![CDATA[Optimización del servidor mantiene a EasyBroker ágil]]></title>
            <link>https://blog.easybroker.com/optimizaci%C3%B3n-del-servidor-mantiene-a-easybroker-%C3%A1gil-1f5b1a341772</link>
            <guid isPermaLink="false">https://medium.com/p/1f5b1a341772</guid>
            <category><![CDATA[easybroker]]></category>
            <category><![CDATA[novedades]]></category>
            <category><![CDATA[general]]></category>
            <dc:creator><![CDATA[Isaac Vázquez]]></dc:creator>
            <pubDate>Mon, 08 Feb 2010 14:26:38 GMT</pubDate>
            <atom:updated>2016-12-28T20:05:17.355Z</atom:updated>
            <content:encoded><![CDATA[<p>Ayer 7 de febrero optimizamos el servidor a uno más grande y rápido para mantener a EasyBroker ágil y dinámico. La mejora tomó cerca de 20 minutos durante los cuales los usuarios no pudieron acceder a su cuenta de EasyBroker o sitio web. Lamentamos cualquier inconveniente que esto haya podido ocasionar, sin embargo el nuevo servidor ayudará a mejorar el rendimiento y asegurará que usted siga teniendo una excelente experiencia utilizando EasyBroker.</p>]]></content:encoded>
        </item>
    </channel>
</rss>