<?xml version="1.0" encoding="UTF-8"?><rss xmlns:dc="http://purl.org/dc/elements/1.1/" xmlns:content="http://purl.org/rss/1.0/modules/content/" xmlns:atom="http://www.w3.org/2005/Atom" version="2.0" xmlns:cc="http://cyber.law.harvard.edu/rss/creativeCommonsRssModule.html">
    <channel>
        <title><![CDATA[EasyBroker - Medium]]></title>
        <description><![CDATA[Consejos, noticias y mejores prácticas para hacer más competitiva tu inmobiliaria. - Medium]]></description>
        <link>https://blog.easybroker.com</link>
        <image>
            <url>https://cdn-images-1.medium.com/proxy/1*TGH72Nnw24QL3iV9IOm4VA.png</url>
            <title>EasyBroker - Medium</title>
            <link>https://blog.easybroker.com</link>
        </image>
        <generator>Medium</generator>
        <lastBuildDate>Mon, 03 Dec 2018 18:45:57 GMT</lastBuildDate>
        <atom:link href="https://blog.easybroker.com/feed" rel="self" type="application/rss+xml"/>
        <webMaster><![CDATA[yourfriends@medium.com]]></webMaster>
        <atom:link href="http://medium.superfeedr.com" rel="hub"/>
        <item>
            <title><![CDATA[¡Si estás pensando en aumentar tu plan éste es el mejor momento para hacerlo!]]></title>
            <link>https://blog.easybroker.com/si-est%C3%A1s-pensando-en-aumentar-tu-plan-%C3%A9ste-es-el-mejor-momento-para-hacerlo-ab2196a46802</link>
            <guid isPermaLink="false">https://medium.com/p/ab2196a46802</guid>
            <category><![CDATA[easybroker]]></category>
            <category><![CDATA[consejos]]></category>
            <category><![CDATA[general]]></category>
            <category><![CDATA[novedades]]></category>
            <dc:creator><![CDATA[Isaac Vázquez]]></dc:creator>
            <pubDate>Wed, 18 Feb 2015 23:15:14 GMT</pubDate>
            <atom:updated>2016-12-28T20:03:58.345Z</atom:updated>
            <content:encoded><![CDATA[<p>Si tu plan con nosotros es anterior a agosto de 2014 tenemos noticias para ti: a partir de hoy y hasta el 15 de marzo podrás subir de plan con las tarifas previas al ajuste. Puedes incrementar tu plan y te daremos el precio que teníamos antes de agosto del año pasado.</p><p>Recuerda que es necesario haber contratado y mantenido un plan de EasyBroker que cuente con los precios anteriores para que puedas aprovechar esta promoción. En caso de que no quieras realizar ningún cambio en tu plan no te preocupes, seguirás con el precio antiguo que ya disfrutabas.</p><p>Por favor contáctanos si tienes alguna duda, comentario o consulta.</p>]]></content:encoded>
        </item>
        <item>
            <title><![CDATA[¡Te presentamos el nuevo EasyBroker!]]></title>
            <link>https://blog.easybroker.com/te-presentamos-el-nuevo-easybroker-bb4db1e901c4</link>
            <guid isPermaLink="false">https://medium.com/p/bb4db1e901c4</guid>
            <category><![CDATA[novedades]]></category>
            <category><![CDATA[general]]></category>
            <category><![CDATA[easybroker]]></category>
            <dc:creator><![CDATA[Isaac Vázquez]]></dc:creator>
            <pubDate>Sat, 14 Feb 2015 21:54:23 GMT</pubDate>
            <atom:updated>2016-12-28T20:04:20.540Z</atom:updated>
            <content:encoded><![CDATA[<figure><img alt="Te presentamos el nuevo EasyBroker" src="https://cdn-images-1.medium.com/max/640/0*1DpYGDULiw_x3pru.png" /></figure>]]></content:encoded>
        </item>
        <item>
            <title><![CDATA[¡Hemos bajado las tarifas en dólares!]]></title>
            <link>https://blog.easybroker.com/hemos-bajado-las-tarifas-en-d%C3%B3lares-359e21834fdd</link>
            <guid isPermaLink="false">https://medium.com/p/359e21834fdd</guid>
            <category><![CDATA[general]]></category>
            <category><![CDATA[easybroker]]></category>
            <category><![CDATA[novedades]]></category>
            <dc:creator><![CDATA[Isaac Vázquez]]></dc:creator>
            <pubDate>Mon, 26 Jan 2015 18:38:44 GMT</pubDate>
            <atom:updated>2016-12-28T20:05:18.260Z</atom:updated>
            <content:encoded><![CDATA[<figure><img alt="1" src="https://cdn-images-1.medium.com/max/823/0*UDAUqpmvjSftGJGt.jpg" /></figure><p>Anunciamos que como el dólar se ha incrementado, bajamos las tarifas en dólares de nuestros planes para que los usuarios que hacen sus pagos con tarjetas de crédito o PayPal cobran siempre el mismo monto en pesos mexicanos independientemente del movimiento en el valor del dólar.</p><p>Siéntete libre de escribirnos o contactarnos si es que tienes dudas acerca de tu pago.</p>]]></content:encoded>
        </item>
        <item>
            <title><![CDATA[ ¡Ven al primer Trato Hecho de 2015!]]></title>
            <link>https://blog.easybroker.com/ven-al-primer-trato-hecho-de-2015-56a25b240474</link>
            <guid isPermaLink="false">https://medium.com/p/56a25b240474</guid>
            <category><![CDATA[easybroker]]></category>
            <category><![CDATA[eventos]]></category>
            <category><![CDATA[marketing]]></category>
            <dc:creator><![CDATA[Isaac Vázquez]]></dc:creator>
            <pubDate>Thu, 08 Jan 2015 21:25:06 GMT</pubDate>
            <atom:updated>2016-12-28T20:04:19.942Z</atom:updated>
            <content:encoded><![CDATA[<h3>¡Ven al primer Trato Hecho de 2015!</h3><figure><img alt="flyer-eb-blog" src="https://cdn-images-1.medium.com/max/590/0*RumwwH4c1bBGsB8S.png" /></figure><p>Ya estamos listos para la tercera entrega de <a href="https://www.facebook.com/tratohechomexico">Trato Hecho</a>, el evento de networking inmobiliario en la Ciudad de México. Recuerda que este evento es gratuito y que te permite conocer y crear alianzas con otras personas del sector y también aumentar tu inventario de propiedades!</p><p>Puedes invitar a otros colegas y no olvides <a href="https://www.facebook.com/events/375813945912538/">confirmar tu asistencia al evento</a>, ya que el cupo es limitado.</p><p>Te esperamos!</p>]]></content:encoded>
        </item>
        <item>
            <title><![CDATA[¡Feliz Año Nuevo 2015!]]></title>
            <link>https://blog.easybroker.com/feliz-a%C3%B1o-nuevo-2015-10c222446981</link>
            <guid isPermaLink="false">https://medium.com/p/10c222446981</guid>
            <category><![CDATA[easybroker]]></category>
            <category><![CDATA[gestión-de-inmuebles]]></category>
            <category><![CDATA[novedades]]></category>
            <dc:creator><![CDATA[Isaac Vázquez]]></dc:creator>
            <pubDate>Wed, 31 Dec 2014 17:28:16 GMT</pubDate>
            <atom:updated>2016-12-28T20:04:16.367Z</atom:updated>
            <content:encoded><![CDATA[<figure><img alt="mac2" src="https://cdn-images-1.medium.com/max/590/0*0rKlwEbsuvwjDAB-.png" /></figure><p>El 2014 nos trajo mejoras: no sólo hicimos EasyBroker mucho más atractivo y accesible sino que también añadimos herramientas solicitadas por todos ustedes para hacer la labor diaria mucho más fácil!</p><p>Aquí una lista con las características más destacadas de este año:</p><ul><li><a href="http://blog.easybroker.com/es/2014-11-evita-crear-contactos-duplicados-con-la-nueva-alerta/">Añadimos una alerta para contactos duplicados</a></li><li><a href="http://blog.easybroker.com/es/2014-09-la-red-de-easybroker-ya-esta-incluida-en-las-busquedas-guardadas/">Si tienes el cliente pero no la propiedad, ya puedes crear una alerta en Búsquedas guardadas para toda la Red de EasyBroker!</a></li><li>Unimos fuerzas con <a href="http://easybroker.cmail1.com/t/r-i-cktkux-l-p/">Metros Cúbicos</a>, <a href="http://easybroker.cmail1.com/t/r-i-cktkux-l-x/">Properati</a>, <a href="http://easybroker.cmail1.com/t/r-i-cktkux-l-m/">Go Place it</a>, <a href="http://www.lamudi.com.mx/?gclid=CNiWiZzigMMCFYJzMgod-mcATg">Lamudi</a>, <a href="http://www.inmuebles24.com/">Inmuebles 24</a> y <a href="http://easybroker.cmail1.com/t/r-i-cktkux-l-c/">Propiedades.com</a></li><li><a href="http://blog.easybroker.com/es/2014-11-elige-cuales-propiedades-publicar-en-portales-afiliados-de-pago/">Hicimos que pudieras escoger en qué portales premium quieres publicar cada una de tus propiedades</a></li><li><a href="http://blog.easybroker.com/es/2014-08-trato-hecho/">Creamos Trato Hecho, el evento de networking inmobiliario.</a></li><li>Tenemos dos nuevas plantillas para la creación de los sitios web: <a href="http://blog.easybroker.com/es/2014-07-conoce-la-nueva-plantilla-oslo/">Oslo</a> y <a href="http://blog.easybroker.com/es/2014-09-conoce-la-nueva-plantilla-moscow/">Moscow</a></li><li><a href="http://blog.easybroker.com/es/2014-05-edita-y-publica-con-un-clic-tus-propiedades-destacadas/">Cambiamos la manera en la que agregas tus propiedades, ahora es más eficaz y en un sólo paso</a></li><li><a href="http://blog.easybroker.com/es/2014-01-exporta-los-reportes-de-tus-contactos-y-propiedades-a-excel/">Hicimos posible la exportación de reportes de propiedades y contactos a Excel</a></li><li><a href="http://blog.easybroker.com/es/2014-03-%C2%A1analiza-que-portales-te-generan-mas-clientes-potenciales/">Creamos un reporte de marketing por propiedad</a></li><li><a href="http://blog.easybroker.com/es/2014-01-%C2%A1ya-puedes-organizar-tu-inmobiliaria-en-sucursales-distintas/">Agregamos la opción de Sucursales</a></li><li><a href="http://blog.easybroker.com/es/2014-02-%C2%A1el-nuevo-easybroker-te-va-a-encantar/">Cambiamos el diseño de todo EasyBroker</a></li></ul><p>Entre muchas otras cosas. Nos gusta que sepan que todas las características que añadimos son hechas por y para ustedes y pensadas para mejorar su experiencia en EasyBroker! También nos gustaría que se sintieran libres de escribirnos si tienen más sugerencias.</p><p>Esperamos que el 2015 sea un año lleno de prosperidad y de éxitos para todos ustedes.</p>]]></content:encoded>
        </item>
        <item>
            <title><![CDATA[Ahorra tiempo y crea contactos desde una propiedad o desde otro contacto]]></title>
            <link>https://blog.easybroker.com/ahorra-tiempo-y-crea-contactos-desde-una-propiedad-o-desde-otro-contacto-84ba2a6b48c2</link>
            <guid isPermaLink="false">https://medium.com/p/84ba2a6b48c2</guid>
            <category><![CDATA[gestión-de-inmuebles]]></category>
            <category><![CDATA[general]]></category>
            <category><![CDATA[novedades]]></category>
            <dc:creator><![CDATA[Isaac Vázquez]]></dc:creator>
            <pubDate>Fri, 26 Dec 2014 05:59:26 GMT</pubDate>
            <atom:updated>2016-12-28T20:04:31.799Z</atom:updated>
            <content:encoded><![CDATA[<p>Ahora puedes crear contactos relacionados con un inmueble desde la barra lateral de la propiedad o cuando editas un contacto que está relacionado. Cuando escribas el nombre del contacto relacionado, aparecerá la opción para crearlo si es que no existe y sólo tienes que usar el nombre del contacto, el mail o ambos:</p><figure><img alt="blog1" src="https://cdn-images-1.medium.com/max/500/0*dTHPEZ0t0H4A-iWx.jpg" /></figure><figure><img alt="blog2" src="https://cdn-images-1.medium.com/max/500/0*v2HLfm2dxb-K3rsH.jpg" /></figure><p>Con esta nueva característica ya no es necesario pasar de propiedad a contactos sólo para agregar el propietario de un inmueble y siempre que tengas al menos el nombre del contacto a la mano podrás agregarlo desde ahí mismo!</p><p>Después puedes ir directamente al contacto creado para añadir más información sobre él y comenzar a guardar todas las interacciones que han tenido para no olvidar detalle.</p>]]></content:encoded>
        </item>
        <item>
            <title><![CDATA[¡El equipo EasyBroker te desea felices fiestas!]]></title>
            <link>https://blog.easybroker.com/el-equipo-easybroker-te-desea-felices-fiestas-318de20d905f</link>
            <guid isPermaLink="false">https://medium.com/p/318de20d905f</guid>
            <category><![CDATA[easybroker]]></category>
            <dc:creator><![CDATA[Isaac Vázquez]]></dc:creator>
            <pubDate>Fri, 19 Dec 2014 16:16:41 GMT</pubDate>
            <atom:updated>2016-12-28T20:04:19.908Z</atom:updated>
            <content:encoded><![CDATA[<figure><img alt="" src="https://cdn-images-1.medium.com/max/500/0*tHQhAOJP0MuXvRmG.jpg" /></figure><p>Todos y cada uno de nosotros les deseamos felices fiestas y les agradecemos la confianza que han puesto en nosotros y en nuestra labor.</p><p>¡Les mandamos un fuerte abrazo de parte de Eric, Vicky, Juan Carlos, Mariana, Lucas, Claudio y Daniel!</p>]]></content:encoded>
        </item>
        <item>
            <title><![CDATA[Evita crear contactos duplicados con la nueva alerta]]></title>
            <link>https://blog.easybroker.com/evita-crear-contactos-duplicados-con-la-nueva-alerta-36d1876f0b1</link>
            <guid isPermaLink="false">https://medium.com/p/36d1876f0b1</guid>
            <category><![CDATA[easybroker]]></category>
            <category><![CDATA[novedades]]></category>
            <category><![CDATA[general]]></category>
            <dc:creator><![CDATA[Isaac Vázquez]]></dc:creator>
            <pubDate>Fri, 28 Nov 2014 23:18:12 GMT</pubDate>
            <atom:updated>2016-12-28T20:04:36.548Z</atom:updated>
            <content:encoded><![CDATA[<p>Desde ahora evitarás que dos asesores hagan seguimiento al mismo cliente potencial por separado; al añadir un contacto, te avisaremos cuando ya esté agregado en EasyBroker. La alerta se mostrará cuando el teléfono o el mail ya esté registrado.</p><p>La notificación de que el contacto ya existe aparecerá incluso cuando el contacto no haya sido asignado a ti, pero a otro miembro del equipo!</p><figure><img alt="contact-2" src="https://cdn-images-1.medium.com/max/590/0*a1NCGEmvzqe1pJS_.png" /></figure><p>Esta nueva característica ayudará a optimizar la organización de tus contactos en general y tendrás la seguridad de que llevas un control adecuado de tus clientes potenciales.</p><p>Este es un cambio hecho gracias a todos nuestros clientes: las características de EasyBroker son pensadas para hacer el trabajo mucho más fácil y les estamos muy agradecidos por los comentarios y sugerencias!</p>]]></content:encoded>
        </item>
        <item>
            <title><![CDATA[Elige cuáles propiedades publicar en portales afiliados de pago]]></title>
            <link>https://blog.easybroker.com/elige-cu%C3%A1les-propiedades-publicar-en-portales-afiliados-de-pago-f60fc80064ba</link>
            <guid isPermaLink="false">https://medium.com/p/f60fc80064ba</guid>
            <category><![CDATA[easybroker]]></category>
            <category><![CDATA[gestión-de-inmuebles]]></category>
            <category><![CDATA[novedades]]></category>
            <dc:creator><![CDATA[Isaac Vázquez]]></dc:creator>
            <pubDate>Fri, 14 Nov 2014 17:23:42 GMT</pubDate>
            <atom:updated>2016-12-28T20:05:39.403Z</atom:updated>
            <content:encoded><![CDATA[<p>Ahora al crear o editar una propiedad, ya puedes elegir en cuáles de nuestros portales afiliados de pago deseas publicarla.</p><figure><img alt="blog-publish-to" src="https://cdn-images-1.medium.com/max/528/0*9_VWc5kkArGUTZnW.png" /></figure><p>Si tienes un paquete con un portal de pago que limita el número de propiedades que puedes publicar, ahora puedes seleccionar específicamente cuáles publicar. Con estos cambios buscamos ayudarte a administrar mejor tu presupuesto y aumentar la flexibilidad en la forma en que tu inmobiliaria maneja sus propiedades.</p><figure><img alt="sitios-premium" src="https://cdn-images-1.medium.com/max/528/0*Kudz1Pyf4cUnzGpy.png" /></figure><p>Recuerda que para publicar en los portales afiliados necesitas crear una cuenta con ellos y después conectarla a EasyBroker dando click en <em>Configuraciones</em> y luego en <em>Sitios Afiliados Premium</em>.</p>]]></content:encoded>
        </item>
        <item>
            <title><![CDATA[Más plantillas optimizadas para todos los dispositivos]]></title>
            <link>https://blog.easybroker.com/m%C3%A1s-plantillas-optimizadas-para-todos-los-dispositivos-e80e6acab21f</link>
            <guid isPermaLink="false">https://medium.com/p/e80e6acab21f</guid>
            <category><![CDATA[diseño-web]]></category>
            <category><![CDATA[easybroker]]></category>
            <category><![CDATA[novedades]]></category>
            <dc:creator><![CDATA[Isaac Vázquez]]></dc:creator>
            <pubDate>Thu, 13 Nov 2014 01:26:43 GMT</pubDate>
            <atom:updated>2016-12-28T20:04:12.477Z</atom:updated>
            <content:encoded><![CDATA[<figure><img alt="Ejemplo de Anthemius en todos los dispositivos" src="https://cdn-images-1.medium.com/max/659/0*ccvd4J_DEeEa2yOM.png" /></figure><p>Para brindarle una mejor experiencia a los visitantes de tu sitio web, mejoramos las plantillas <strong>Anthemius, Archetype y Clean and Simple</strong> para <strong>funcionar en dispositivos móviles y tabletas</strong>.</p><figure><img alt="Ejemplo de Archetype en todos los dispositivos" src="https://cdn-images-1.medium.com/max/659/0*Qon1T_COGcdd4uXY.png" /></figure><p>Así que si cuentas con una de estas plantillas, tu sitio ya está listo para recibir clientes potenciales sin importar el dispositivo que usen.</p><figure><img alt="Ejemplo de Clean and Simple en todos los dispositivos" src="https://cdn-images-1.medium.com/max/659/0*tky3sZHi1QF3mxKM.png" /></figure><p>El número de usuarios en dispositivos móviles aumenta cada día y es necesario tener un sitio web adaptado para éstos. Esperamos que estas últimas mejoras te ayuden a captar más clientes.</p>]]></content:encoded>
        </item>
    </channel>
</rss>