<?xml version="1.0" encoding="UTF-8"?><rss xmlns:dc="http://purl.org/dc/elements/1.1/" xmlns:content="http://purl.org/rss/1.0/modules/content/" xmlns:atom="http://www.w3.org/2005/Atom" version="2.0" xmlns:cc="http://cyber.law.harvard.edu/rss/creativeCommonsRssModule.html">
    <channel>
        <title><![CDATA[EasyBroker - Medium]]></title>
        <description><![CDATA[Consejos, noticias y mejores prácticas para hacer más competitiva tu inmobiliaria. - Medium]]></description>
        <link>https://blog.easybroker.com</link>
        <image>
            <url>https://cdn-images-1.medium.com/proxy/1*TGH72Nnw24QL3iV9IOm4VA.png</url>
            <title>EasyBroker - Medium</title>
            <link>https://blog.easybroker.com</link>
        </image>
        <generator>Medium</generator>
        <lastBuildDate>Mon, 03 Dec 2018 18:45:57 GMT</lastBuildDate>
        <atom:link href="https://blog.easybroker.com/feed" rel="self" type="application/rss+xml"/>
        <webMaster><![CDATA[yourfriends@medium.com]]></webMaster>
        <atom:link href="http://medium.superfeedr.com" rel="hub"/>
        <item>
            <title><![CDATA[¡Revisa el desempeño de tus anuncios desde el Reporte de actividades de propiedades!]]></title>
            <link>https://blog.easybroker.com/revisa-el-desempe%C3%B1o-de-tus-anuncios-desde-el-reporte-de-actividades-de-propiedades-3a80972e1fb1</link>
            <guid isPermaLink="false">https://medium.com/p/3a80972e1fb1</guid>
            <category><![CDATA[gestión-de-inmuebles]]></category>
            <category><![CDATA[novedades]]></category>
            <category><![CDATA[consejos]]></category>
            <dc:creator><![CDATA[Isaac Vázquez]]></dc:creator>
            <pubDate>Fri, 26 Oct 2012 17:03:29 GMT</pubDate>
            <atom:updated>2016-12-28T20:05:17.588Z</atom:updated>
            <content:encoded><![CDATA[<p>Hemos incorporado dos nuevas columnas al <em>Reporte de actividades de propiedades</em>. Desde ahora podrás revisar el número de visitas que recibe cada una de tus propiedades así como el número de personas que han mostrado interés en cada propiedad directamente desde el Reporte.</p><p>¿Funcionan los títulos de propiedad y las descripciones que has puesto para cada uno de tus inmuebles? ¿Estás mostrando las mejores fotos posibles de tu propiedad en cuestión? La nueva característica de análisis de visitas te permite calificar la asertividad de cada propiedad. Si tu propiedad no recibe las visitas que esperabas tal vez sea hora de cambiar su nombre y descripción por algo más atractivo, o, subir nuevas fotos que resalten más las virtudes del inmueble en cuestión. Lee nuestras entradas sobre <a href="http://www.easybroker.com/es/blog/2008-09-que-hay-en-un-nombre/"><em>¿Qué hay en un nombre?</em></a><em> o </em><a href="http://www.easybroker.com/es/blog/2010-04-la-importancia-de-la-fotografia-en-un-aviso-inmobiliario/"><em>La importancia de la fotografía en un aviso inmobiliario</em></a><em> </em>para más información sobre esos temas. Si tu propiedad genera las visitas adecuadas pero no genera clientes potenciales puedes bien necesitar reconsiderar el precio por el que has publicado el inmueble o el mercado hacia el cual lo diriges.</p><figure><img alt="" src="https://cdn-images-1.medium.com/max/500/0*Bi2sqFpPEcm3M-Gn.png" /></figure><p>Usar estas herramientas es muy sencillo, puedes acceder a estos datos desde la pestaña de <em>Propiedades</em> de tu cuenta EasyBroker. En la pestaña de <em>Propiedades</em> deberás seleccionar la casilla de la(s) propiedad(es) que quieras analizar y dar clic en la barra de <em>Reportes</em> seleccionando A<em>ctividad</em>. Desde ahí podrás ver un reporte de actividades de la(s) propiedad(es) que hayas seleccionado entre las cuales encontrarás V<em>isitas a la página</em> y <em>Clientes interesados</em>.</p><p>Entonces ya sabes, ¡usa tu CRM y da ese giro que necesitas a las ventas estancadas! Organízate y entrega fácilmente reportes de resultados a los dueños de las propiedades que anuncias. ¡Hazlo fácil, hazlo con EasyBroker!</p>]]></content:encoded>
        </item>
        <item>
            <title><![CDATA[¡EasyBroker estará presente en el Gran Foro Inmobiliario de la Ciudad de México!]]></title>
            <link>https://blog.easybroker.com/easybroker-estar%C3%A1-presente-en-el-gran-foro-inmobiliario-de-la-ciudad-de-m%C3%A9xico-b1d0224981ac</link>
            <guid isPermaLink="false">https://medium.com/p/b1d0224981ac</guid>
            <category><![CDATA[easybroker]]></category>
            <category><![CDATA[eventos]]></category>
            <dc:creator><![CDATA[Isaac Vázquez]]></dc:creator>
            <pubDate>Fri, 21 Sep 2012 19:22:49 GMT</pubDate>
            <atom:updated>2016-12-28T20:04:20.530Z</atom:updated>
            <content:encoded><![CDATA[<figure><img alt="" src="https://cdn-images-1.medium.com/max/397/0*GzBALA-EjuXCiWZZ.png" /></figure><p>¡Amigos de EasyBroker! Nos da una gran alegría extenderles una invitación para que nos visiten en el <a href="http://www.granforoinmobiliario.com/">Gran Foro Inmobiliario 2012 de la Ciudad de México</a>. El foro se llevará a cabo en el WTC de la ciudad éste próximo lunes 1º de octubre de 8 de la mañana a 7 de la tarde. Será una gran oportunidad para conocernos y aprender los unos de los otros. Tenemos muchas sorpresas en los meses por venir para todos nuestros amigos en México y queremos aprovechar la oportunidad que nos brinda el foro para acercarnos a ustedes y presentarnos formalmente en el mercado inmobiliario mexicano.</p><p>EasyBroker ha estado trabajando con inmobiliarios mexicanos desde hace ya algunos años pero en 2012 hemos decidido dar el siguiente paso en la relación con nuestros clientes mexicanos. Recientemente abrimos oficinas en la Ciudad de México y estamos trabajando arduamente en nuevas estrategias que sin duda alguna revolucionarán la industria inmobiliaria del país. No te pierdas la oportunidad de conocernos y conocer todas las innovadoras ideas que éste foro traerá consigo. Los esperamos, y, hasta entonces reciban de parte del equipo EasyBroker un fuerte… ¡Viva México!</p>]]></content:encoded>
        </item>
        <item>
            <title><![CDATA[¡Revisa el origen de todos tus prospectos en una gráfica de pastel!]]></title>
            <link>https://blog.easybroker.com/revisa-el-origen-de-todos-tus-prospectos-en-una-gr%C3%A1fica-de-pastel-c2014fa50270</link>
            <guid isPermaLink="false">https://medium.com/p/c2014fa50270</guid>
            <category><![CDATA[easybroker]]></category>
            <category><![CDATA[novedades]]></category>
            <category><![CDATA[marketing]]></category>
            <category><![CDATA[consejos]]></category>
            <dc:creator><![CDATA[Isaac Vázquez]]></dc:creator>
            <pubDate>Fri, 24 Aug 2012 23:00:48 GMT</pubDate>
            <atom:updated>2016-12-28T20:04:39.093Z</atom:updated>
            <content:encoded><![CDATA[<figure><img alt="" src="https://cdn-images-1.medium.com/max/500/0*Y7uWoA_TxFOf-G35.png" /></figure><p>Hemos añadido una nueva función a Easybroker. ¡Ahora puedes revisar el origen de todos tus contactos en una gráfica de pastel! Ya antes podías <a href="http://www.easybroker.com/es/blog/2010-04-mejora-en-rastreo-de-prospectos-inmobiliario/">revisar el origen de tus contactos</a> de manera individual. Ahora con la nueva gráfica podrás evaluar más fácilmente los lugares que te están generando más prospectos.</p><p>Para ver esta nueva gráfica deberás acceder a tu cuenta de EasyBroker y seleccionar la pestaña de <em>Tablero</em> -recuerda que el <em>Tablero</em> está diseñado para que puedas dar seguimiento a la productividad de tu empresa. Ya en el <em>Tablero</em> deberás elegir la opción de filtrar por <em>Origen de clientes potenciales</em>, y… ¡voila, ahí está! Una gráfica de pastel que te muestra todos los orígenes registrados desde los cuales han llegado tus contactos. Revisa tu gráfica periódicamente comparando la diferencia de los orígenes filtrando por mes y usuario. ¡Úsala, enfoca tu marketing y vende más!</p>]]></content:encoded>
        </item>
        <item>
            <title><![CDATA[¿Quiéres ser contratado? ¡Escríbenos una carta de presentación de primera!]]></title>
            <link>https://blog.easybroker.com/qui%C3%A9res-ser-contratado-escr%C3%ADbenos-una-carta-de-presentaci%C3%B3n-de-primera-99b814d9620d</link>
            <guid isPermaLink="false">https://medium.com/p/99b814d9620d</guid>
            <category><![CDATA[easybroker]]></category>
            <category><![CDATA[general]]></category>
            <dc:creator><![CDATA[Eric Northam]]></dc:creator>
            <pubDate>Fri, 27 Jul 2012 17:06:02 GMT</pubDate>
            <atom:updated>2017-08-23T19:01:18.203Z</atom:updated>
            <content:encoded><![CDATA[<h3>¿Quieres ser contratado? ¡Convéncenos con tu carta de presentación!</h3><p>Algo ocurre constantemente en EasyBroker cuando abrimos una vacante: recibimos una inundación de curriculums y tenemos que encontrar a los postulantes que realmente quieren ser contratados. Cuando esto pasa, las cartas de presentación se convierten en una gran herramienta que definitivamente deberías considerar explotar.</p><p>Si bien tu currículum nos dice más o menos qué has hecho y de dónde vienes, la carta de presentación nos muestra mucho más de ti en aspectos que consideramos más decisivos que la experiencia profesional. Sabremos cómo escribes y te comunicas, qué tipo de vocabulario te gusta usar, cómo te ves a ti mismo y qué es lo que te motiva para querer trabajar en EasyBroker. Con tus palabras nos harás saber que estás entusiasmado por aprender cosas nuevas, e incluso podrás convencernos de que a lo mejor no tienes la experiencia profesional exacta pero sí las ganas y el conocimiento para crecer con nosotros. Al leer una carta de presentación atractiva tendremos más motivos para llamarte y querer conocerte más, especialmente si nos sorprendes con tu redacción y tu forma de contarnos quién eres, qué puedes lograr y por qué serás lo mejor que nos ha pasado.</p><p>Recuerda que así como EasyBroker, muchas empresas quieren saber de ti en tu carta de presentación. A nosotros nos desanima muchísimo ver un cv espectacular acompañado de una carta genérica, súper escueta y con las dos típicas frases hechas: “adjunto mi cv” y “quedo a sus órdenes para una entrevista”. Cuando recibimos algo así, la impresión que nos queda es que a alguien le emociona lo mismo trabajar con nosotros que en la oficina más gris y burocrática del país y lo descartamos al momento. Estamos seguros que no somos los únicos que responden al desinterés con más desinterés.</p><p>Con nosotros y seguramente en otras empresas una buena carta de presentación podría abrirte la puerta a una entrevista.</p>]]></content:encoded>
        </item>
        <item>
            <title><![CDATA[Ahorra tiempo copiando fácilmente tus propiedades!]]></title>
            <link>https://blog.easybroker.com/ahorra-tiempo-copiando-f%C3%A1cilmente-tus-propiedades-127e186dcdaa</link>
            <guid isPermaLink="false">https://medium.com/p/127e186dcdaa</guid>
            <category><![CDATA[easybroker]]></category>
            <category><![CDATA[novedades]]></category>
            <dc:creator><![CDATA[Isaac Vázquez]]></dc:creator>
            <pubDate>Thu, 12 Jul 2012 20:23:24 GMT</pubDate>
            <atom:updated>2016-12-28T20:05:03.269Z</atom:updated>
            <content:encoded><![CDATA[<p>¿Tienes un número de propiedades similares para publicar en tu sitio web? En vez de crear cada aviso manualmente, ahora una nueva función de EasyBroker te permite hacer copias de una propiedad. Ahorra tiempo duplicando la propiedad original, y haciéndole a esta copia los cambios necesarios y específicos a esta segunda propiedad. Es ideal para cuando tienes muchas propiedades similares en el mismo desarrollo o en el mismo edificio. Al copiar una propiedad, copiarás también las fotos, planos de piso, y otros archivos que hayas subido a la publicación, y así no tendrás que gastar tiempo repitiendo los mismos pasos una y otra vez.</p><figure><img alt="" src="https://cdn-images-1.medium.com/max/500/0*joHqbAtJOYDxobFB.png" /></figure><p>Realiza copias fácilmente, abriendo la ficha de la publicación en la sección <em>Propiedades</em> y luego haciendo clic en el botón <em>Copiar</em> en la esquina superior derecha. Luego, simplemente ajusta los detalles y ¡publica tu nueva propiedad!</p>]]></content:encoded>
        </item>
        <item>
            <title><![CDATA[Ahora puedes añadir archivos a tus propiedades fácilmente]]></title>
            <link>https://blog.easybroker.com/ahora-puedes-a%C3%B1adir-archivos-a-tus-propiedades-f%C3%A1cilmente-42a5cb33714e</link>
            <guid isPermaLink="false">https://medium.com/p/42a5cb33714e</guid>
            <category><![CDATA[easybroker]]></category>
            <category><![CDATA[gestión-de-inmuebles]]></category>
            <category><![CDATA[novedades]]></category>
            <dc:creator><![CDATA[Isaac Vázquez]]></dc:creator>
            <pubDate>Mon, 21 May 2012 14:17:36 GMT</pubDate>
            <atom:updated>2016-12-28T20:04:06.524Z</atom:updated>
            <content:encoded><![CDATA[<p>¿Tienes planos del piso, contratos, el listado de precios por unidad, o algún otro tipo de archivos dando vueltas por ahí? Bueno, ahora con la nueva función de EasyBroker te permitimos adjuntar archivos a tus propiedades y hacer que estos estén disponibles para que tus visitantes los descarguen directamente desde la publicación en tu sitio web. No hay límite a la cantidad de archivos que puedes adjuntar a cada propiedad, y después de cargar el archivo puedes cambiarle el nombre que mostrará.</p><p>Para subir archivos, selecciona la propiedad deseada desde <em>Propiedades</em>, haz clic en donde dice Agregar fotos y verás que está la opción de <em>Sube los archivos anexos que desees incluir, </em>sólo tienes que hacer clic en<em> Seleccionar archivos </em>y listo!</p><figure><img alt="Screen Shot 2015-04-03 at 1.43.39 PM" src="https://cdn-images-1.medium.com/max/682/0*qGzmigOc8v8Xg10S.png" /></figure><p>Para cambiar el nombre del archivo subido, simplemente haz clic en el archivo, edita el nombre y luego haz clic en <em>Guardar.</em></p><figure><img alt="Screen Shot 2015-04-17 at 1.57.06 PM" src="https://cdn-images-1.medium.com/max/658/0*s88z1eKjoUki82gT.png" /></figure><p>Luego de la subida, tu(s) archivo(s) estarán disponibles para descargar desde la página de la propiedad. Adjuntar archivos directamente a tus propiedades, te ahorrará mucho tiempo que normalmente gastarías enviándolos por email, y le permite a tus clientes acceder a documentos importantes de manera inmediata. ¡Pruébalo tu mismo!</p>]]></content:encoded>
        </item>
        <item>
            <title><![CDATA[Ahora puedes publicar tu sitio web en Italiano]]></title>
            <link>https://blog.easybroker.com/ahora-puedes-publicar-tu-sitio-web-en-italiano-310996da092e</link>
            <guid isPermaLink="false">https://medium.com/p/310996da092e</guid>
            <category><![CDATA[novedades]]></category>
            <category><![CDATA[easybroker]]></category>
            <dc:creator><![CDATA[Isaac Vázquez]]></dc:creator>
            <pubDate>Wed, 09 May 2012 20:51:58 GMT</pubDate>
            <atom:updated>2016-12-28T20:05:39.398Z</atom:updated>
            <content:encoded><![CDATA[<figure><img alt="" src="https://cdn-images-1.medium.com/max/255/0*TLBE1sQK35u96Udu.jpg" /></figure><p>¡Expande tu alcance! EasyBroker ahora te permite publicar tus propiedades y tu sitio web en Italiano. El Italiano es la incorporación más reciente a la amplia lista de idiomas que puedes utilizar, incluyendo: Inglés, Español, Portugués, Francés, Alemán, Ruso ¡y varios más!</p><p>Para elegir las opciones del idioma que prefieras, tienes que ir a <em>Configuraciones </em>&gt; <em>Configuración de la empresa,</em> y luego busca la sección <em>Tus idiomas soportados.</em> Si tienes sugerencias para otros idiomas que te gustaría que agreguemos, por favor ponte en contacto con nosotros y dinos cuáles.</p><p>Ciao!</p><p>Photo Credit: <a href="http://www.flickr.com/photos/wvs/279625220/in/photostream/">wvs</a></p>]]></content:encoded>
        </item>
        <item>
            <title><![CDATA[Oculta la ubicación exacta de tus avisos]]></title>
            <link>https://blog.easybroker.com/oculta-la-ubicaci%C3%B3n-exacta-de-tus-avisos-6b7e84dd62c8</link>
            <guid isPermaLink="false">https://medium.com/p/6b7e84dd62c8</guid>
            <category><![CDATA[gestión-de-inmuebles]]></category>
            <category><![CDATA[easybroker]]></category>
            <category><![CDATA[novedades]]></category>
            <dc:creator><![CDATA[Isaac Vázquez]]></dc:creator>
            <pubDate>Tue, 17 Apr 2012 20:44:47 GMT</pubDate>
            <atom:updated>2016-12-28T20:05:23.119Z</atom:updated>
            <content:encoded><![CDATA[<figure><img alt="Screen Shot 2015-04-02 at 6.53.26 PM" src="https://cdn-images-1.medium.com/max/715/0*4JTtlw2V-Acbr7T7.png" /></figure><p>¿No quieres que tus clientes sepan la ubicación exacta de tus propiedades, pero quieres que se muestre igual un mapa que indique a grandes rasgos la localización de la misma? Bueno, ahora puedes.</p><p>Cuando estés trabajando con tus propiedades, puedes ir a la parte de Ubicación y verás ahora un nuevo campo llamado <em>Ocultar ubicación exacta</em>. Simplemente selecciona esta opción y notarás que el marcador rojo que se muestra normalmente en el mapa desaparecerá de tu sitio web. Sin embargo, el marcador aún estará disponible en tu cuenta de EasyBroker, para que tanto tú como tus colegas puedan recordar fácilmente la ubicación de las propiedades.</p><figure><img alt="" src="https://cdn-images-1.medium.com/max/273/0*n78UkDDxg4f7pTKK.png" /></figure><p>Con <em>Ocultar ubicación exacta</em> marcado, ahora se muestra el mapa pero sin el marcador.</p><figure><img alt="" src="https://cdn-images-1.medium.com/max/264/0*4LY2EGD2pQZpTBAr.png" /></figure>]]></content:encoded>
        </item>
        <item>
            <title><![CDATA[Dos nuevos reportes de clientes potenciales y otras mejoras a los reportes]]></title>
            <link>https://blog.easybroker.com/dos-nuevos-reportes-de-clientes-potenciales-y-otras-mejoras-a-los-reportes-5e49211b39c3</link>
            <guid isPermaLink="false">https://medium.com/p/5e49211b39c3</guid>
            <category><![CDATA[easybroker]]></category>
            <category><![CDATA[novedades]]></category>
            <dc:creator><![CDATA[Isaac Vázquez]]></dc:creator>
            <pubDate>Mon, 26 Mar 2012 20:05:06 GMT</pubDate>
            <atom:updated>2016-12-28T20:04:43.814Z</atom:updated>
            <content:encoded><![CDATA[<figure><img alt="" src="https://cdn-images-1.medium.com/max/500/0*6jaqgqKx07B6HHXI.png" /></figure><p>Recientemente agregamos dos nuevos reportes al tablero para ayudarlos a revisar cómo se están asignando los clientes potenciales y qué tan bien está concretando las ventas tu equipo de vendedores. También mejoramos el reporte <em>Historial de Actividades</em> para que puedas ver todos los tipos de actividades en un mismo gráfico, y mostrar o esconder a gusto dichas categorías con tan solo hacer un clic en su nombre.</p><p>Para ver los nuevos reportes, accede a tu la sección de Reportes luego de haber ingresado a tu cuenta de EasyBroker, y simplemente selecciona el reporte de <em>Asignación de Clientes Potenciales </em>o <em>Clientes Potenciales Ganados</em> en la parte del menú desplegable <em>Filtrar por.</em></p><p>Esperamos que encuentren útiles estos nuevos reportes tanto como a las mejoras.</p>]]></content:encoded>
        </item>
        <item>
            <title><![CDATA[Nueva información en los pedidos vía web]]></title>
            <link>https://blog.easybroker.com/nueva-informaci%C3%B3n-en-los-pedidos-v%C3%ADa-web-9d4a34ec17c5</link>
            <guid isPermaLink="false">https://medium.com/p/9d4a34ec17c5</guid>
            <category><![CDATA[novedades]]></category>
            <category><![CDATA[easybroker]]></category>
            <dc:creator><![CDATA[Isaac Vázquez]]></dc:creator>
            <pubDate>Thu, 16 Feb 2012 21:57:23 GMT</pubDate>
            <atom:updated>2016-12-28T20:04:21.680Z</atom:updated>
            <content:encoded><![CDATA[<p>Sabemos que los agentes inmobiliarios no pasan todo el día sentados frente a una computadora y dependen en gran medida de la <strong>comunicación por email</strong> para poder atender a sus clientes. Es por eso que hemos cambiado dos cosas de los pedidos vía web para <strong>facilitar</strong> el trabajo y las funciones en campo de los agentes.</p><p>Ahora cada vez que la empresa reciba un pedido vía web se enviará un <strong>correo</strong> también al <strong>agente asignado </strong>a la propiedad, facilitando el flujo de información y permitiéndole estar al tanto de sus solicitudes sin tener que depender de revisar su cuenta de EasyBroker o que el administrador de la cuenta le reenvíe el correo. Por otra parte, los correos enviados ahora incluirán el <strong>nombre del agente asignado</strong> a esa propiedad, así el administrador de la cuenta no tendrá que entrar al sistema para ver quién es el responsable de dar un seguimiento adecuado y tampoco se duplicará el trabajo.</p><figure><img alt="" src="https://cdn-images-1.medium.com/max/450/0*0ZVf4Gug0xrmMVg4.png" /></figure><p>Si tienes alguna otra sugerencia para mejorar el uso del sistema o si tienes algún comentario al respecto, no dudes en <a href="http://www.easybroker.com/es/contact">contactarnos</a>.</p>]]></content:encoded>
        </item>
    </channel>
</rss>