<?xml version="1.0" encoding="UTF-8"?><rss xmlns:dc="http://purl.org/dc/elements/1.1/" xmlns:content="http://purl.org/rss/1.0/modules/content/" xmlns:atom="http://www.w3.org/2005/Atom" version="2.0" xmlns:cc="http://cyber.law.harvard.edu/rss/creativeCommonsRssModule.html">
    <channel>
        <title><![CDATA[EasyBroker - Medium]]></title>
        <description><![CDATA[Consejos, noticias y mejores prácticas para hacer más competitiva tu inmobiliaria. - Medium]]></description>
        <link>https://blog.easybroker.com</link>
        <image>
            <url>https://cdn-images-1.medium.com/proxy/1*TGH72Nnw24QL3iV9IOm4VA.png</url>
            <title>EasyBroker - Medium</title>
            <link>https://blog.easybroker.com</link>
        </image>
        <generator>Medium</generator>
        <lastBuildDate>Mon, 03 Dec 2018 18:45:57 GMT</lastBuildDate>
        <atom:link href="https://blog.easybroker.com/feed" rel="self" type="application/rss+xml"/>
        <webMaster><![CDATA[yourfriends@medium.com]]></webMaster>
        <atom:link href="http://medium.superfeedr.com" rel="hub"/>
        <item>
            <title><![CDATA[El nuevo Tablero muestra el desempeño de tu equipo]]></title>
            <link>https://blog.easybroker.com/el-nuevo-tablero-muestra-el-desempe%C3%B1o-de-tu-equipo-582e8cb4cc93</link>
            <guid isPermaLink="false">https://medium.com/p/582e8cb4cc93</guid>
            <category><![CDATA[novedades]]></category>
            <category><![CDATA[easybroker]]></category>
            <dc:creator><![CDATA[Isaac Vázquez]]></dc:creator>
            <pubDate>Fri, 23 Sep 2011 18:22:57 GMT</pubDate>
            <atom:updated>2016-12-28T20:04:40.676Z</atom:updated>
            <content:encoded><![CDATA[<figure><img alt="" src="https://cdn-images-1.medium.com/max/500/0*6y5Ry-GjTIixlQgA.png" /></figure><p>Recientemente lanzamos un nuevo Tablero, el cual te permite analizar mejor las actividades que tu equipo está realizando. Por ejemplo, puedes ver cuántas llamadas ha realizado un vendedor en particular o cuántos emails ha enviado el equipo, permitiéndote así comparar y evaluar el desempeño de los miembros de tu equipo. La semana pasada también agregamos una nueva funcionalidad que te permite añadir y editar las categorías que asignas a las notas y tareas. Al añadir una nueva categoría, puedes generar un reporte desde el Tablero, el cual te permitirá ver el número de veces que dicha categoría ha sido usada.</p><p>Para ejemplificar esto, generemos un reporte que nos muestre cuántas visitas ha realizado tu equipo. Comienza dando clic en el vínculo de <em>Editar categorías </em>que aparece al lado del campo de <em>Categoría </em>cada vez que creas una nota o tarea.</p><figure><img alt="" src="https://cdn-images-1.medium.com/max/381/0*A7VcjyvdTIV8ju3_.png" /></figure><p>En la siguiente página añade una nueva categoría haciendo clic en el botón <em>Crear nuevo</em>, agrega el nombre <em>Visita </em>y haz clic en el botón de <em>Crear</em>.</p><figure><img alt="" src="https://cdn-images-1.medium.com/max/430/0*iopucHnIzq8eiybB.png" /></figure><p>Ahora abre una de tus propiedades y añade una nota con la categoría <em>Visita</em>, tal como se muestra a continuación.</p><figure><img alt="" src="https://cdn-images-1.medium.com/max/491/0*_luSCgdhnAg5UW_N.png" /></figure><p>Si regresas a tu Tablero, puedes crear un reporte que indique cuántas visitas tu equipo ha completado al hacer clic en el menú en la parte superior derecha de la gráfica y seleccionar la opción de <em>Visita</em>. La gráfica se actualizará inmediatamente con el total de visitas que tu equipo ha completado por día. También, si lo deseas, puedes filtrar la gráfica por fecha o por usuario, generando así un reporte de las visitas realizadas por Eric en septiembre.</p><figure><img alt="" src="https://cdn-images-1.medium.com/max/500/0*8DmIWtL-kEc6s9ki.png" /></figure><p>Sólo los administradores pueden agregar o editar categorías, las cuales serán las mismas para todos los usuarios. Asegúrate de elegir las categorías que mejor funcionen para toda tu organización y después invita a tu equipo a que las usen para que así puedas medir su desempeño.</p>]]></content:encoded>
        </item>
        <item>
            <title><![CDATA[Nadea: una nueva opción de diseño para tu sitio web]]></title>
            <link>https://blog.easybroker.com/nadea-una-nueva-opci%C3%B3n-de-dise%C3%B1o-para-tu-sitio-web-c896881eb536</link>
            <guid isPermaLink="false">https://medium.com/p/c896881eb536</guid>
            <category><![CDATA[easybroker]]></category>
            <category><![CDATA[novedades]]></category>
            <dc:creator><![CDATA[Isaac Vázquez]]></dc:creator>
            <pubDate>Thu, 15 Sep 2011 19:30:08 GMT</pubDate>
            <atom:updated>2016-12-28T20:05:38.121Z</atom:updated>
            <content:encoded><![CDATA[<figure><img alt="" src="https://cdn-images-1.medium.com/max/520/0*VK4dn0BNHtT0YM0I.jpg" /></figure><p>Tal vez la palabra Nadea por sí sola no diga mucho, pero para tu sitio web puede significar una refrescante nueva imagen. Con un equilibrio entre propiedades y texto, este diseño asegura que puedas mostrar y decir exactamente lo que necesitas. Además, en sus nueve paletas de colores distintas seguro encontrarás una que se ajuste a tu gusto e identidad corporativa; aunque claro, nos puedes contactar si tienes alguna sugerencia acerca de los colores disponibles.</p>]]></content:encoded>
        </item>
        <item>
            <title><![CDATA[Tus propiedades ahora también se publican en Nuroa]]></title>
            <link>https://blog.easybroker.com/tus-propiedades-ahora-tambi%C3%A9n-se-publican-en-nuroa-ae7209f8cbee</link>
            <guid isPermaLink="false">https://medium.com/p/ae7209f8cbee</guid>
            <category><![CDATA[gestión-de-inmuebles]]></category>
            <category><![CDATA[novedades]]></category>
            <category><![CDATA[easybroker]]></category>
            <category><![CDATA[red-de-easybroker]]></category>
            <dc:creator><![CDATA[Isaac Vázquez]]></dc:creator>
            <pubDate>Mon, 05 Sep 2011 20:30:56 GMT</pubDate>
            <atom:updated>2016-12-28T20:04:02.921Z</atom:updated>
            <content:encoded><![CDATA[<figure><img alt="" src="https://cdn-images-1.medium.com/max/125/0*3HXcvelnpzUUDbaN.png" /></figure><p>La red de colaboradores de EasyBroker continúa expandiéndose, y en esta ocasión damos la bienvenida a <a href="www.nuroa.com.mx">Nuroa</a>. A partir de ahora cuando publiques tus inmuebles en nuestra red de portales inmobiliarios, éstosautomáticamente se publicarán en este sitio web. <strong>Nuroa </strong>es un buscador de viviendas en venta, alquiler y vacacionales, con presencia en países como <a href="http://www.nuroa.com.mx/">México</a>, <a href="http://www.casasnuroa.com.ar/">Argentina</a>, <a href="http://www.nuroa.com">Estados Unidos</a>, <a href="http://www.nuroa.com.br/">Brasil</a>, <a href="http://www.nuroa.es">España </a>e <a href="http://www.nuroa.it/">Italia</a>, entre otros. Ten en cuenta que para que aparezca una propiedad en nuestros portales asociados pueden pasar hasta 24 horas.</p>]]></content:encoded>
        </item>
        <item>
            <title><![CDATA[Ahorra hasta un 10% pagando por adelantado]]></title>
            <link>https://blog.easybroker.com/ahorra-hasta-un-10-pagando-por-adelantado-600ece67d67d</link>
            <guid isPermaLink="false">https://medium.com/p/600ece67d67d</guid>
            <category><![CDATA[easybroker]]></category>
            <category><![CDATA[novedades]]></category>
            <dc:creator><![CDATA[Isaac Vázquez]]></dc:creator>
            <pubDate>Mon, 05 Sep 2011 17:57:22 GMT</pubDate>
            <atom:updated>2016-12-28T20:05:40.090Z</atom:updated>
            <content:encoded><![CDATA[<p>Ahora puedes ahorrar un<strong> 5%</strong> en el valor de tu suscripción mensual pagando seis meses por adelantado o un <strong>10%</strong> pagando 12 meses por adelantado. Para aprovechar este descuento, ingresa a tu cuenta de EasyBroker y ve a la sección <a href="https://www.easybroker.com/agent/subscription">Planes y Facturación</a>. Luego, haz click en el link para cambiar tu información de facturación y selecciona <em>6 meses </em>o <em>12 meses</em> dependiendo cada cuanto quieres que se te cobre. El descuento será aplicado automáticamente cuando realices tu próximo pago.</p><figure><img alt="" src="https://cdn-images-1.medium.com/max/527/0*11butgLv500n00zg.png" /></figure>]]></content:encoded>
        </item>
        <item>
            <title><![CDATA[Una guía introductoria sobre SEO para sitios web inmobiliarios]]></title>
            <link>https://blog.easybroker.com/una-gu%C3%ADa-introductoria-sobre-seo-para-sitios-web-inmobiliarios-53bc05f95c05</link>
            <guid isPermaLink="false">https://medium.com/p/53bc05f95c05</guid>
            <category><![CDATA[seo-inmobiliario]]></category>
            <category><![CDATA[consejos]]></category>
            <dc:creator><![CDATA[Isaac Vázquez]]></dc:creator>
            <pubDate>Thu, 28 Jul 2011 18:16:12 GMT</pubDate>
            <atom:updated>2016-12-28T20:03:58.713Z</atom:updated>
            <content:encoded><![CDATA[<figure><img alt="" src="https://cdn-images-1.medium.com/max/300/0*gWKxVz5AWVSnlBmv.jpg" /></figure><p>No es un secreto que muchos sitios web inmobiliarios se equivocan en como utilizan el SEO. Si eres un agente inmobiliario o un proveedor de servicios, sabes que hay mucho potencial en la Web. Para la mayoría de la gente — 90% según <a href="http://www.realtor.org/press_room/news_releases/2009/11/survey_record">una encuesta</a> hecha por el National Association of Realtors (la Asociación Nacional de Corredores de Bienes Raíces de Estados Unidos) — la búsqueda de inmuebles empieza en la Web y, por eso, si puedes adaptar tu sitio a las pautas de búsqueda de tus posibles clientes, puedes dominar los resultados en los motores de búsqueda y generar tráfico relevante y de alta calidad para tu sitio. Si ya tienes un sitio o si quieres crear uno, seguir estos pasos te dará ventaja sobre tu competencia.</p><h4>Paso N°1: Investigación — ¿Qué palabras claves usan tus clientes?</h4><p>El primer paso es crítico y, afortunadamente, también es bastante sencillo. ¿Qué palabras se usan en los motores de búsqueda en tu área? Es probable que sea una combinación del área geográfica y palabras como “inmobiliarias” o “inmuebles.” Las palabras claves apropiadas dependen de los servicios que ofrezcas. Esencialmente, buscas <strong>la frase más buscada y más relevante a tu negocio</strong>. Hay muchas herramientas que te ayudarán a encontrar esta información. Por ejemplo, escribir “orange county real estate” en Insights for Search de Google revela que “orange county property” se busca con más frecuencia que “orange county homes” o “orange county realty.” Dependiendo de la competencia por una palabra clave, puede ser mejor escoger una palabra más baja en la lista. Dependiendo de tu área puede ser que no haya suficiente información sobre las búsquedas, pero todavía puedes utilizar los datos de análisis de tu sitio web. A veces, la herramienta de palabras claves de Google AdWords tiene mejores sugerencias y datos más completos. Al saber en que debes enfocarte y cuales frases o palabras claves quieres optimizar, deberás empezar a trabajar.</p><h4>Paso N°2: Optimización — adaptando tu sitio</h4><p>En este caso, optimizar significa <strong>adaptar tu sitio web a las palabras y frases claves que haz escogido</strong>. Si no tienes tu propio nombre de dominio o partes de cero, puedes comprar esas palabras como tu nombre de dominio (si nadie los ha comprado antes). Esto puede dar más relevancia a tu sitio. Aunque no es tan agradable estéticamente, comprar un nombre de dominio con guiones, como <a href="http://www.thousand-islands-real-estate.com,">www.thousand-islands-real-estate.com,</a> tendrá el mismo efecto.</p><p>En muchos casos tu página inicial será el foco de las palabras que escogiste, entonces es importante que <strong>las palabras claves aparezcan en el título</strong>, y primeras. Pero también es importante que el título tenga sentido — si sólo es una mezcla de palabras claves no se visitará tanto. Tienes que escribir algo interesante que incentive a los clientes potenciales a hacer click en tu página, especialmente cuando tu título compite con otros en la página de SERP (es decir en la página de resultados de las motores de búsqueda). Usando el ejemplo de Orange County, puedes utilizar un título como “El sitio web más grande de propiedades en Orange County.” El título es coherente, las palabras relevantes aparecen primeras, y es obvio lo que ofrece el sitio.</p><p>Al igual que con el título, la <strong>meta descripción</strong> para tu página inicial <strong>debe contener también las palabras claves</strong>. Independientemente de lo que busque el usuario, Google y los otros motores de búsqueda muestren la meta descripción o contenido de la página. Entonces, es importante tener palabras claves relevantes en ambos casos. No te preocupes en la densidad de las palabras claves — enfócate en escribir texto coherente.</p><p>Nota extra: Puedes adaptar páginas diferentes a búsquedas diferentes. Por ejemplo, “orange county” junto con “homes” no se busca tanto como con “property,” pero puedes escribir otra página para esta frase también. No olvides usar URLs con las palabras de búsqueda también — por ejemplo, si alguien busca inmuebles en la costa en Thousand Islands, se puede usar <a href="http://www.thousand-islands-real-estate.com/waterfront-island-property.">www.thousand-islands-real-estate.com/waterfront-island-property.</a></p><p>El error más común es no entender el potencial de tener <strong>enlaces internos</strong> en tu sitio web. Las palabras que usas para poner enlaces para la navegación de tu sitio también pueden ser un factor importante en tu ranking en los motores de búsquedas. Por ejemplo, en los enlaces a tu página inicial muchas veces dice “Inicio”. Sería mejor usar algo como “Orange County Property (página inicial)” o, si tienes un logo que enlaza a tu página principal, usa un alt-tag apropiado. Aunque el enlace anterior no sea el aspecto más bonito de tu diseño, es importante recordar que sólo <strong>importa el primer enlace</strong> — entonces, puedes poner esto en la parte de arriba de tu sitio web y todavía tener una barra de navegación en tu diseño. Es importante recordar una vez más que el texto del primer enlace es el que cuenta.</p><h4>Paso N°3: Socializando — optimiza enlaces existentes, logra más enlaces</h4><p>Para los que ya tienen un sitio, espero que ya tengan muchos otros sitios web que enlacen al suyo. Puede ser eficaz <strong>optimizar estos enlaces existentes</strong>. Contacta a los editores originales, probablemente amigos o contactos de tus negocios y pídeles que cambien el texto con que enlazan a tu sitio. Deberías tener una lista de todos los sitios que enlazan al tuyo, pero puedes revisar en <a href="http://siteexplorer.search.yahoo.com/">Yahoo! Site Explorer</a> para estar seguro. Es importante señalar que no puedes hacer esto indiscriminadamente (ya que recibirías una sanción por manipular los resultados), pero muchas veces el contenido cambia y también los enlaces. Es probable que sólo puedas cambiar algunos, así que escoge los mejores y asegúrate de que la escritura sea óptima, no sólo “haz click aquí.” La variedad también es importante — si todos tus enlaces tienen el mismo texto, parecerá sospechoso.</p><p><strong>Nota extra</strong>: En el segundo paso, mencioné los beneficios de los nombres de dominios con guiones. El beneficio implícito es que alguien que enlace a tu sitio con el URL también te enlaza con el texto deseado.</p><p>Puedes pagar mucho dinero o encontrar los directorios para enlazar gratis a tu sitio, pero yo sólo pagaría si el sitio se encuentra bien indexado y tiene mucho tráfico. También puede ser que hayas oído que dejar comentarios en los blogs es importante, y es posible que así sea, pero casi siempre <strong>son “no-follow” los enlaces en la sección de comentarios</strong>, lo que significa que pierden su beneficio de SEO. Algunos argumentan que de todas formas sirve, pero el hecho es que dejar comentarios en los blogs no tendrá mucho efecto. En vez de eso, piensa en usarlo como una oportunidad de participación para hacer que los usuarios sepan sobre tu sitio. <strong>Lograr enlaces</strong> es <strong>inherentemente social</strong> — no en el sentido de Twitter y Facebook — sino, en el sentido de tener un diálogo significativo con otra gente que también busca mejorar su sitio. Esta estrategia te ayudará más y será más gratificante. Si visitas un sitio web frecuentemente y dejas comentarios regularmente, es más probable tener éxito y recibir un enlace (comparado con la estrategia de mandar emails al azar). Escribir y compartir en los <strong>foros</strong> también es una buena manera de crear una buena reputación y lograr enlaces en buenas páginas. De la misma manera, escribir artículos en otros blogs y centros de información te establecerá como autoridad — y por eso, recibirás enlaces. Lo más útil es saber que sitios son importantes en tu industria y tratar de establecerte allí. También, puedes <strong>investigar los enlaces de otros sitios exitosos</strong> que ya tienen un buen ranking para las palabras en cuestión.</p><h4>En Resumen</h4><p>Los primeros dos pasos son fáciles. Puedes aprender mucho sobre la arquitectura de tu sitio, pero siempre que esta estructura sea buena y fácil de navegar, los factores más importantes serán la <strong>orientación de tu sitio y su contenido hacia algunas palabras claves específicas</strong>, y finalmente <strong>lograr enlaces buenos</strong>. Dependiendo de tu región o nicho, puedes ser uno de los pocos operadores que saben usar SEO y podrás capitalizar y transformar el tráfico en clientes.</p><p><a href="http://www.wolf-howl.com/seo/an-introductory-guide-to-seo-for-real-estate-websites/"><em>El articulo original</em></a><em> en inglés viene de Graywolf’s SEO blog, escrito por Adam Vradenburg</em>.</p>]]></content:encoded>
        </item>
        <item>
            <title><![CDATA[Usa tareas para organizar tu trabajo y el de tu equipo]]></title>
            <link>https://blog.easybroker.com/usa-tareas-para-organizar-tu-trabajo-y-el-de-tu-equipo-c9cf0bc42ab2</link>
            <guid isPermaLink="false">https://medium.com/p/c9cf0bc42ab2</guid>
            <category><![CDATA[general]]></category>
            <category><![CDATA[consejos]]></category>
            <category><![CDATA[tarea]]></category>
            <category><![CDATA[easybroker]]></category>
            <dc:creator><![CDATA[Isaac Vázquez]]></dc:creator>
            <pubDate>Fri, 22 Jul 2011 16:15:59 GMT</pubDate>
            <atom:updated>2016-12-28T20:04:22.625Z</atom:updated>
            <content:encoded><![CDATA[<p>Las tareas pueden ser usadas para crear recordatorios de reuniones y compromisos, para realizar el seguimiento de los clientes potenciales o cualquier otra cosa importante que necesites recordar. Puedes especificar la fecha en la cual cada tarea debe ser realizada — ya sea en un tiempo general, como por ejemplo “mañana” o una fecha y hora especifica. Cuando una tarea debe ser realizada en un horario especifico, recibirás un email 15 minutos antes como recordatorio. También recibirás un mail diario con todas las tareas que debes realizar ese día. Puedes a su vez asignar tareas a los miembros de tu equipo y ver quién está trabajando en qué para que tu equipo esté bien organizado.</p><p>Para agregar una tarea tienes varias opciones. Una de ellas es ir a la sección <a href="http://www.easybroker.com/agent/tasks"><em>Tareas</em></a> dentro de tu cuenta de EasyBroker. Del lado derecho de la página verás una columna que podrás completar con información sobre la nueva tarea. Otra opción es agregar una tarea directamente desde un contacto, una propiedad, o una página de reservas de alquileres. Esta opción asociará automáticamente esta tarea con el ítem desde el cual la crees. También podrás ver y manejar tareas que te han sido asignadas desde la sección<em> </em><a href="http://www.easybroker.com/manager"><em>Tablero</em></a> dentro de tu cuenta de EasyBroker.</p><p>Para crear tareas debes; hacer una descripción de la tarea, indicar la fecha en la cual es necesario realizar dicha tarea, asignar la tarea a un agente especifico, y, de ser necesario, adjuntar el contacto, la propiedad, o la reserva a la cual dicha tarea pertenece. Por ejemplo, si Isabel necesita llamar a Eric mañana por una casa en la cual él está interesado, puedes agregar una tarea para llamar a Eric, y asignar dicha tarea a Isabel, indicar la fecha en la cual debe realizarse la tarea como “mañana”, y adjuntar la casa sobre la cual la llamada hará referencia.</p><figure><img alt="" src="https://cdn-images-1.medium.com/max/500/0*o-XloopumTC6mqGE.png" /></figure><p>Una vez que la tarea se encuentra asociada a una propiedad, podrás ver dicha tarea directamente desde la página del contacto o de la propiedad. Luego de agregar la tarea para llamar a Eric, la tarea aparecerá si vas a la página de contacto de Eric, como puedes ver en la imagen de abajo. La tarea también aparecerá en la página de la propiedad a la cual la tarea hace referencia.</p><figure><img alt="" src="https://cdn-images-1.medium.com/max/498/0*rhxvlu7ruMly5VmI.png" /></figure><p>Si quieres sincronizar tus tareas con tu Calendario de Outlook, Google, o cualquier otro programa de Calendarios que soporte iCalendar, debes volver a la página de <a href="http://www.easybroker.com/agent/tasks"><em>Tareas</em></a><em>. </em>Simplemente haz click en el link <em>Subscríbete a tu iCalendar de tareas </em>que se encuentra abajo a la derecha de la página y sigue las instrucciones detalladas paso a paso en este <a href="http://www.easybroker.com/es/blog/2009-12-vea-sus-tareas-en-outlook-ical-google-calendar-y-otros/">artículo de nuestro blog</a>.</p><figure><img alt="" src="https://cdn-images-1.medium.com/max/341/0*uvpSnii_qLZBL9zt.png" /></figure><p>Puedes usar las tareas no sólo para ayudarte a recordar tanto a ti como a tu equipo las cosas que tienen que realizar, sino también para tener un registro de todo lo que se hizo. Por ejemplo, cuando abres un contacto, la información de dicho contacto te mostrará todas las notas, los emails y los detalles de toda la comunicación entre ustedes, tu equipo, y el contacto, incluyendo las tareas que ya han sido realizadas. Este historial es muy valioso para entender mejor a tus clientes y tener una perspectiva más clara sobre cuanto tiempo y esfuerzo dedica tu equipo al trabajo con los clientes y con la venta de determinadas propiedades.</p>]]></content:encoded>
        </item>
        <item>
            <title><![CDATA[Cómo buscar y filtrar contactos, propiedades, y reservas]]></title>
            <link>https://blog.easybroker.com/c%C3%B3mo-buscar-y-filtrar-contactos-propiedades-y-reservas-b024fdc373c1</link>
            <guid isPermaLink="false">https://medium.com/p/b024fdc373c1</guid>
            <category><![CDATA[easybroker]]></category>
            <category><![CDATA[gestión-de-inmuebles]]></category>
            <dc:creator><![CDATA[Isaac Vázquez]]></dc:creator>
            <pubDate>Wed, 20 Jul 2011 13:51:45 GMT</pubDate>
            <atom:updated>2016-12-28T20:04:41.402Z</atom:updated>
            <content:encoded><![CDATA[<p>EasyBroker te permite organizar y gestionar a todos tus contactos, propiedades o reservas para que todo tu equipo pueda encontrar lo que buscan, fácilmente y en un único lugar. Esta es una guía corta en cómo filtrar, buscar, y actualizar muchos contactos al mismo tiempo, lo que te puede brindar una manera más rápida y fácil de gestionar tus contactos y clientes potenciales que con una hoja de cálculo o desde tu email. También puedes usar esta guía para tus propiedades y reservas.</p><figure><img alt="" src="https://cdn-images-1.medium.com/max/500/0*FaCcili85IBMGc-w.png" /></figure><p>Para empezar, vamos a ver los resultados de búsqueda (número uno en la imagen arriba). Aquí, vas a ver tu lista de contactos e información básica sobre ellos, como su foto, etiquetas, e información de contacto. Puedes fácilmente buscar a tus contactos por nombre o email usando la casilla de búsqueda arriba de los resultados de búsqueda.</p><p>Generalmente, vas a tener cientos o miles de contactos y necesitas una manera de filtrar o limitar los resultados mostrados. La casilla de filtrar (número dos en la imagen arriba), te permite filtrar y poner en orden los resultados. En la parte superior de la casilla, vas a ver algunas opciones para ordenar toda la lista de resultados. Bajo las opciones de <em>Ordenar por</em> puedes ver opciones como <em>Asignado a </em>y <em>Etiquetas</em>. Cuando haces click en una opción como <em>Asignado a</em>, aparecerá una lista de usuarios de la cual puedes filtrar. Ahora puedes escoger un usuario, lo que hará que tus resultados de búsqueda se actualicen para incluir sólo los contactos asignados al usuario elegido. Recuerda que puedes combinar muchos filtros (por ejemplo, filtrando por contactos de tres estrellas asignados a Juan). Si quieres reiniciar tu búsqueda, haz click en el enlace de <em>Mostrar todos</em> bajo la casilla de búsqueda a la parte superior de la página (número tres en la imagen arriba). Para algunos consejos buenos de cómo usar filtros para gestionar a clientes potenciales, lee nuestro artículo de blog sobre una <a href="http://www.easybroker.com/es/blog/2011-07-convierte-mas-clientes-potenciales-con-la-estrategia-de-el-agente-inmobiliario-campeon-en-gestion-de-clientes-potenciales/">estrategia campeona para gestionar a los clientes potenciales</a>.</p><figure><img alt="" src="https://cdn-images-1.medium.com/max/438/0*UX624I10ruF-24TJ.png" /></figure><p>También puedes usar los resultados de búsqueda para actualizar muchos contactos al mismo tiempo. Por ejemplo, puedes borrar todos los contactos abandonados o asignar todos los clientes potenciales de dos estrellas a un usuario especifico. Para realizar actualizaciones sobre varios contactos, escoge uno o más de tus contactos o haz click en el enlace <em>Todos</em> arriba de los resultados de búsqueda para escoger a todos los contactos que igualen tus resultados actuales. Después de escoger a los contactos que quieres actualizar, las barra de actualizaciones (mostrada en la imagen abajo y como número tres en la imagen arriba) aparecerá. Luego puedes escoger una opción de las casillas para aplicarla a todos los contactos escogidos.</p><figure><img alt="" src="https://cdn-images-1.medium.com/max/500/0*QMGOi3y_DAWY3Ws-.png" /></figure><p>Gestiona a tus contactos, propiedades, y reservas en la Web con EasyBroker para permitir que todo tu equipo esté más organizado y pueda encontrar la información que necesitan de cualquier lugar.</p>]]></content:encoded>
        </item>
        <item>
            <title><![CDATA[Cinco errores que pueden arruinar el sitio web de una empresa]]></title>
            <link>https://blog.easybroker.com/cinco-errores-que-pueden-arruinar-el-sitio-web-de-una-empresa-d20c1c133b21</link>
            <guid isPermaLink="false">https://medium.com/p/d20c1c133b21</guid>
            <category><![CDATA[diseño-web]]></category>
            <category><![CDATA[consejos]]></category>
            <category><![CDATA[marketing]]></category>
            <dc:creator><![CDATA[Isaac Vázquez]]></dc:creator>
            <pubDate>Thu, 14 Jul 2011 20:51:50 GMT</pubDate>
            <atom:updated>2016-12-28T20:03:59.662Z</atom:updated>
            <content:encoded><![CDATA[<p>No importa cuán bella sea una página, no importa cuán elegante sea su navegación, tarde o temprano los visitantes van a decidir si tomarán o no acción por algo que <em>leen</em>. Al fin y al cabo, la eficacia con la que un sitio web convierte a los visitantes en clientes se debe a sus palabras. Si un sitio web nuevo quiere tener éxito, su contenido tiene que ser de buena calidad al igual que su diseño y programación. Sin embargo, como puedes imaginar, hay muchas maneras de equivocarse al crear el contenido de un sitio web.</p><figure><img alt="" src="https://cdn-images-1.medium.com/max/500/0*g1Mpy32ZkQSdWIPn.jpg" /></figure><p>Los errores discutidos en este artículo tienen el potencial de causar el fracaso de un sitio web y son errores que he encontrado muchas veces en mis casi 12 años de producción de contenido para la Web. La mitad de la batalla para evitar estos errores es reconocerlos: muchas veces, se piensa en el contenido como una idea tardía, completado rápidamente para estar listo en un plazo determinado. Espero que estos consejos de contenido te ayuden a conocer todas las estrategias y construir un mejor sitio web.</p><h4>Error #1: Escribir interiormente</h4><p>Por haber trabajado desde casa por muchos años, he caído víctima del síndrome de enfocarme interiormente en muchas ocasiones. Es fácil cometer este error. Pasas todo el día pensando en las complejidades de tus productos y servicios. Has invertido mucho emocional e intelectualmente en cada innovación y cada punto que hace la diferencia en tus productos. Te encanta pensar en tus productos, te encanta mejorarlos, y te encanta hablar sobre ellos. Es normal que quieras gritar a los cuatro vientos la historia de tu producto en todo su esplendor.</p><p>El problema es que al resto del mundo no le interesa tu historia. Los clientes no tienen tiempo para admirarte. Están demasiado ocupados buscando maneras de mejorar sus propias vidas. Una página Web de alto nivel contesta una pregunta por sobre cualquier otra: <strong>¿Qué hay para mí?</strong> Para ilustrar esto, vamos a hablar sobre los productos, aunque estos consejos son relevantes para otros tipo de páginas también.</p><figure><img alt="" src="https://cdn-images-1.medium.com/max/550/0*z3blCSZgu_kPGBnD.jpg" /></figure><p>Una página de un producto bien escrito habla un poco sobre las características, un poco más sobre los beneficios, y mucho más sobre la <em>experiencia</em>. Este último elemento es especialmente importante y exactamente donde la mayoría de las páginas fracasan. Consideremos un ejemplo banal e hipotético de este principio para una máquina de envasar:</p><p><strong>Característica</strong>: Hasta 100 ciclos por minuto.</p><p><strong>Beneficio</strong>: Producción más rápida.</p><p><strong>Experiencia</strong>: Producir más por minuto significa que vas a lograr tus metas de producción y serás un héroe. Posiblemente consigas un ascenso.</p><p>Una página Web típica sobre esta maquina sería 80% características y 20% beneficios. Si yo la escribiera, tendría 50 palabras sobre características, 100 palabras sobre beneficios, y 150 palabras sobre la experiencia.</p><p><em>Nota</em>:</p><ol><li>Tener un “presupuesto de palabras”<strong> fuerza la disciplina</strong>. No sólo eso, alivia la ansiedad de tener que determinar cómo empezar cada página individual, lo que elimina una de las causas de demoras más grandes en proyectos Web.</li><li>Para enfocarte en la experiencia, vas a <strong>pensar sobre la audiencia objetiva</strong> de la página en cuestión. La experiencia que describí relata a una persona que trabaja en el área de operaciones. Si mi audiencia estuviera compuesta de ejecutivos o agentes de compras, tendría que describir una experiencia completamente diferente. Si estoy escribiendo para las tres audiencias posiblemente tenga que pensar otra vez en mi presupuesto de palabras. En cualquier caso, tener una audiencia en mente impide que una página Web recaiga en un maldito mensaje de “todo para todos” que no dice nada.</li><li>El propósito de una página de alto nivel es <strong>hacer que a la gente le interese</strong> el producto. Al estar interesados, van a querer más información sobre características y beneficios. Perfecto. Puedes escribir una historia larga sobre tu producto en una sub-página llena de detalles. Las compañías no necesitan descuidar los beneficios y características de sus productos; sólo necesitan reprimir la necesidad de decir todo a los visitantes cuando llegan al sitio por primera vez.</li></ol><p>Para ver cómo es que esto ocurre en el mundo real, considera este <a href="http://www.abtests.com/test/212001/homepage-for-httpwww-designcourse-com">estudio de optimización de conversión</a>, documentado por Abtests.com. Una empresa que logró un aumento del 200% en conversiones por sustituir <a href="http://www.abtests.com/screenshot/4c63ef76894923ec3cce7a5ca46644d2/a.png">texto sobre las características</a> con <a href="http://www.abtests.com/screenshot/4c63ef76894923ec3cce7a5ca46644d2/b.png">texto sobre los beneficios</a>. Esta página de alta conversión se enfoca más en lo que el cliente quiere que en el servicio (DesignCourse.com) que ofrece:</p><ul><li>“Conviértete en un diseñador increíble.”</li><li>“Logra ganar buen dinero.”</li><li>“Es divertido y emocionante.”</li><li>“Sin pruebas, sin líos.”</li></ul><p>Si todavía no estás convencido, escucha al legendario redactor de publicidad John Caples, que está citado en <em>Made to Stick</em> (página 179) por Chip Heath y Dan Heath:</p><p>Caples dice que las compañías usualmente ponen el énfasis en las características cuando lo que deben hacer es poner el énfasis en los beneficios. “La causa más común del fracaso de algunos anuncios publicitarios es que los anunciantes están tan interesados en sus propios talentos (¡la mejor semilla del mundo!) que olvidan decirnos por qué debemos comprar (¡el mejor jardín del mundo!).” Una vieja máxima de la publicidad dice que tienes que contar cual es <em>el beneficio del beneficio</em>. Es decir, la gente no compra taladros. Compran los huecos en los que pueden colgar las fotos de sus niños.</p><h4><strong>Consejos para escribir exteriormente</strong></h4><ul><li>Antes de empezar, recoge reacciones de clientes y clientes potenciales. Pregúntales por qué compran tu producto, por qué no, y cómo les ha resultado hacer negocios contigo.</li><li>Empieza con un esquema. Asocia cada característica con un beneficio y cada beneficio con una experiencia.</li><li>Haz que un cliente lea un borrador y después te explique por qué querrían comprar el producto. Si el cliente “entiende,” eres una estrella.</li><li>Haz lo mismo con una persona que no sabe nada de tu producto ni tu industria. Si esa persona entiende, eres un campeón.</li></ul><h4>Error #2: Enterrar el ejemplo más importante</h4><figure><img alt="" src="https://cdn-images-1.medium.com/max/550/0*Kl9SHwDoipnzGFSz.png" /></figure><p>Los sitios web no son buenos lugares para la sutileza. Los visitantes deciden si van a quedarse en tu sitio después de algunos segundos. Si no puedes comunicar inmediatamente por qué tu página les debería importa, tus oportunidades para convertir dicho visitante en un cliente desaparecen. Mira los dos párrafos siguientes. ¿Cuál transmite tu mensaje más rápidamente?</p><p>“Tu mensaje más importante está aquí. Sed do eiusmod tempor incididunt ut labore et dolore magna aliqua. Ut enim ad minim veniam, quis nostrud exercitation ullamco laboris nisi ut aliquip ex ea commodo consequat. Duis aute irure dolor in reprehenderit in voluptate velit esse cillum dolore eu fugiat nulla pariatur. Excepteur sint occaecat cupidatat non proident, sunt in culpa qui officia deserunt mollit anim id est laborum.”</p><p><strong>O:</strong></p><p>“Lorem ipsum dolor sit amet, consectetur adipisicing elit, sed do eiusmod tempor incididunt ut labore et dolore magna aliqua. Ut enim ad minim veniam, quis nostrud exercitation ullamco laboris nisi ut aliquip ex ea commodo consequat. Duis aute irure dolor in reprehenderit in voluptate tu mensaje más importante está aquí. Excepteur sint occaecat cupidatat non proident, sunt in culpa qui officia deserunt mollit anim id est laborum.”</p><p>A los promotores de la Web les gusta burlarse de los periódicos, pero podemos aprender mucho de los periodistas de medios impresos. Por ejemplo, no entierran lo más importante. Para ilustrar esto, aquí tengo algunos importantes ejemplos del Wall Street Journal.</p><ul><li>“Las compañías contrataron en Abril a mayor velocidad que nunca desde los últimos cinco años…”</li><li>“Los mercados de Europa perdieron puntos ante la mejora de las estadísticas bancarias y el incremento del trabajo en los EEUU en Abril…”</li><li>“A las mujeres les fue mejor que los hombres durante la recesión, pero no están recuperando las oportunidades perdidas tan rápidamente como los hombres en la recuperación.”</li></ul><p>Ahora, mira tus páginas Web. ¿Cómo están tus ejemplos más importantes? ¿Los pones inmediatamente? ¿Tienen tus visitantes una razón para seguir leyendo? Si un escritor que trabaja en tu negocio no está familiarizado con las técnicas de escritura para la Web, puede acercarse al proyecto como si fuera una novela, esto suponiendo que los visitantes lean todo el sitio.</p><p>Esta suposición es un desastre. La gente escanea las páginas Web, sus ojos van rebotando como pelotas. En alguna página Web, es probable que los visitantes lean el titular y las primeras líneas de texto; si leen algo más que esto es un caso especial. Esperar que una persona lea una página entera de contenido secuencialmente del principio al final es una ilusión. Las palabras más importantes en la página tienen que ser los más fáciles de encontrar, leer, y comprender.</p><h4>Consejos para desenterrar el ejemplo más importante</h4><ul><li>Antes de escribir, pregúntate: ¿Cual es la idea más importante que quiero que los visitantes entiendan después de visitar esta página?</li><li><strong>Pon el ejemplo más importante en una tipografía que se destaque.</strong> Esto es especialmente útil cuando no puedes ponerlo en la primera frase.</li><li>Usa lenguaje sencillo.</li><li>Pon los puntos más importantes arriba del pliegue como sub-titulares o como listado destacado. Puedes usar las primeras frases de los párrafos más importantes.</li></ul><h4>Error #3: Material meta mediocre</h4><figure><img alt="" src="https://cdn-images-1.medium.com/max/550/0*brlMMhct8Jfg8cEB.jpg" /></figure><p>Algunos de los textos más importantes en un documento Web no son necesariamente el contenido de la página. Algunos meta elementos tienen un impacto enorme en la experiencia del usuario, conciencia de la marca, y conversión. Los meta elementos son partes del código HTML que usualmente sólo son leídos por los motores de búsqueda. Sin embargo, dos meta etiquetas en particular son registradas por los humanos también, y dominarlas es muy importante para los redactores de publicidad.</p><ul><li><strong>Meta título</strong>. El meta título describe el tema de la página e, idealmente, consta de 65 caracteres o menos. Los visitantes ven el meta título en su navegador y en los resultados de los motores de búsqueda; es el pedazo de información más importante que Google y los otros motores de búsqueda leen en una página.</li><li><strong>Meta descripción</strong>. La meta descripción, consta idealmente de 155 caracteres o menos, es un poquito de texto que se muestra bajo un enlace en la página de resultados de un motor de búsqueda. La meta descripción tiene poco valor para el SEO pero es importante para lograr conversiones.</li></ul><h4>Meta títulos</h4><p>Como Google valora tanto los meta títulos, es imperativo incluir palabras y frases claves en ellos (mejor cerca del inicio del título). Para los humanos, una etiqueta de título debe describir lo que se encuentra en la página de forma clara y de una manera franca. Además de eso, la etiqueta también puede llevar el mensaje de tu marca.</p><p>Aquí hay un ejemplo de una meta etiqueta fuerte de la página de servicios de uno de mis clientes.</p><p><a href="http://www.bluepay.com/processing-services/merchant-types/enterprise">Enterprise-Level Credit Card Processing, Merchant Accounts | BluePay</a></p><p>Con 68 caracteres es un poco más largo de lo que recomendamos. Pero tener frases claves de la marca (por ejemplo, BluePay) es muy importante: Google puede cortar estos últimos caracteres, pero los visitantes van a ver el mensaje de tu marca en su navegador (especialmente si tienen la página en su lista de marcadores). La etiqueta titular va a mejorar el reconocimiento de tu marca si el visitante hace un <a href="http://twitter.com/#!/bradshorr/status/72754174365929472">tweet</a> de la página o la añade en Facebook.</p><figure><img alt="" src="https://cdn-images-1.medium.com/max/550/0*EPqGxMAbCKICqGWe.jpg" /></figure><h4>Meta descripciones</h4><figure><img alt="" src="https://cdn-images-1.medium.com/max/550/0*whEztP_FkbQ3VA4-.png" /></figure><p>Una <strong>meta descripción</strong> puede hacer que tu sitio se destaque por sobre los otros en una página de resultados de motores de búsqueda. Aquí tenemos siete consejos para crear una buena descripción.</p><ol><li>No abuses de las palabras claves. Esto hará que tu descripción parezca spam. Por ejemplo, “Tenemos tazas de café en promoción, tazas únicas, tazas de café únicas, y tazas únicas para café.”</li><li>No uses muchos puntos de exclamación!!!! La puntuación excesiva se puede interpretar como agresión. Repele a la gente.</li><li>No hagas afirmaciones extravagantes. Minan tu credibilidad.</li><li>Incluye un incentivo para hacer click en tu página:</li></ol><ul><li>“Compra uno, recibe uno gratis.”</li><li>“Descuento de 10% en tu primera orden.”</li><li>“Aprende cómo nuestro servicio puede reducir tus gastos en un 15%.”</li></ul><ol><li>Enfócate en los beneficios al usuario de tu producto o servicio.</li></ol><ul><li>Mal ejemplo: “Aislamiento de alto factor-R.”</li><li>Buen ejemplo: “Aislamiento para que tu casa esté siempre caliente.”</li></ul><ol><li>Menciona tu ubicación si eres una empresa local. Esto ayuda a que los buscadores conecten tu empresa con lo que necesitan.</li><li>Establece tu credibilidad.</li></ol><ul><li>“Trabajando desde 1965.”</li><li>“Acreditado por la oficina de empresas del gobierno.”</li><li>“Más de 5,000 clientes satisfechos.”</li></ul><p>(Aunque las etiquetas de título siempre se muestran, no es lo mismo con las etiquetas de descripción. Hoy, Google no siempre usa meta descripciones en sus páginas de resultados; en vez de eso, puede tomar un fragmento del contenido de la página relevante a la búsqueda del usuario.)</p><h4>Consejos para la meta magnificencia</h4><ul><li>Si un SEO trabaja en tu proyecto, haz que él engendre etiquetas de título basadas en sus investigaciones de palabras claves (y luego cámbialas de ser necesario).</li><li>Si no tienes a un SEO, considera por qué construyes un sitio web. Creo que un sitio web no optimizado no vale la pena.</li><li>Las etiquetas de título deben tener un estilo y una forma consistente para mejorar la experiencia del usuario. Las meta descripciones no tienen que ser consistentes.</li><li>Por las limitaciones de caracteres y la necesidad de ser concisos, escribir estas etiquetas puede tomar mucho tiempo. Recuerda: no necesitas la perfección para emprender tu sitio. Las etiquetas se pueden cambiar en cualquier momento, y los analíticos expertos sugieren que deberías cambiarlas de vez en cuando.</li></ul><h4>Error #4: Decir demasiado</h4><p>La brevedad es el alma de la conversión. <a href="http://www.straightnorth.com/brevity-is-the-soul-of-conversion">Aprende por qué</a>.</p><h4>Error #5: Llamadas a acción débiles o inexistentes</h4><figure><img alt="" src="https://cdn-images-1.medium.com/max/441/0*7UVulVp6gMdf9u7F.jpg" /></figure><p>Suponiendo que has escrito una página muy persuasiva, todavía no vale nada sin no tiene fuertes llamados a accionar (LAA). Es erróneo suponer que los visitantes estarán tan inspirados por tu brillante texto que van a llamar por teléfono o llenar un formulario en la Web y rogar que los contactes.</p><p>En el mundo verdadero del marketing en la Web, los visitantes quieren que les muestres el camino. Si tienen que parar y pensar en el próximo paso, ya los has perdido.</p><p>Los LAA por lo general entran en alguno de estos cuatros tipos, aquí puestos en orden de compromiso de mayor a menor:</p><ul><li>Pide algo</li><li>Inscríbete, subscíbete, ingresa</li><li>Recibe un presupuesto</li><li>Aprende más</li></ul><p>Reconocer la importancia de tener un LAA en cada página es el primer paso. El segundo paso es tener el LAA apropiado en la página apropiada. Las páginas de los productos de alto nivel normalmente sólo necesitan un LAA “suave,” como “Solicita más información” o “Solicita un presupuesto.” En cambio, las páginas muy detalladas deben tener un LAA “fuerte” como “Pídelo ahora.”</p><p>Un llamado a accionar debe ser <strong>claro y poderoso</strong>:</p><ul><li>“Pide ahora y ahorra 15%.”</li><li>“Recibe tu ilustración en menos de 24 horas.”</li><li>“Descubre los 5 secretos para perder peso.”</li></ul><p>Los llamados a accionar son <strong>más fuertes</strong> por tener:</p><ul><li>Testimoniales: Ha funcionado.</li><li>Declaraciones de credibilidad: Es fiable.</li><li>Garantía: No hay riesgos.</li><li>Alto valor: Vale la pena tenerlo.</li><li>Urgencia: Es ahora o nunca.</li></ul><p>Desafortunadamente, los LAA en los sitios web de las empresas se parecen más a ideas tardías, vagas y aburridas. Recuerda: los clientes quieren que les muestres el camino. La dirección eficaz requiere más que “Llama para tener más información.”</p><p>Un punto vital sobre los LAA: es tener un <strong>LAA primario y secundario en cada página</strong>. Un cliente potencial puede no estar listo para hacer la compra, pero es posible que si brindas buena información vayan a descargar un artículo para leer. Esa información de hoy puede ser la conversión de mañana.</p><h4>Cinco estudios que demuestran el poder de un LAA fuerte</h4><ul><li><a href="http://www.abtests.com/test/281001/sign-up-for-hyundai">Hyundai</a> aumentó sus conversiones en un 62% al añadir texto de SEO, imágenes más grandes…y un LAA.</li><li><a href="http://visualwebsiteoptimizer.com/split-testing-blog/how-ript-apparel-increased-their-sales-by-6-3-ab-testing-case-study/">RIPT Apparel</a> añadió “Disponibilidad limitada a 24-horas” a su LAA y aumentaron sus ventas en un 6.3%.</li><li><a href="http://www.abtests.com/test/199001/landing-for-notify-by-the-weather-channel">Notify</a>, para el Canal del Tiempo, diseñó su página inicial para enfocarse en los LAA. Su conversión aumentó en un 225%.</li><li><a href="http://www.abtests.com/test/205001/other-for-express-gold-cash">Express Gold Cash</a> cambió su LAA de “Enviar” a “Solicitar un paquete” y aumentó su conversión en un 47.7%.</li><li><a href="http://www.abtests.com/test/170001/landing-for-nature-air">Natural Air</a> aumentó sus conversiones en un 590.6%(!) por añadir un LAA con precios.</li></ul><h4>Dos consejos para LAA fuertes</h4><ul><li>La principal razón por la cual las empresas no incluyen los LAA fuertes en sus sitios web es porque <em>no los tienen</em>. Antes de pensar demasiado en el desarrollo de tu sitio web, haz una sesión de reflexión creativa para identificar los pasos y acciones que los visitantes a tu sitio web van a querer tomar.</li><li>Para crear LAA eficaces, tanto el diseño y como el contenido tienen que estar unidos. La posición de una flecha, su color, la tipografía de un botón, entre otros aspectos puede mejorar o arruinar un LAA. No segregues tus diseñadores y tus escritores. Dar un enfoque de equipo a los proyectos Web crea interacción continua entre todos los colaboradores y resulta en un mejor producto.</li></ul><h4>Enfócate en las conversiones</h4><p>Por si no te has dado cuenta, o simplemente escaneaste este artículo hasta esta parte, como hacen generalmente muchos usuarios de la Web, los errores y soluciones discutidos arriba giran entorno a una cosa: la conversión. Una de mis citas favoritas viene del ícono de publicidad David Ogilvy. Él dijo, “Si no vende, no es creativo.” Ogilvy, a quien mucha gente considera como el mejor redactor de publicidad de todos los tiempos, entendió la importancia de persuadir a la gente. Puedes preferir una venta suave o una venta fuerte, pero si tu página Web no vende, ¿para qué la tienes?</p><h4>Recursos y Herramientas</h4><ul><li>Mi <a href="http://www.lettercount.com/">contador de caracteres</a> favorito, lo puedes usar para escribir título y meta descripciones.</li><li>Prueba la calidad de tu redacción con esta excelente <a href="http://www.online-utility.org/english/readability_test_and_improve.jsp">herramienta de testeo</a>.</li><li>Información detallada sobre <a href="http://www.seomoz.org/learn-seo">tópicos de SEO</a> relevantes a este contenido.</li><li>Doce <a href="http://www.cyberjournalist.net/news/000118.php">consejos sustanciosos</a> (inspirados por el periodismo) para escribir en la Web.</li><li>Palabras modernas de sabiduría: para una buena técnica, lee <a href="http://www.amazon.com/Dont-Make-Me-Think-Usability/dp/0321344758/ref=sr_1_1?ie=UTF8&amp;qid=1307384115&amp;sr=8-1"><em>Don’t Make Me Think</em></a> por Steve Krug.</li><li>Palabras clásicas de sabiduría: quizás el mejor libro “cómo hacerlo” sobre escritura para redactores de publicidad de todos los tiempo, <a href="http://www.elmerwheelerbooks.com/Table-of-Contents.html"><em>Tested Sentences That Sell</em></a> por Elmer Wheeler está disponible en la Web.</li></ul><p><a href="http://www.smashingmagazine.com/2011/06/29/five-copywriting-errors-that-can-ruin-a-company-website/"><em>El original de este artículo en inglés</em></a><em> viene de</em> Smashing Magazine, <em>escrito por Brad Shorr</em>.</p>]]></content:encoded>
        </item>
        <item>
            <title><![CDATA[La nueva actualización te da más control sobre quién puede publicar propiedades]]></title>
            <link>https://blog.easybroker.com/la-nueva-actualizaci%C3%B3n-te-da-m%C3%A1s-control-sobre-qui%C3%A9n-puede-publicar-propiedades-66933c35edc3</link>
            <guid isPermaLink="false">https://medium.com/p/66933c35edc3</guid>
            <category><![CDATA[novedades]]></category>
            <category><![CDATA[easybroker]]></category>
            <category><![CDATA[general]]></category>
            <dc:creator><![CDATA[Isaac Vázquez]]></dc:creator>
            <pubDate>Wed, 13 Jul 2011 14:29:27 GMT</pubDate>
            <atom:updated>2016-12-28T20:04:00.461Z</atom:updated>
            <content:encoded><![CDATA[<figure><img alt="" src="https://cdn-images-1.medium.com/max/348/0*duz700WuJvWrJnau.png" /></figure><p>Hay varios pasos a seguir para <a href="http://www.easybroker.com/es/blog/ayuda/manejo-de-propiedades-y-publicaciones/%C2%BFcomo-creo-y-publico-un-aviso-inmobiliario/">publicar</a> (o despublicar) una propiedad. Necesitas que alguien añada información sobre la propiedad y edite esta información antes de que una propiedad esté lista para publicar. Con EasyBroker, ahora es mucho más fácil tomar el control de este proceso usando los nuevos permisos, que se encuentran en la página de <a href="http://www.easybroker.com/agent/users"><em>Usuarios,</em></a> para decidir que agentes tienen permiso para publicar o despublicar una propiedad y quienes no lo tienen. Esta característica te ayuda a estar seguro que una propiedad se revisa antes de ser publicada y que sólo los agentes autorizados pueden despublicar las propiedades.</p><p>Para limitar o autorizar lo que un usuario puede hacer (incluyendo publicar propiedades), haz click en los permisos que el usuario va a tener, como puedes ver en la foto de arriba. Ahora podrás controlar cada paso del proceso de la publicación de las nuevas propiedades.</p>]]></content:encoded>
        </item>
        <item>
            <title><![CDATA[Los 10 principios de diseño en la Web]]></title>
            <link>https://blog.easybroker.com/los-10-principios-de-dise%C3%B1o-en-la-web-4d0939eff6f2</link>
            <guid isPermaLink="false">https://medium.com/p/4d0939eff6f2</guid>
            <category><![CDATA[consejos]]></category>
            <category><![CDATA[diseño-web]]></category>
            <dc:creator><![CDATA[Isaac Vázquez]]></dc:creator>
            <pubDate>Mon, 11 Jul 2011 15:31:23 GMT</pubDate>
            <atom:updated>2016-12-28T20:05:02.304Z</atom:updated>
            <content:encoded><![CDATA[<p>Es la <strong>utilidad</strong>, no el diseño visual, lo que determina si un sitio web fracasa o tiene éxito. Los visitantes a tu página son las únicas personas que hacen clic, entonces ellos deciden todo. Por eso, un diseño enfocado en los usuarios se ha hecho el método habitual para los sitios web exitosos y orientados a los beneficios. Es decir, si los usuarios no entienden cómo usar tu página, es como si no existiera.</p><p>No vamos a discutir los detalles del implemento (por ejemplo, dónde poner la caja de búsqueda) porque ya ha sido discutido en muchos artículos; en vez de eso, nos enfocamos en <strong>los</strong> <strong>principios principales, la heurística, y los métodos de diseño eficaces</strong> — métodos que, cuando se usan correctamente, puedan ayudarte a tomar decisiones más sofisticadas y simplificar el proceso de entender la información presentada.</p><h4>Principios de un diseño eficaz</h4><p>Para entender los principios de la manera más eficaz, primero tenemos que entender cómo los usuarios interactúan con los sitios web, cómo piensan, y cuales son las pautas de sus acciones.</p><h4>¿Cómo piensan los usuarios?</h4><p>Básicamente, los hábitos de los usuarios en la Web no so tan diferentes a los hábitos de los clientes en una tienda. Los visitantes echan una mirada general a cada página nueva, escanean algo del texto, y hacen clic en el primer enlace que vagamente se parece a lo que buscan. De hecho, hay partes grandes de cada página que ni siquiera ven.</p><p>La mayoría de los usuarios buscan algo interesante (o útil) en que hacer clic; cuando encuentran algo que parece ser lo que buscan, hacen clic. Si la nueva página no tiene lo que esperaban, hacen clic en el botón “Atrás” y siguen buscando.</p><ul><li><strong>Los usuarios agradecen la calidad y la credibilidad</strong>. Si una página provee contenido de un alto nivel de calidad, ellos están dispuestos a aceptar un compromiso de anuncios y el diseño del sitio. Por eso, los sitios web mal diseñados pero con un contenido de alta calidad reciben mucha atención. El contenido es más importante que el diseño que lo apoya.</li><li><strong>Los usuarios no leen, escanean</strong>. Al analizar un sitio web, los usuarios buscan algunas anclas para guiarse por la página.</li></ul><figure><img alt="" src="https://cdn-images-1.medium.com/max/400/0*6KR_mE7o1xRYn1ps.jpg" /></figure><ul><li><strong>Los usuarios son impacientes e insisten en una satisfacción instantánea</strong>. Es un principio muy sencillo: Si un sitio web no satisface sus demandas, el diseñador se equivocó y la compañía pierde dinero. Si la carga cognitiva es muy alta y la navegación no es intuitiva, es más probable que los usuarios salgan de tu sitio para buscar alternativas.</li><li><strong>Los usuarios no escogen lo óptimo</strong>. Los usuarios no buscan la manera más rápida de encontrar la información que quieren. Tampoco escanean los sitios web de una manera lineal, yendo de una manera secuencial desde una página a la próxima. En vez de eso, los usuarios escogen lo que los satisfaga más rápido; eligen la primera opción que les parece razonable. Al encontrar un enlace que parece correcto, es probable que los usuarios vayan a hacer clic inmediatamente. Optimizar un sitio web es difícil y demanda mucho tiempo. Es más eficaz brindar satisfacción inmediata.</li></ul><figure><img alt="" src="https://cdn-images-1.medium.com/max/400/0*JGnkc-_3ed2kz8Xz.png" /></figure><figure><img alt="" src="https://cdn-images-1.medium.com/max/400/0*7P4zurQVrj0rUnPg.jpg" /></figure><ul><li><strong>Los usuarios siguen su intuición</strong>. En la mayoría de los casos, los usuarios se enturbian en vez de leer la información proveída por el diseñador. Según Steve Krug, esto es así simplemente porque a los usuarios no les importa. “Si encontramos algo que funciona, lo usamos. No importa si entendemos cómo funcionan las cosas con tal que las podamos usar. Si tu audiencia va a actuar como si diseñaras carteles de publicidad, diseña carteles superlativos.</li><li><strong>Los usuarios quieren tener control</strong>. Los usuarios quieren poder controlar su navegador y contar con la presentación de datos consistente en todo el sitio. Es decir, no quieren que nuevas ventanas sigan apareciendo inesperadamente y quieren volver con un botón de “Volver” al sitio en que estaban antes. Es una buena práctica <em>nunca abrir enlaces en ventanas nuevas.</em></li></ul><h4>1. No hagas que los usuarios tengan que pensar</h4><p>Según la primera ley de utilidad de Krug, el sitio web debe ser<strong> obvio y claro</strong>. Cuando construyes un sitio, tu trabajo es borrar las <em>preguntas</em> — las decisiones que los usuarios necesitan hacer deliberadamente, considerando positivos, negativos, y alternativos.</p><p>Si la navegación y arquitectura del sitio no son intuitivos, crece el numero de preguntas y es más difícil comprender cómo funciona el sistema y cómo ir del punto A a punto B. En una estructura clara, algunas pistas visuales, y enlaces reconocibles pueden ayudar que los usuarios encuentren lo que buscan.</p><figure><img alt="" src="https://cdn-images-1.medium.com/max/450/0*L73Ii95zeYBERr7r.png" /></figure><p>Aquí hay un ejemplo: <a href="http://www.medium.co.uk/catalog/browse/video-conferencing">Beyondis.co.uk</a> afirma que esta “más allá de los canales, más allá de los productos, más allá de la distribución.” ¿Qué <em>significa</em> eso? Debido a que los usuarios tienden a explorar los sitios web usando el “<a href="http://www.useit.com/alertbox/reading_pattern.html">F-Pattern</a>,” estas tres declaraciones serán los primeros elementos que los usuarios verán en la página.</p><p>Aunque el diseño es sencillo e intuitivo, un usuario tiene que buscar para entender de que se trata la página. Eso es una <em>pregunta innecesaria</em>. Es el trabajo del diseñador hacer que el numero de preguntas sea casi cero. La explicación visual está por la derecha. Cambiar los dos bloques hará que sea más útil.</p><figure><img alt="" src="https://cdn-images-1.medium.com/max/450/0*ge0G7aPChQi455pJ.png" /></figure><p><a href="http://expressionengine.com/">ExpressionEngine</a> usa la misma estructura que Beyondis, pero evita las preguntas innecesarias. En este caso el eslogan tiene una función — los usuarios tienen opciones para probar el servicio y descargar la versión gratis.</p><p>Reduciendo la carga cognitiva, haces que sea más fácil entender la idea que apoya el sistema. Al lograr esto, puedes comunicar por qué el sistema es útil y cómo los usuarios pueden beneficiarse de ello. La gente no va a usar tu sitio web si no puede navegarlo.</p><h4>2. No malgastes la paciencia de los usuarios</h4><p>En cada proyecto cuando vas a ofrecer algún servicio o herramienta a tus visitantes, haz que los requisitos sean mínimos. Una persona que visita tu sitio al azar es más probable que quiera probar tus servicios si no hay muchos requisitos. Los que visitan por primera vez un sitio quieren <strong>probar el servicio</strong>, no llenar formularios largos para una cuenta que posiblemente nunca usen en el futuro. Deja que los usuarios puedan explorar tu sitio y descubrir tus servicios sin forzarlos a compartir información privada. No es razonable forzarlos a ingresar su email sólo para probar un servicio.</p><p><a href="http://thinkvitamin.com/design/web-app-form-design/">Según</a> Ryan Singer — el promotor de 37Signals — los usuarios estarían dispuestos a ingresar su email <strong>después</strong> de haber visto el producto, y sabiendo que es lo que recibirán a cambio.</p><figure><img alt="" src="https://cdn-images-1.medium.com/max/400/0*l7USOxk9VZkbOHSh.jpg" /></figure><p>Stikkit es un ejemplo perfecto de un servicio fácil para los usuarios que requiere casi nada de los visitantes y es discreto y reconfortante. Esa es la experiencia que quieres para tu sitio web.</p><figure><img alt="" src="https://cdn-images-1.medium.com/max/450/0*rG26UMpnOG7c5VDL.png" /></figure><p>Parece que Mite requiere más. Pero se puede completar la registración en menos que 30 segundos — al tener una orientación horizontal, el usuario ni siquiera tiene que desplazar el cursor.</p><p>Idealmente, debes <strong>borrar todas las barreras</strong> — no requieras suscripciones ni registraciones. Tener que registrarse incide bastante en el tráfico que tu sitio recibirá.</p><h4>3. Concentra la atención de los usuarios</h4><p>Por tener contenido estático y dinámico, algunos aspectos de los sitios web atraen más atención que otros. Obviamente, las imágenes son más llamativas que el texto — como las frases acentuadas son más atractivas que las frases normales.</p><p>El ojo humano es un aparato no lineal, y <strong>los usuarios instantáneamente pueden reconocer margenes, pautas, y mociones</strong>. Por eso, los anuncios que usan vídeo son extremadamente molestos y distraen mucho. Pero, desde la perspectiva del marketing, son buenos para capturar la atención de los usuarios.</p><figure><img alt="" src="https://cdn-images-1.medium.com/max/400/0*KLh6_2M5DdE_USKy.png" /></figure><p><a href="http://www.humanized.com/">Humanized.com</a> usa el principio de foco perfectamente. El único elemento que está directamente visible a los usuarios es la palabra “gratis,” la cual es atractiva y estimulante, pero a la vez tranquila e informativa. Pistas sutiles proveen a los usuarios con suficiente información como para aprender más sobre el producto que se anuncia gratis.</p><p>Concentrar la atención de los usuarios a áreas especificas del sitio con el uso moderado de elementos visuales puede ayudar a que ellos vayan del punto A al punto B sin pensar en cómo deben hacerlo en realidad. Con menos preguntas, los usuarios tienen un <strong>mejor sentimiento de orientación</strong> y pueden confiar más en la compañía representada por el sitio. Es decir, la experiencia de los usuarios es mejor cuando no tienen que pensar mucho en cómo funciona el sitio.</p><h4>4. Expón tus servicios</h4><p>Los diseños modernos de la Web usualmente se critican por tratar de guiar a los usuarios con pasos 1–2–3, atractivos botones grandes con efectos visuales, y más. Pero desde la perspectiva de los diseñadores, estos elementos no son malos. Al contrario, estas <strong>directrices son muy eficaces</strong> porque guían a los visitantes de una manera sencilla y fácil de usar.</p><figure><img alt="" src="https://cdn-images-1.medium.com/max/400/0*mAhkBMX_hVPRBDxk.jpg" /></figure><p><a href="http://dibusoft.com/">Dibusoft.com</a> combina atractivos visuales con una estructura clara. El sitio tiene nueve opciones primarias de navegación que son visibles inmediatamente. Aunque los colores elegidos pueden ser demasiados claros.</p><p><strong>Dejar que los usuarios vean claramente cuales funciones están disponibles</strong> es un principio fundamental del diseño exitoso. No importa cómo logras esto. Lo que importa es que el contenido sea fácil de entender y que los visitantes se sientan cómodos de interactuar con el sistema.</p><h4>5. Escribe eficazmente</h4><p>Por ser diferente a las medios gráficos/impresos, en la Web es necesario cambiar el estilo de escritura a lo que prefieren los usuarios. La escritura promocional no es leída. Los bloques largos de texto sin imágenes y palabras claves acentuadas no son leídos. El lenguaje exagerado no es leído.</p><p><strong>Habla sobre negocios</strong>. Evita nombres bonitos o ingeniosos, nombres específicos para una compañía, y nombres técnicos que nadie entiende. Por ejemplo, si describes un servicio y quieres que los usuarios creen una cuenta, “registráte” es mejor que “empieza ahora,” la cual es mejor que “explora nuestros servicios.”</p><figure><img alt="" src="https://cdn-images-1.medium.com/max/450/0*bQUIx4ZHKTjmfd4_.png" /></figure><p><a href="http://www.eleven2.com/">Eleven2.com</a> habla directamente. No palabras bonitas, no frases exageradas. En vez de eso, un precio: lo que buscan los visitantes.</p><p>Una solución óptima para la escritura eficaz es</p><ul><li>usar frases cortas y concisas (llegar al punto rápidamente)</li><li>usar un esquema escaneable (pon el contenido en categorías, usa muchos niveles de contenido, usa elementos visuales y listas claras para que no haya bloques uniformes de texto)</li><li>usar lenguaje sencillo y objetivo (una promoción no tiene que sonar como un anuncio; otorga a los usuarios alguna razón por la que quieran usar tus servicios).</li></ul><h4>6. Busca la sencillez</h4><p>El principio de “mantener todo sencillo” debe ser la meta primaria del diseño. Es raro que los usuarios vayan a un sitio para disfrutar del diseño. En muchos casos, buscan información <em>a pesar del diseño</em>. Busca la sencillez, no la complejidad.</p><figure><img alt="" src="https://cdn-images-1.medium.com/max/400/0*a7GRl87xvHJwH43D.png" /></figure><p>Crcbus provee a los visitantes un diseño claro y sencillo. Aunque el sitio es en Italiano, puedes reconocer la navegación, el título, el área del contenido, y más. Enfócate en cómo las imágenes pueden comunicar información claramente. Al poner el cursor sobre las imágenes, estas proveen más información.</p><p>Como visitante, el mejor diseño es texto puro, sin anuncios ni bloques de contenido que ha estado buscando. Por eso, una versión fácil de imprimir de sitios web es esencial para una buena experiencia.</p><figure><img alt="" src="https://cdn-images-1.medium.com/max/400/0*DR2HLlwBEGR44hLI.png" /></figure><p><a href="http://getfinch.com/">Finch</a> presenta información sobre el sitio claramente y da a los visitantes alternativas sin tener contenido ni opciones innecesarias.</p><h4>7. No tengas miedo del espacio en blanco</h4><p>En realidad, es muy difícil sobrestimar la importancia del espacio en blanco. No sólo ayuda a <strong>reducir la carga cognitiva</strong> por los visitantes, sino que hace posible percibir la información presentada. Cuando un visitante nuevo ve un diseño nuevo, la primera cosa que él tratará de hacer es escanear la página y separar el contenido en bloques digeribles.</p><p>Las estructuras complejas son más difíciles de leer, escanear, analizar, y trabajar. Si tienes la opción entre separar dos elementos de diseño con una línea visible o espacio blanco, usualmente es mejor escoger el espacio blanco. <strong>Las estructuras jerárquicas reducen la complejidad</strong> (el ley de Simon): tu contenido será más fácil de percibir si provees a los usuarios una jerarquía visual.</p><figure><img alt="" src="https://cdn-images-1.medium.com/max/400/0*zWHfhYraLRgpj_2Y.jpg" /></figure><p>El espacio en blanco es bueno. <a href="http://cameron.io/">Cameron.io</a> usa el espacio en blanco como el elemento primario de su diseño. El resultado es un esquema escaneable, lo cual da al contenido la posición dominante que merece.</p><h4>8. Comunica efectivamente con un “Lenguaje Visible”</h4><p>En sus papeles sobre la comunicación visual, Aaron Marcus dice que hay <a href="http://web.cs.wpi.edu/~matt/courses/cs563/talks/smartin/int_design.html">tres principios fundamentales</a> involucrados en el uso del “<em>lenguaje visible</em>” — el contenido que los usuarios ven por la pantalla.</p><ul><li><strong>Organiza</strong>: Provee al usuario con una estructura conceptual clara y consistente. La consistencia, esquema de pantalla, relaciones, y navegabilidad son conceptos de organización importantes. Las mismas convenciones y reglas se deben aplicar a todos los elementos.</li><li><strong>Economiza</strong>: Haz mucho con un mínimo de pistas y elementos visuales. Hay que considerar la sencillez, la claridad, las características distintas, y el énfasis. <em>La sencillez</em> incluye sólo los elementos más importantes para la comunicación. <em>La claridad</em>: todos los componentes se deben diseñar para que su función no sea ambigua. <em>Características distintas</em>: las partes importantes de los elementos necesarios se deben distinguir. <em>Énfasis</em>: Los elementos más importantes son los que se deben percibir fácilmente.</li><li><strong>Comunica</strong>: Haz que el diseño iguale las habilidades del usuario. La interfaz tiene que ser legible, fácil de leer, tener tipografía clara, tener simbolismo, o tener más de una vista, color, o textura para comunicar eficazmente. Usa, como máximo, <strong>tres tipos de imprenta y tres tamaños de texto</strong> — con 18 palabras cada línea de texto.</li></ul><h4>9. Las convenciones son nuestros amigos</h4><p>Un diseño convencional de los elementos del sitio no significa que el mismo sea aburrido. De hecho, las <strong>convenciones son muy útiles</strong> porque reducen el tiempo de enterarse de cómo las cosas funcionan. Por ejemplo, sería una pesadilla si todos los sitios web tuvieran sus propias presentaciones visuales de las noticias RSS. Es parecido a nuestras vida diaria, en que nos acostumbramos a los principios de organización, usando carpetas, o los lugares en que se ponen productos cuando vamos de compras.</p><p>Con convenciones, puedes lograr la confianza de tus usuarios y demostrar que eres fiable y creíble. <strong>Haz lo que el usuario espera</strong> — entiende lo que los usuarios esperan de un sitio web y haz que tu sitio siga esas convenciones (para más información, lee el <a href="http://www.useit.com/alertbox/">Usability Alertbox </a>de Nielsen).</p><figure><img alt="" src="https://cdn-images-1.medium.com/max/450/0*RiY_J9zbrnZhBEIh.png" /></figure><p>Si quieres averiguar si tu sitio es fácil de navegar, traduce la página al japonés con <a href="http://babelfish.yahoo.com/">Babelfish</a> y pide a alguien que logre la meta de encontrar algo especifico en ese idioma. Si has usado las convenciones, los usuarios deberían lograr ese objetivo sencillo aunque no entiendan ni una palabra.</p><p>Según Steve Krug, es mejor <strong>innovar sólo cuando sabes que tienes una idea mejor</strong>. Si no, usa las convenciones.</p><h4>10. Prueba temprano, prueba mucho</h4><p>Este principio se debe aplicar a cada proyecto de diseño porque muchas veces, las pruebas de utilización proveen <strong>revelaciones cruciales </strong>sobre los problemas de un esquema.</p><p>No pruebes demasiado tarde, no suficientemente, ni por las razones incorrectas. Es necesario entender que muchas decisiones del diseño son locales — por eso, no hay un “mejor esquema” para cada situación. Hay que analizarlo desde un punto de vista especifico, considerando requisitos, dinero, y más.</p><p>Hay algunas cosas importantes que recordar.</p><ul><li>Según Steve Krug, es mejor <strong>probar con un usuario que con ningún usuarios</strong>, y es mejor probar con un usuario temprano que con 50 al final. Los errores son más frecuentes durante las actividades de diseño y son más caros de corregir en el futuro.</li><li>Probar es un <strong>proceso iterativo</strong>. Es decir, diseñas algo, lo pruebas, lo corriges, y lo pruebas otra vez. Es posible que haya otros problemas que no encontraste al probarlo la primera vez.</li><li>Pruebas de utilización <strong>siempre proveen resultados útiles</strong>. Puede ser que te enteres de los problemas que tienes o que te enteres de la falta de problemas — en los dos casos, es una revelación útil.</li><li>Según la ley de Weinberg, <strong>un desarrollador no debe probar su propio código</strong>. Esto es aplicable para los diseñadores también. Después de haber trabajado en un sitio por algunas semanas, no puedes verlo de una perspectiva nueva. Sabes cómo se construye y, por eso, sabes exactamente cómo funciona — información que los probadores independientes y los visitantes a tu sitio no tendrían.</li></ul><p>Si quieres un buen sitio, tienes que probarlo.</p><h4>Referencias</h4><ul><li><a href="http://web.cs.wpi.edu/%7Ematt/courses/cs563/talks/smartin/int_design.html">Designing Effective User Interfaces</a> por <em>Suzanne Martin</em></li><li><a href="http://nibis.ni.schule.de/%7Elepke/homepage/webdesign/webdesign.html">Summary on Web Design</a></li><li><a href="http://www.macgregor.net/speaking/digitaleve/UID.swf">UID presentation</a> (Flash)</li><li><a href="http://www.usability.gov/pdfs/guidelines.html">Research-Based Web Design &amp; Usability Guidelines</a></li><li>“The psychology of computer programming” por <em>Gerald Weinberg</em></li><li>“Designing Web Usability” por <em>Jakob Nielsen</em> [JN / DWU]</li><li>“Prioritizing Web Usability” por <em>Jakob Nielsen</em></li><li>“Don’t Make Me Think” por <em>Steve Krug</em></li><li>“Usability for the Web: Designing Web Sites that Work” por <em>Tom Brinck, Darren Gergle, Scott Wood</em></li><li><a href="http://www.sylvantech.com/%7Etalin/projects/ui_design.html">A Summary of Principles for User-Interface Design</a></li></ul><p><a href="http://www.smashingmagazine.com/2008/01/31/10-principles-of-effective-web-design/"><em>El articulo original</em></a><em> en inglés viene de</em> Smashing Magazine,<em> escrito por Vitaly Friedman</em>.</p>]]></content:encoded>
        </item>
    </channel>
</rss>