<?xml version="1.0" encoding="UTF-8"?><rss xmlns:dc="http://purl.org/dc/elements/1.1/" xmlns:content="http://purl.org/rss/1.0/modules/content/" xmlns:atom="http://www.w3.org/2005/Atom" version="2.0" xmlns:cc="http://cyber.law.harvard.edu/rss/creativeCommonsRssModule.html">
    <channel>
        <title><![CDATA[EasyBroker - Medium]]></title>
        <description><![CDATA[Consejos, noticias y mejores prácticas para hacer más competitiva tu inmobiliaria. - Medium]]></description>
        <link>https://blog.easybroker.com</link>
        <image>
            <url>https://cdn-images-1.medium.com/proxy/1*TGH72Nnw24QL3iV9IOm4VA.png</url>
            <title>EasyBroker - Medium</title>
            <link>https://blog.easybroker.com</link>
        </image>
        <generator>Medium</generator>
        <lastBuildDate>Mon, 03 Dec 2018 18:45:57 GMT</lastBuildDate>
        <atom:link href="https://blog.easybroker.com/feed" rel="self" type="application/rss+xml"/>
        <webMaster><![CDATA[yourfriends@medium.com]]></webMaster>
        <atom:link href="http://medium.superfeedr.com" rel="hub"/>
        <item>
            <title><![CDATA[Servicios Top de Transferencia de Dinero Online ]]></title>
            <link>https://blog.easybroker.com/servicios-top-de-transferencia-de-dinero-online-8f5b03ab403d</link>
            <guid isPermaLink="false">https://medium.com/p/8f5b03ab403d</guid>
            <category><![CDATA[general]]></category>
            <dc:creator><![CDATA[Isaac Vázquez]]></dc:creator>
            <pubDate>Fri, 09 Jan 2009 20:57:50 GMT</pubDate>
            <atom:updated>2016-12-28T20:03:57.689Z</atom:updated>
            <content:encoded><![CDATA[<h3>Servicios Top de Transferencia de Dinero Online</h3><p>Como profesional inmobiliario internacional, recolectar pagos puede ser una especie de fastidio. La manera más rápida y barata de transferir fondos es una transferencia bancaria directa si usted y su cliente utiliza el mismo banco. Sin embargo, éste es raramente el caso. Porque transferir dinero de un banco a otro es caro, no es la mejor opción. En esta publicación exploraremos algunas opciones más económicas que su cliente puede utilizar para transferencias de dinero online y listar los pro y los contra permitiéndole tener un negocio de una parada del pago electrónico y servicios de transferencia de dinero disponibles online.</p><figure><img alt="paypal" src="https://cdn-images-1.medium.com/max/125/0*kwVaqJSs4FPNVdGK.png" /></figure><p><a href="http://www.paypal.es/es">PayPal</a> es probablemente el más conocido, más ampliamente utilizado servicio bancario online. Es un buen servicio para utilizar si está buscando algo que pueda administrar todas sus necesidades de negocio online en un solo lugar. Ellos ofrecen una variedad de servicios bancarios online incluyendo transferencias de dinero. PayPal tiene 3 tipos de cuenta diferentes para elegir dependiendo de sus necesidades: personal, premier, y de negocios. Si usted y su cliente tienen una cuenta bancaria en los Estados Unidos ésta es una buena opción. Es gratis abrir una cuenta personal y transferir fondos de la cuenta bancaria de su cliente a PayPal a su cuenta bancaria, lo cual se puede hacer hasta 5 veces por mes sin costo alguno. Sin embargo, si usted tiene una cuenta bancaria fuera de los Estados Unidos, las reglas del juego cambian. Para extraer dinero de PayPal y hacer que lo depositen en una cuenta bancaria fuera de los Estados Unidos, por ejemplo Argentina, usted incurrirá un pago de extracción de US$11, un pago de retorno de US$15 (si se aplica), y usted debe extraer un mínimo de US$150. Los costos pueden variar dependiendo en qué país está ubicada la cuenta bancaria, entonces por una revisión completa de pagos visite la <a href="https://www.paypal.com/us/cgi-bin/webscr?cmd=_display-fees-outside">Página de Calendarios de Pagos PayPal</a>.</p><figure><img alt="revolution-money" src="https://cdn-images-1.medium.com/max/212/0*yr1f0xIrde9YnQEL.png" /></figure><p><a href="https://www.revolutionmoney.com/">Revolution Money</a> ha sido recientemente creado como un competidor de PayPal en el negocio bancario online. Ellos no tienen todos los servicios de Negocios que tiene PayPal y se concentran estrictamente en transferencias de dinero entre personas utilizando su servicio de Intercambio de Dinero. No cobran por enviar o recibir dinero, los únicos pagos cobrados por Intercambio Revolution Money son extracciones de cheques ($2,50 por cheque), pagos de paro de cheques ($20 por cheque), resumen de cuenta ($5 por resumen), retornos de ACH ($35 por ACH retornado), y descubiertos ($35 por descubierto). No se requiere una cuenta bancaria para abrir una cuenta Intercambio de Dinero. Un cliente puede enviarle dinero a través de Intercambio de Dinero, una vez que usted crea una cuenta Intercambio de Dinero y da su dirección física, usted puede extraer dinero de su cuenta Intercambio de Dinero haciendo que se le envíe un cheque y sin ingresar ningún tipo de información bancaria. A su cliente se le permite enviar US$1.000 por día pero no puede exceder US$2.000 en un mes y en este momento no hay servicios disponibles fuera de los Estados Unidos. Si usted y sus clientes son residentes de Estados Unidos, entonces Revolution Money es una buena alternativa para que usted recolecte sus pagos. Para más información, visite la <a href="https://www.revolutionmoney.com/Login.aspx">Página de Revolution Money</a>.</p><figure><img alt="xoom" src="https://cdn-images-1.medium.com/max/217/0*c2L1xcT-HI8QVClw.png" /></figure><p><a href="https://www.xoom.com/sendmoneynow/home?languageCode=es">Xoom</a> es un servicio de transferencia de fondos que está creciendo muy rápido y el cual se especializa en la transferencia de fondos internacionales. Actualmente su cliente puede transferir dinero utilizando su tarjeta de crédito, de débito o eCheque a través de depósito directo en 35 países alrededor del mundo, recolectar en 20 países,y envío a su casa en 4 países, incluyendo la mayor parte de Latinoamérica, Europa, el Sudeste de Asia, y Australia.</p><p>Sin embargo, si usted no posee una cuenta en Estados Unidos, transferir por tarjeta de crédito o débito no es una opción. Le permite comparar sus tarifas con la competencia y si sus tarifas son menores (la mayor parte del tiempo son mucho más bajas) entonces son por lo menos igual a sus competidores. Visitar la página de <a href="https://www.xoom.com/sendmoneynow/money-transfer-fees">Calendario de Tarifa Xoom</a>. Xoom es estrictamente un servicio de transferencia de dinero, ellos no ofrecen opciones bancarias como PayPal. Ofrecen un servicio de depósito directo a cuentas bancarias en 34 países. Ellos también pueden transferir dinero de la cuenta PayPal de su cliente a su cuenta bancaria más económicamente de lo que puede PayPal y en el mismo período de tiempo, sino aún más rápido.</p><p>Xoom también ofrece servicios de transferencia de dinero a través del cual al pagar una tarifa más alta, el dinero se puede transferir más rápido. Por más detalles en Xoom, ellos tienen más recursos en su <a href="https://www.xoom.com/static/help-faq.html">Página de Ayuda</a>.</p><p>En cuanto se crea la cuenta Xoom, el límite de transacción inicial es de $1.000 por un período de 24 horas, y $3.000 por un período de 30 días. Puede que Xoom suba sus límites después de 60 días.</p><p><a href="http://www.moneygram.com/MGI/ES/ES/Market/Market.htm?CC=ES&amp;LC=ES">MoneyGram</a> es uno de los servicios de transferencia de dinero más antiguo a la fecha. Tienen presencia desde 1940, y ofrecen un abanico de servicios de transferencia de dinero, incluyendo transferencias electrónicas online a más de 170 países. Su cliente sólo puede hacer un depósito de cuenta bancaria directo de las cuentas bancarias de Estados Unidos a las cuentas bancarias de México. Si su cliente envía dinero desde los Estados Unidos y usted no está en los Estados Unidos o en México, entonces usted deberá recolectar el dinero en una locación de MoneyGram, y si usted paga un poco más por el mismo servicio diario, demora aproximadamente 10 minutos. El límite de transferencia online es US$899.99 por transferencia. Para estimativos sobre las tarifas, usted puede utilizar su <a href="https://www.emoneygram.com/eMoneyGram/index.do">Estimador de Transferencia eMoney</a> en el costado derecho de la página.</p><figure><img alt="ikobo" src="https://cdn-images-1.medium.com/max/200/0*JUYHN33ZwYZPz7lb.png" /></figure><p><a href="https://www.ikobo.com/">iKobo</a> se acomete al servicio de transferencia de dinero de una forma diferente. Ellos envían al destinatario una tarjeta precargada Visa de cajero automático, permitiéndole al destinatario extraer dinero de cualquier cajero automático que acepte Visa. Ellos no ofrecen depósito directo o servicios de envío a casa. Enviar la tarjeta dentro de Estados Unidos o Canadá cuesta un poco por debajo de los US$2. Enviar la tarjeta cuesta un poco por debajo de los US$25 por un servicio Fed-ex de 3 a 7 días y un poco por debajo de los US$12 por un servicio Fed-ex de 14 días. Si la tarjeta se carga desde una cuenta bancaria hay una tarifa de US$5. Si usted la carga desde una tarjeta de crédito, las tarifas pueden variar entre US$8 a 35 dependiendo de cuánto usted carga. La carga máxima por tarjeta es de US$1.000. Además de las tarifas incurridas por iKobo, también hay algunas tarifas de cajero automático que se aplicarán. Por un listado de aquellas tarifas chequear la iKobo <a href="https://www.ikobo.com/fees.html">Calendario de Tarifa</a>.</p><figure><img alt="westernunion" src="https://cdn-images-1.medium.com/max/146/0*bb0978Yd7R7yEZ8F.png" /></figure><p><a href="http://www.westernunion.com/WUCOMWEB/staticMid.do?pagename=HomePage&amp;method=load&amp;countryCode=US&amp;languageCode=sp">Western Union</a> es lejos uno de los más conocidos servicios de transferencia de dinero en el mundo. Ellos ahora ofrecen servicios de transferencia de dinero online utilizando una Visa, MasterCard o tarjeta de débito.</p><p>Usted puede elegir que le envíen dinero directamente a su cuenta bancaria o a una locación agente participativa para recolectar. Si usted elige un depósito directo, puede hacerlo solamente a cuentas bancarias en Estados Unidos, Canadá, Brasil o Filipinas y puede demorar hasta 3 días hábiles. Si el depósito directo no es una opción, entonces puede hacer que su cliente le envíe dinero online y hacer que lo retire en una de las tantas locaciones que tienen en todo el mundo. Los precios varían para hacer transferencias de dinero online. Para darle una idea de las tarifas, aquí hay algunos montos: enviar US$100 tiene una tarifa de US$20, US$1.000 de US$81, US$3.000 de US$150. El monto máximo para enviar dinero utilizando su servicio online es de US$3.000. El sitio deja bien en claro que las tarifas y límites pueden variar dependiendo de las restricciones de cada país. Para una información más exacta de precios, por favor visitar la <a href="http://www.westernunion.com/WUCOMWEB/priceShopperRedirectAction.do?method=load">Página de Servicios de Precios Western Union</a>.</p><p>Elegir la mejor opción para usted y su cliente depende de la ubicación y los montos que se envían. Es menos conveniente si su cliente no tiene una cuenta bancaria en Estados Unidos pero aún hay opciones sobre la mesa con Western Union y MoneyGram. Siéntase libre de utilizar la sección de comentarios para compartir sus pensamientos y sugerencias en el tema o alguna información importante que usted sienta que haya quedado afuera.</p>]]></content:encoded>
        </item>
        <item>
            <title><![CDATA[¡Etiquetas para todos!]]></title>
            <link>https://blog.easybroker.com/etiquetas-para-todos-bf0bd44f51fe</link>
            <guid isPermaLink="false">https://medium.com/p/bf0bd44f51fe</guid>
            <category><![CDATA[easybroker]]></category>
            <category><![CDATA[consejos]]></category>
            <dc:creator><![CDATA[Isaac Vázquez]]></dc:creator>
            <pubDate>Fri, 05 Dec 2008 21:15:32 GMT</pubDate>
            <atom:updated>2016-12-28T20:04:04.126Z</atom:updated>
            <content:encoded><![CDATA[<figure><img alt="Screen Shot 2015-05-05 at 2.02.36 PM" src="https://cdn-images-1.medium.com/max/724/0*QRZb_OAuiSsMkxKT.png" /></figure><p>Las etiquetas son una característica muy útil para clasificar tu información dentro de EasyBroker. Una etiqueta es una palabra clave o un término que puedes asociar con propiedades, clientes potenciales o contactos.</p><p>Una vez que colocas una etiqueta, puedes fácilmente filtrar o buscar algún resultado que coincida con esas etiquetas. Un ejemplo de esto: puedes colocar como etiqueta cuánto es la comisión que recibes si vendes una propiedad, usando etiquetas como “3 por ciento de comisión” o “6 por ciento”. Una vez que colocas las etiquetas en las propiedades, puedes utilizar los filtros de búsqueda para que te aparezcan únicamente las que tienen la etiqueta deseada. Recuerda, las etiquetas funcionan tanto para contactos como para propiedades.</p><figure><img alt="Screen Shot 2015-05-05 at 3.58.20 PM" src="https://cdn-images-1.medium.com/max/353/0*ztg_lGvPqVnICtce.png" /></figure><p>En EasyBroker a menudo utilizamos las etiquetas “posible venta”, “vendedor”, “cliente”, y “candidato para puesto de trabajo” para clasificar a nuestros contactos. Para propiedades, un ejemplo de etiquetas es utilizar la etiqueta “Roma Condesa” o “Distrito Federal” para saber la zona en la que se ubica la propiedad y poder filtrar rápidamente. Ésta es una de las principales ventajas que ofrecen las etiquetas: se adaptan a tu negocio y puedes crear justo las que necesites para que sean una gran herramienta para el manejo de tu inmobiliaria.</p>]]></content:encoded>
        </item>
        <item>
            <title><![CDATA[Nuevas características: Nuevo tablero e importación de contactos]]></title>
            <link>https://blog.easybroker.com/nuevas-caracter%C3%ADsticas-nuevo-tablero-e-importaci%C3%B3n-de-contactos-6fa01aae9ad9</link>
            <guid isPermaLink="false">https://medium.com/p/6fa01aae9ad9</guid>
            <category><![CDATA[novedades]]></category>
            <category><![CDATA[easybroker]]></category>
            <dc:creator><![CDATA[Isaac Vázquez]]></dc:creator>
            <pubDate>Fri, 21 Nov 2008 17:33:23 GMT</pubDate>
            <atom:updated>2016-12-28T20:04:30.600Z</atom:updated>
            <content:encoded><![CDATA[<p>[caption id=”attachment_257&quot; align=”aligncenter” width=”510&quot; caption=”Nuevo tablero EasyBroker”]</p><figure><img alt="Nuevo tablero EasyBroker" src="https://cdn-images-1.medium.com/max/510/0*JT3_O1-8nDm1rNZV.png" /></figure><p>[/caption]</p><p>Ahora usted puede tener una rápida vista de sus potenciales negocios e importar sus contactos. Una vez dentro de EasyBroker usted verá al principio en la solapa de Tablero, el gráfico de oportunidades, que le mostrará el número de oportunidades de las últimas dos semanas. Monitoreando sus oportunidades puede tener una buena y más clara idea acerca de cuan bien está manejando sus nuevos y potenciales clientes, o cuan efectiva su campaña de marketing es. Tenga en cuenta que el tablero le muestra solamente las oportunidades creadas en las últimas dos semanas.</p><p>También agregamos las siguientes métricas generales que son auto explicables:</p><ul><li>Oportunidades abiertas</li><li>Propiedades activas</li><li>Oportunidades no asignadas</li><li>Check-ins esperados esta semana</li><li>Mi comisión proyectada para este mes</li><li>Check-outs de esta semana</li></ul><p>Una métrica que quizás necesite más explicación es “Mi comisión esperada para este mes ”. La comisión es la sumatoria de las comisiones de todas las oportunidades asignadas a usted con la fecha de cierre para el mes en curso. Cualquier oportunidad en estado de “Cerrada” o “Perdida” no estará incluida en este total.</p><p>También agregamos la opción de poder importar contactos desde su Outlook en archivos CSV. La mayoría de las aplicaciones de email como Outlook, Outlook Express, Gmail y Yahoo tienen la opción de poder exportar contactos utilizando un formato CSV en los archivos. Una vez que usted exportó su archivo simplemente vaya a la solapa de Contactos en EasyBroker y haga click en el botón de Importar Contactos y seleccione el lugar donde exportó su archivo CSV. Ahora puede importar sus contactos, clientes, o compradores que tenía en el email, etc, a EasyBroker.</p>]]></content:encoded>
        </item>
        <item>
            <title><![CDATA[Nuevas características: Archivos adjuntos, mejoras de reservas y mucho más]]></title>
            <link>https://blog.easybroker.com/nuevas-caracter%C3%ADsticas-archivos-adjuntos-mejoras-de-reservas-y-mucho-m%C3%A1s-ebd18c793ff4</link>
            <guid isPermaLink="false">https://medium.com/p/ebd18c793ff4</guid>
            <category><![CDATA[novedades]]></category>
            <category><![CDATA[general]]></category>
            <dc:creator><![CDATA[Isaac Vázquez]]></dc:creator>
            <pubDate>Wed, 22 Oct 2008 17:32:53 GMT</pubDate>
            <atom:updated>2016-12-28T20:05:43.659Z</atom:updated>
            <content:encoded><![CDATA[<p>Hoy agregamos varias características nuevas en EasyBroker. Ahora usted puede adjuntar archivos a las notas que cree, administrar depósitos y pagos en las reservas, traducir las descripciones de la propiedad haciendo click en solo un botón, y esconder la disponibilidad de una propiedad.</p><p>[caption id=”attachment_227&quot; align=”aligncenter” width=”445&quot; caption=”Adjuntar archivos a las notas”]</p><figure><img alt="Adjuntar archivos a las notas" src="https://cdn-images-1.medium.com/max/445/0*Uz2nJxyNNNKukVvV.png" /></figure><p>[/caption]</p><p>Adjunte imágenes, contratos, reportes o cualquier cosa que usted desee a sus notas. Simplemente cree una nota y luego seleccione el link “adjuntar archivo” para agregar tantos archivos como quiera a una nota. Puede fácilmente compartir archivos con todo su equipo y no tendrá que preocuparse más acerca de donde se encuentra ubicado cada documento.</p><p>Traduzca fácilmente la descripción de sus propiedades en Inglés o Español para que pueda llegar a más gente y compradores potenciales. Simplemente vaya a la solapa de Descripción y luego de editar la propiedad haciendo un click en “Traducir de Inglés a Español” , o “Traducir de Español a Inglés” y la traducción se hace automáticamente. Una vez que guarda los cambios de la propiedad, las descripciones traducidas se mostrarán en el lenguaje de la persona visitante tanto en su página como en MoveGlobally.com.</p><p>[caption id=”attachment_267&quot; align=”aligncenter” width=”367&quot; caption=”Ocultar calendario de disponibilidad”]</p><figure><img alt="Ocultar calendario de disponibilidad" src="https://cdn-images-1.medium.com/max/367/0*4dvJXnwtdXNvpbsR.png" /></figure><p>[/caption]</p><p>Ayude a sus clientes a buscar propiedades que están disponibles en el momento, escondiendo la disponibilidad para las propiedades cuya disponibilidad es desconocida, o desactualizada. Escondiendo la disponibilidad permitirá a sus clientes buscar aquellas propiedades que están actualmente disponibles, sin que lleguen a frustrarse mostrando o encontrando propiedades que aparecen como disponibles pero en realidad no lo están. Cuando usted crea o edita una propiedad de alquiler temporal, hay un checkbox en la solapa General, que le da la posibilidad de esconder o no mostrar la disponibilidad de esa propiedad. Cuando alguien que quiere alquilar busque un inmueble usando las fechas de check-in y check-out solo aquellas propiedades disponibles en ese rango elegido serán listadas en el resultado de búsqueda.</p><p>También agregamos nuevos campos a las reservas para que pueda hacer un seguimiento de los depósitos, comisiones, y pagos de las mismas, así como también las fechas en que esos pagos o ingresos fueron hechos. Hasta puede buscar por todas las reservas pagadas en específicas o determinadas fechas.</p><p>Háganos saber que es lo que opina de las nuevas características, o si tiene comentarios o sugerencias acerca de como mejorar EasyBroker.</p>]]></content:encoded>
        </item>
        <item>
            <title><![CDATA[Consejos para las fotos de sus propiedades]]></title>
            <link>https://blog.easybroker.com/consejos-para-las-fotos-de-sus-propiedades-f696cd2d2463</link>
            <guid isPermaLink="false">https://medium.com/p/f696cd2d2463</guid>
            <category><![CDATA[consejos]]></category>
            <category><![CDATA[easybroker]]></category>
            <dc:creator><![CDATA[Isaac Vázquez]]></dc:creator>
            <pubDate>Wed, 15 Oct 2008 19:13:00 GMT</pubDate>
            <atom:updated>2016-12-28T20:03:59.569Z</atom:updated>
            <content:encoded><![CDATA[<p>Subir fotos para sus propiedades esa una de las cosas más importantes y esenciales para resaltarlas en la web. Compradores o inquilinos potenciales casi siempre suelen visitar o catalogar propiedades basados en las fotos, más que cualquier otra cosa. Desafortunadamente muchos agentes tienden a olvidarse de subir fotos o suben fotos de baja calidad. En este artículo les traigo algunas recomendaciones para subir fotos, y consejos acerca de como subir fotos con EasyBroker de manera rápida y sencilla.</p><p>Primero, deberías subir por lo menos cinco fotos para cada propiedad listada en tu sitio web, aunque entre diez y veinte fotos sería probablemente un rango mejor de cantidad para tus propiedades. Sin embargo no recomiendo que subas fotos solo porque las tengas. Es mejor subir algunas de las mejores fotos que aquellas de baja calidad, oscuras, o fuera de foco. También deberías ser cuidadoso de no aburrir a tus visitantes mostrándoles cada rincón o grieta de la casa. Elegir cinco fotos de un mismo cuarto sea quizás demasiado, a no ser que la propiedad sea un loft muy grande y espacioso. Elije fotos adecuadas e interesantes, que realcen los elementos importantes de la propiedad. No olvides que las fotos del vecindario o de una linda vista desde una ventana pueden se las que convenzan a tu cliente potencial de ponerse en contacto contigo.</p><p>[caption id=”attachment_30&quot; align=”aligncenter” width=”400&quot; caption=”Herramienta para subir imágenes con EasyBroker”]</p><figure><img alt="easy_broker_image_upload" src="https://cdn-images-1.medium.com/max/400/0*BmpK8IGBtgqrSFWJ.png" /></figure><p>[/caption]</p><p>Cuando subes fotos en EasyBroker deberías elegir idealmente aquellas que son poseen una resolución mayor a 800x800 pixeles. EasyBroker automáticamente las ajustará a este tamaño de 800x800 y también creará las fotos en tamaño pequeño para las vistas previas. Otro gran truco es el que puedes subir muchas fotos desde una misma carpeta dejando la tecla de CTRL presionada mientras seleccionas todas las fotos, o presionar CTRL+ A para seleccionarlas todas juntas y subirlas en un solo click.</p><p>Una vez que ya hayas subido las fotos en EasyBroker puedes arrastrarlas con el mouse para ordenarlas y cambiar el orden de aparición de las mismas en tu página web. Asegúrate de arrastrar la mejor o más llamativa a la primer posición o lugar ya que solo la primer foto es la que aparece en los resultados de búsqueda.</p><p>Es muy importante que luego de haber subido las fotos revises la ficha de la propiedad, ya que muchas veces las fotos aparecen de manera diferente cuando se ven en una demostración de fotos, o dan una impresión diferente cuando se muestran con el color de fondo de tu página web.</p><p>En síntesis,</p><ul><li>Sube por lo menos cinco fotos, idealmente diez a veinte</li><li>Sube fotos de un tamaño mínimo de 800×800 pixeles</li><li>Sube múltiples fotos con EasyBroker usando la tecla CTRL o selecciónalas todas usando CTRL+A</li><li>Reordena tus fotos subidas arrastrándolas adelante o atrás</li><li>Pon la más importante o llamativa primero</li><li>Revisa la ficha de la propiedad después de haber subido las fotos</li></ul><p>Recuerda que subir fotos de buena calidad sea quizás la manera mas efectiva de publicar tus propiedades en la web. Tómate el tiempo de sacar buenas fotos y generarás mas visitantes y contactos, a la vez que te verás más profesional frente a los compradores, inquilinos o dueños que quieran alquilar o vender propiedades.</p>]]></content:encoded>
        </item>
        <item>
            <title><![CDATA[¡Limpie sus sábanas!]]></title>
            <link>https://blog.easybroker.com/limpie-sus-s%C3%A1banas-8d3bb2c7d933</link>
            <guid isPermaLink="false">https://medium.com/p/8d3bb2c7d933</guid>
            <category><![CDATA[general]]></category>
            <category><![CDATA[consejos]]></category>
            <dc:creator><![CDATA[Isaac Vázquez]]></dc:creator>
            <pubDate>Wed, 15 Oct 2008 13:47:24 GMT</pubDate>
            <atom:updated>2016-12-28T20:04:09.169Z</atom:updated>
            <content:encoded><![CDATA[<p>Aquí hay una publicación interesante en el NY Times en inglés para brindarles un mayor entendimiento sobre lo que aquellos que alquilan en vacaciones atraviesan cuando alquilan lugares por periodos cortos de tiempo. He alquilado entre decenas y cientos de lugares alrededor del mundo y siempre me sorprende como cosas simples como proveer sábanas limpias se pasan por alto.</p><p><a href="http://travel.nytimes.com/2008/10/05/travel/05pracrentals.html?8dpc">Eludiendo las dificultades de alquileres privados</a></p>]]></content:encoded>
        </item>
        <item>
            <title><![CDATA[¿Que hay en un nombre?]]></title>
            <link>https://blog.easybroker.com/que-hay-en-un-nombre-addeef35d59d</link>
            <guid isPermaLink="false">https://medium.com/p/addeef35d59d</guid>
            <category><![CDATA[consejos]]></category>
            <dc:creator><![CDATA[Isaac Vázquez]]></dc:creator>
            <pubDate>Fri, 26 Sep 2008 22:01:18 GMT</pubDate>
            <atom:updated>2016-12-28T20:04:21.572Z</atom:updated>
            <content:encoded><![CDATA[<p>El nombre de su aviso es la primer cosa que un cliente potencial mira cuando esta buscando en los portales inmobiliarios. Cuando usted le asigna un nombre a una propiedad en EasyBroker es muy importante pensar acerca de como sus clientes potenciales verán ese nombre comparado con otras propiedades publicadas, y como el nombre impactará en los resultados de búsqueda.</p><p>Cuando usted nombra una propiedad de manera aburría como “Departamento Nro. 1” o “Departamento Nro. 2” estos no van a resaltar en una lista larga de propiedades. Dele a cada una de sus propiedades un nombre que ayude a distinguirla de otras propiedades publicadas, y aliente a sus visitantes a querer saber más acerca de su propiedad. Incluya la característica más importante de la propiedad, donde esta situada o el tipo de propiedad que es. Aquí tiene algunos ejemplos.</p><ul><li>Hermoso loft abierto en Palermo con una excelente vista desde la terraza</li><li>Casa con tres habitaciones contiguas en el corazón de Caballito con estacionamiento</li><li>Lujoso penthouse con pileta privada en Recoleta</li></ul><p>Recuerde que las palabras en el nombre de la propiedad influyen significativamente en el motor de búsqueda y sus resultados. Por ejemplo si alguien busca “palermo loft terraza”, la primer propiedad de los ejemplos anteriores, sería de las que aparecerían en los resultados de búsqueda. No es una ciencia exacta, pero los nombres de sus propiedades son generalmente consideradas importantes por los motores de búsqueda debido a como se los usa en cada página web. Sin embargo, no espere que las propiedades que usted publicó aparezcan inmediatamente en los resultados de búsqueda. Pueden tardar a veces entre una semana o dos para ser reconocidos por los motores de búsqueda.</p><p>Otro dato importante acerca de los nombres que quizás deba tener en cuenta es que cuando nombra propiedades que están en una ciudad grande o principal, incluya las calles que rodean a la propiedad, o la altura aproximada en la que se encuentran. Por ejemplo:</p><ul><li>Córdoba y Thames: Hermoso loft abierto en Palermo con una excelente vista desde la terraza</li><li>Córdoba 5100: Hermoso loft abierto en Palermo con una excelente vista desde la terraza</li></ul><p>Este tipo de formatos ayuda a los visitantes sepan rápida y claramente donde se encuentra la propiedad sin necesidad de publicar la dirección exacta. Si usted tiene muchas propiedades dentro de las mismas calles o cuadras quizás debería agregar un número o código que ayude a distinguirlas y también darle a sus clientes una manera de referirse a determinada propiedad sin tener que saber el código de la misma.</p><ul><li>Córdoba y Thames Nro. 1: Hermoso Loft abierto en Palermo con una excelente vista desde la terraza</li><li>Córdoba y Thames Nro. 2: Tranquilo departamento de estilo francés con patio</li></ul><p>Si usted nombra sus propiedades usando palabras descriptivas y relevantes no solo que va a posicionar sus propiedades sobre otras, sino que también ayudara a atraer mas visitantes desde los motores de búsqueda.</p>]]></content:encoded>
        </item>
        <item>
            <title><![CDATA[¡Bienvenidos al Blog de EasyBroker! ]]></title>
            <link>https://blog.easybroker.com/bienvenidos-al-blog-de-easybroker-d0798b8dc26f</link>
            <guid isPermaLink="false">https://medium.com/p/d0798b8dc26f</guid>
            <category><![CDATA[general]]></category>
            <dc:creator><![CDATA[Isaac Vázquez]]></dc:creator>
            <pubDate>Tue, 23 Sep 2008 21:18:31 GMT</pubDate>
            <atom:updated>2016-12-28T20:04:19.375Z</atom:updated>
            <content:encoded><![CDATA[<h3>¡Bienvenidos al Blog de EasyBroker!</h3><p>Finalmente logramos crear un blog para Easybroker. Por si aún no estaba al tanto, EasyBroker es un CRM web y administrador de contenidos que se ajusta a las necesidades de la industria inmobiliaria. Planeamos utilizar este blog para mantenerte actualizado de las últimas noticias, consejos y mejores prácticas para usar EasyBroker y administrar una agencia inmobiliaria de la manera más efectiva.</p><p>EasyBroker fue creado por <a href="http://www.moveglobally.com/">MoveGlobally.com</a>.</p><p>Siéntete libre de dejar comentarios o sugerencias para hacernos saber cómo podemos mejorar este blog o si tienes tus propios consejos de EasyBroker que te gustaría compartir.</p>]]></content:encoded>
        </item>
        <item>
            <title><![CDATA[Los No No de la Firma del Email]]></title>
            <link>https://blog.easybroker.com/los-no-no-de-la-firma-del-email-b471db4bad6c</link>
            <guid isPermaLink="false">https://medium.com/p/b471db4bad6c</guid>
            <category><![CDATA[general]]></category>
            <category><![CDATA[email]]></category>
            <category><![CDATA[consejos]]></category>
            <dc:creator><![CDATA[Isaac Vázquez]]></dc:creator>
            <pubDate>Tue, 23 Sep 2008 12:31:39 GMT</pubDate>
            <atom:updated>2016-12-28T20:04:01.198Z</atom:updated>
            <content:encoded><![CDATA[<figure><img alt="" src="https://cdn-images-1.medium.com/max/384/0*q6sWzE1QlmoUC2o2.jpg" /></figure><p>Recientemente recibí un email de un amigo/agente con una <a href="http://en.wikipedia.org/wiki/Email_signature">firma en el email</a> que me hizo enojar. Si no está utilizando firmas, definitivamente debería ya que permiten a los receptores fácilmente mantener un registro de la información de contacto y permitirle publicitar su website y el nombre de la compañía.</p><p>Entonces lo que me enojó acerca de la firma de mi amigo fue que era una imagen. Quería copiar y pegar su website y varios teléfonos en mi administrador de contactos EasyBroker, pero como era una imagen tenía que copiarlos manualmente. No sólo fue una molestia, sino que tampoco me había dado cuenta de qué era en emails previos porque tuve que hacer clic en “mostrar imágenes” en mi cliente de email para poder ver las imágenes.</p><p>La lección aquí es que uno no quiere hacer que sus amigos, familia y por supuesto clientes tomen pasos extras para guardar su información de contacto. Las imágenes en firmas generalmente me fastidian, y las evitaría del todo, pero si tiene que incluir una imagen debería limitarse únicamente a su logo.</p><p>Un último fastidio acerca de las firmas es que debería limitar su firma a cinco o seis líneas. Yo incluyo mi nombre, el nombre de la compañía, un buen slogan, mis números de teléfono y el URL de mi compañía. Si provee más de seis líneas, el receptor seguramente lo ignorará. Asegúrese que sus receptores vean el nombre de la compañía y el website al mantener sus firmas breves.</p><p>Aquí hay otro artículo que da más información al respecto (en inglés):</p><ul><li><a href="http://email.about.com/od/emailsignaturenetiquette/Email_Signature_Netiquette.htm">Email Signature Netiquette</a></li></ul>]]></content:encoded>
        </item>
    </channel>
</rss>