<?xml version="1.0" encoding="UTF-8"?><rss xmlns:dc="http://purl.org/dc/elements/1.1/" xmlns:content="http://purl.org/rss/1.0/modules/content/" xmlns:atom="http://www.w3.org/2005/Atom" version="2.0" xmlns:cc="http://cyber.law.harvard.edu/rss/creativeCommonsRssModule.html">
    <channel>
        <title><![CDATA[EasyBroker - Medium]]></title>
        <description><![CDATA[Consejos, noticias y mejores prácticas para hacer más competitiva tu inmobiliaria. - Medium]]></description>
        <link>https://blog.easybroker.com</link>
        <image>
            <url>https://cdn-images-1.medium.com/proxy/1*TGH72Nnw24QL3iV9IOm4VA.png</url>
            <title>EasyBroker - Medium</title>
            <link>https://blog.easybroker.com</link>
        </image>
        <generator>Medium</generator>
        <lastBuildDate>Mon, 03 Dec 2018 18:45:57 GMT</lastBuildDate>
        <atom:link href="https://blog.easybroker.com/feed" rel="self" type="application/rss+xml"/>
        <webMaster><![CDATA[yourfriends@medium.com]]></webMaster>
        <atom:link href="http://medium.superfeedr.com" rel="hub"/>
        <item>
            <title><![CDATA[Lanzamientos del mes: junio]]></title>
            <link>https://blog.easybroker.com/lanzamientos-del-mes-junio-2e5beff88e82</link>
            <guid isPermaLink="false">https://medium.com/p/2e5beff88e82</guid>
            <category><![CDATA[novedades]]></category>
            <dc:creator><![CDATA[Efren Pineda]]></dc:creator>
            <pubDate>Wed, 04 Jul 2018 16:21:28 GMT</pubDate>
            <atom:updated>2018-07-24T16:47:36.126Z</atom:updated>
            <content:encoded><![CDATA[<figure><img alt="" src="https://cdn-images-1.medium.com/max/1024/1*xYrBAfh5MC61Uzjl7Ij8Kg.png" /></figure><p>Como cada mes, te traemos las actualizaciones que hicimos para mejorar tu experiencia dentro de EasyBroker.</p><ul><li>¡Todos tus reportes de marketing podrán ser enviados a tus clientes directamente desde la plataforma! Créalos, agrega tus comentarios y envíalos por mail.</li></ul><figure><img alt="" src="https://cdn-images-1.medium.com/max/614/1*dHly2q2OLE-5mJ2BxYo6ag.png" /></figure><ul><li>Hicimos más específica la búsqueda de tus contactos al añadir un nuevo filtro: la fecha de asignación. Lo encontrarás dentro del botón de <em>Más filtros</em>.</li></ul><figure><img alt="" src="https://cdn-images-1.medium.com/max/614/1*_KUkpYVY5qaeW0DmEvwdOg.png" /></figure><ul><li>En la búsqueda de propiedades añadimos el filtro <em>Contacto relacionado</em>, de esta manera, si uno de tus propietarios tiene varios inmuebles, podrás encontrarlas fácilmente.</li></ul><figure><img alt="" src="https://cdn-images-1.medium.com/max/614/1*BugLCvxwIKwKMB-hFMaCnQ.png" /></figure><ul><li>Al encontrar una nueva propiedad en la Bolsa Inmobiliaria, verás los datos del agente y la inmobiliaria que la tienen, así podrás tener una comunicación directa para compartir comisión fácilmente.</li></ul><figure><img alt="" src="https://cdn-images-1.medium.com/max/397/1*1p1mdtSVduMWsmF2avQIIg.png" /></figure><ul><li>Dividimos en tres pestañas la página de <em>Vinculación con portales </em>para que conozcas el estado de la integración. Ahora, encontrarás en <em>Disponibles </em>aquellas con las que todavía no has integrado, <em>En proceso podrás </em>ver el status de tu integración y una vez que esté lista, la encontrarás en la pestaña de <em>Conectados.</em></li></ul><figure><img alt="" src="https://cdn-images-1.medium.com/max/814/1*YfiPpksasVFKUYl5dH8XsQ.png" /></figure><ul><li>Al crear una nueva propiedad podrás elegir el tipo de moneda en cada operación.</li></ul><figure><img alt="" src="https://cdn-images-1.medium.com/max/674/1*JQBdFSftv7PdtFg_lXRgfQ.png" /></figure><ul><li>Dividimos la ventana <em>Roles de usuario</em> en dos pestañas: en una podrás ver los roles que existen en tu cuenta y en la otra los permisos a los que tienen acceso cada uno de ellos, así podrás identificarlos fácilmente.</li></ul><figure><img alt="" src="https://cdn-images-1.medium.com/max/814/1*ztVSqD2FE8EaUXrqZeTLyg.png" /></figure><ul><li>Estamos reestructurando nuestra sección de <em>Mensajes</em> y poco a poco comenzarás a ver cambios. Por ahora, si tenías conversaciones, podrás continuarlas pero no podrás crear una nueva. Además, los mensajes que te lleguen para solicitar información, únicamente los podrás responder directamente desde tu email.</li></ul><p>¡Cuéntanos qué te parecieron nuestras actualizaciones!</p>]]></content:encoded>
        </item>
        <item>
            <title><![CDATA[Actualizaciones del mes: mayo]]></title>
            <link>https://blog.easybroker.com/actualizaciones-del-mes-mayo-17f5d99347d9</link>
            <guid isPermaLink="false">https://medium.com/p/17f5d99347d9</guid>
            <category><![CDATA[novedades]]></category>
            <dc:creator><![CDATA[Efren Pineda]]></dc:creator>
            <pubDate>Tue, 05 Jun 2018 21:29:59 GMT</pubDate>
            <atom:updated>2018-07-24T16:47:17.327Z</atom:updated>
            <content:encoded><![CDATA[<figure><img alt="" src="https://cdn-images-1.medium.com/max/1024/1*HbmvVBBTnHVtwTZLdPmz1g.png" /></figure><p>Este mes lanzamos algunos cambios que nuestros usuarios nos pidieron así que ¡estamos muy contentos de anunciar que ya son una realidad! Te decimos cuáles son:</p><ul><li>Lo más emocionante: podrás enviar propiedades sin importar si a otro asesor se le escapó poner su rótulo en las fotos; ya es posible personalizar la información, mapa, tus datos de contacto y las fotos de cualquier propiedad que se encuentre en la bolsa inmobiliaria.</li></ul><figure><img alt="" src="https://cdn-images-1.medium.com/max/960/1*gMeBm0lEeSsrTEXGv00dqA.gif" /></figure><ul><li>Unimos los reportes de marketing, interesados y de actividad en uno sólo para que puedas darle información relevante a tu propietario sólo con dar un clic. Además de visualizarlo, puedes sacar un PDF o imprimirlo.</li></ul><figure><img alt="" src="https://cdn-images-1.medium.com/max/801/1*gt4qL3JXSiCTvlHXqmpGoA.png" /></figure><p>Podrás enviarle un resumen de los interesados, el estatus de cada uno de ellos y los comentarios que hizo sobre la propiedad, así como un resumen del número de visitas web a su propiedad y cuántos días lleva publicada.</p><figure><img alt="" src="https://cdn-images-1.medium.com/max/1016/1*0eDEPsVn5iAIQZ77MPlWJw.png" /></figure><ul><li>Tus últimas búsquedas en la bolsa inmobiliaria o en tu inventario se guardarán en los filtros para que no estés rellenando los mismos filtros una y otra vez.</li></ul><figure><img alt="" src="https://cdn-images-1.medium.com/max/500/1*ZWmltR7934NOfNIMR_nTsg.png" /></figure><ul><li><a href="https://blog.easybroker.com/ya-puedes-publicar-tus-propiedades-en-segundamano-a9b902f3ff96">SegundaMano se une a nuestros portales afiliados premium</a> así que ya podrás vincular tus cuentas y recibir los clientes potenciales en un sólo lugar.</li><li>En tus recibos de pago a EasyBroker podrás ver la terminación y el tipo de tarjeta con la que estás pagando para identificar fácilmente la última tarjeta que usaste.</li></ul><figure><img alt="" src="https://cdn-images-1.medium.com/max/550/1*DL_-CHrv1PBDTKagG-pUKA.png" /></figure><p>Queremos que EasyBroker te ayude cada vez más en tus labores diarias, así que si tienes alguna pregunta sobre los cambios por favor <a href="https://www.easybroker.com/mx/help#contact-section">dínos</a>!</p>]]></content:encoded>
        </item>
        <item>
            <title><![CDATA[Ya puedes publicar tus propiedades en Segundamano]]></title>
            <link>https://blog.easybroker.com/ya-puedes-publicar-tus-propiedades-en-segundamano-a9b902f3ff96</link>
            <guid isPermaLink="false">https://medium.com/p/a9b902f3ff96</guid>
            <dc:creator><![CDATA[Efren Pineda]]></dc:creator>
            <pubDate>Thu, 24 May 2018 17:31:32 GMT</pubDate>
            <atom:updated>2018-05-28T17:11:56.069Z</atom:updated>
            <content:encoded><![CDATA[<figure><img alt="" src="https://cdn-images-1.medium.com/max/1024/1*wYPjNavnZOEb6TeWun7Qyw.png" /></figure><p>Tenemos buenas noticias para nuestros usuarios en México; Segundamano se une a los portales afiliados premium en EasyBroker para que publiques tus propiedades.</p><p>Desde el CRM podrás subirla, modificarla o darla de baja y todos los cambios se reflejarán en unas horas. También recibirás en tu cuenta de EasyBroker todos los clientes potenciales que generes, podrás atenderlos a todos desde un sólo lugar y tendrás estadísticas del funcionamiento de cada portal.</p><p>Para publicar en Segundamano lo único que necesitas es tener una cuenta <a href="https://ayuda.segundamano.mx/customer/es_mx/portal/topics/1083108-probroker/articles">ProBroker</a> vigente y el correo con el que estás registrado. Después sólo tienes que enlazarlo en tu cuenta de EasyBroker a través de la opción de <em>Vinculación con portales</em> que se encuentra en el menú de <em>Configuración</em> de tu cuenta.</p><figure><img alt="" src="https://cdn-images-1.medium.com/max/781/1*qG6Q6p3MnygJkOeqr5ZoiA.png" /></figure><p>Una vez que hagas la vinculación, cada que agregues una propiedad aparecerá la opción de publicarla en Segundamano.</p><figure><img alt="" src="https://cdn-images-1.medium.com/max/527/1*xttxd_Uz4TCG1TeNN-s_3w.png" /></figure><p>Queremos que tu trabajo sea cada vez más sencillo y esperamos que nuestra alianza con Segundamano te ahorre más tiempo y puedas ocuparlo en atender a más clientes.</p>]]></content:encoded>
        </item>
        <item>
            <title><![CDATA[Lanzamientos del mes: abril]]></title>
            <link>https://blog.easybroker.com/lanzamientos-del-mes-abril-fc5241425add</link>
            <guid isPermaLink="false">https://medium.com/p/fc5241425add</guid>
            <category><![CDATA[novedades]]></category>
            <dc:creator><![CDATA[Efren Pineda]]></dc:creator>
            <pubDate>Mon, 07 May 2018 17:41:39 GMT</pubDate>
            <atom:updated>2018-07-24T16:46:32.347Z</atom:updated>
            <content:encoded><![CDATA[<figure><img alt="" src="https://cdn-images-1.medium.com/max/1024/1*CrU1Dau-lMGhHjBvQk23PA.png" /></figure><p>Tus búsquedas de propiedades ahora son más claras y específicas en la plataforma, hicimos grandes cambios este mes y queremos que los conozcas mejor.</p><ul><li>Iniciamos con aquellos que seguramente ya viste: La bolsa inmobiliaria y propiedades se encuentran en la misma pestaña para que puedas ir de uno a otro rápidamente. Ahí también cambiaron los filtros de búsqueda, el diseño de la página y más. Si quieres conocer todos los cambios puedes ir directamente a la entrada donde <a href="https://blog.easybroker.com/redise%C3%B1amos-las-propiedades-los-filtros-de-b%C3%BAsqueda-y-m%C3%A1s-73d32fc90691">explicamos más a fondo</a>.</li></ul><figure><img alt="" src="https://cdn-images-1.medium.com/max/800/1*aMsX8AJGu5Zt9xExd5jwWw.png" /></figure><ul><li>La opción de compartir por WhatsApp llegó a la versión web. Ahora envía tus propiedades más rápido en tu computadora, selecciona la opción de compartir por ese medio y abrirá la versión web de la mensajería.</li></ul><figure><img alt="" src="https://cdn-images-1.medium.com/max/1024/1*NrKCtRIzzyAIKUKbeflD1A.gif" /></figure><ul><li>También podrás compartir por WhatsApp las propiedades de Bolsa Inmobiliaria, simplemente entra a una ficha y verás el botón de compartir por esta vía.</li></ul><figure><img alt="" src="https://cdn-images-1.medium.com/max/374/1*SGfXc47w-zq86GUSPfK4jg.png" /></figure><ul><li>Las fichas de pago incluyen la cantidad de usuarios de tu plan. Cada que realices un pago, en el campo concepto se especificará la cantidad de usuarios contratados, de esta manera verás a detalle el plan contratado.</li></ul><figure><img alt="" src="https://cdn-images-1.medium.com/max/1024/1*4kGmjb1unhRtIBfc2weZIA.png" /></figure><ul><li>Hemos mejorado la seguridad en tu cuenta y cada que cambies tu contraseña cerrará el acceso a la plataforma en todos los navegadores y dispositivos donde habías ingresado con tu contraseña antigua.</li><li>Al realizar una búsqueda, ahora puedes aplicar el filtro de metros cuadrados de terreno, que te ayudará a encontrar propiedades con una medida específica en el terreno. Simplemente despliega más filtros y lo encontrarás.</li></ul><figure><img alt="" src="https://cdn-images-1.medium.com/max/618/1*6d2r6shXOJ_hB5KgBr-s1g.png" /></figure><p>Seguimos trabajando para hacer EasyBroker más sencillo y funcional, esperamos que los cambios te sirvan para acelerar aún más los procesos de tu inmobiliaria.</p>]]></content:encoded>
        </item>
        <item>
            <title><![CDATA[Rediseñamos el listado de propiedades, los filtros de búsqueda y más]]></title>
            <link>https://blog.easybroker.com/redise%C3%B1amos-las-propiedades-los-filtros-de-b%C3%BAsqueda-y-m%C3%A1s-73d32fc90691</link>
            <guid isPermaLink="false">https://medium.com/p/73d32fc90691</guid>
            <dc:creator><![CDATA[Efren Pineda]]></dc:creator>
            <pubDate>Thu, 19 Apr 2018 18:23:28 GMT</pubDate>
            <atom:updated>2018-04-19T18:54:38.718Z</atom:updated>
            <content:encoded><![CDATA[<figure><img alt="" src="https://cdn-images-1.medium.com/max/1024/1*AP1pF7Y8Sy5pEYkWY1pF3A.png" /></figure><p>Ahora todo lo que buscas en <em>Propiedades</em> se puede ver en una misma página.</p><p>El primer cambio lo verás en el menú principal, pues la sección de <em>Bolsa Inmobiliaria</em>, se mezcló con <em>Propiedades</em> y ambas están en la misma página para que puedas ir de una a otra de inmediato.</p><figure><img alt="" src="https://cdn-images-1.medium.com/max/1024/1*KTJxxA3ozfXavQ0hEGJkEA.png" /></figure><p>Los filtros de búsqueda en propiedades se rediseñaron para que siempre te acompañen, sin importar si bajas en la página. ¡Aplícalos a tus propiedades o a la bolsa en un clic!</p><iframe src="https://cdn.embedly.com/widgets/media.html?src=https%3A%2F%2Fplayer.vimeo.com%2Fvideo%2F265434280%3Fapp_id%3D122963&amp;dntp=1&amp;url=https%3A%2F%2Fvimeo.com%2F265434280%2F95dd0b32ab&amp;image=https%3A%2F%2Fi.vimeocdn.com%2Fvideo%2F695441367_1280.jpg&amp;key=a19fcc184b9711e1b4764040d3dc5c07&amp;type=text%2Fhtml&amp;schema=vimeo" width="1280" height="720" frameborder="0" scrolling="no"><a href="https://medium.com/media/20fcc9825816218381a56c54d965a342/href">https://medium.com/media/20fcc9825816218381a56c54d965a342/href</a></iframe><p>Al seleccionar las propiedades aparecerán las acciones que puedes realizar y siempre estarán disponibles para que los apliques.</p><iframe src="https://cdn.embedly.com/widgets/media.html?src=https%3A%2F%2Fplayer.vimeo.com%2Fvideo%2F265436405%3Fapp_id%3D122963&amp;dntp=1&amp;url=https%3A%2F%2Fvimeo.com%2F265436405%2F307546a413&amp;image=https%3A%2F%2Fi.vimeocdn.com%2Fvideo%2F695444155_1280.jpg&amp;key=a19fcc184b9711e1b4764040d3dc5c07&amp;type=text%2Fhtml&amp;schema=vimeo" width="1280" height="720" frameborder="0" scrolling="no"><a href="https://medium.com/media/8a183aa609c85a004b4ab72998205cd6/href">https://medium.com/media/8a183aa609c85a004b4ab72998205cd6/href</a></iframe><p>Los cambios en los filtros de búsqueda también están disponibles en <em>Contactos:</em></p><iframe src="https://cdn.embedly.com/widgets/media.html?src=https%3A%2F%2Fplayer.vimeo.com%2Fvideo%2F265243882%3Fapp_id%3D122963&amp;dntp=1&amp;url=https%3A%2F%2Fvimeo.com%2F265243882%2F95763d71cc&amp;image=https%3A%2F%2Fi.vimeocdn.com%2Fvideo%2F695202675_1280.jpg&amp;key=a19fcc184b9711e1b4764040d3dc5c07&amp;type=text%2Fhtml&amp;schema=vimeo" width="1280" height="720" frameborder="0" scrolling="no"><a href="https://medium.com/media/0414962dd16dd65e9b5abdc4ae060086/href">https://medium.com/media/0414962dd16dd65e9b5abdc4ae060086/href</a></iframe><p>Así como el nuevo menú de Acciones:</p><iframe src="https://cdn.embedly.com/widgets/media.html?src=https%3A%2F%2Fplayer.vimeo.com%2Fvideo%2F265439139%3Fapp_id%3D122963&amp;dntp=1&amp;url=https%3A%2F%2Fvimeo.com%2F265439139%2F53d12aa8f5&amp;image=https%3A%2F%2Fi.vimeocdn.com%2Fvideo%2F695447560_1280.jpg&amp;key=a19fcc184b9711e1b4764040d3dc5c07&amp;type=text%2Fhtml&amp;schema=vimeo" width="1280" height="720" frameborder="0" scrolling="no"><a href="https://medium.com/media/a88fdbb2ff123a1e069d5fb13ca6c93e/href">https://medium.com/media/a88fdbb2ff123a1e069d5fb13ca6c93e/href</a></iframe><p>Nuestro equipo de desarrollo y diseño trabajó durante meses para lograr este cambio, nada nos haría más feliz saber que te ayudará en tu trabajo de día a día.</p>]]></content:encoded>
        </item>
        <item>
            <title><![CDATA[Lanzamientos del mes: marzo]]></title>
            <link>https://blog.easybroker.com/lanzamientos-del-mes-marzo-d5702d836eb0</link>
            <guid isPermaLink="false">https://medium.com/p/d5702d836eb0</guid>
            <category><![CDATA[novedades]]></category>
            <dc:creator><![CDATA[Virginia Maldonado]]></dc:creator>
            <pubDate>Fri, 13 Apr 2018 16:04:37 GMT</pubDate>
            <atom:updated>2018-07-24T16:46:14.448Z</atom:updated>
            <content:encoded><![CDATA[<figure><img alt="" src="https://cdn-images-1.medium.com/max/1024/1*cVPEgQI1SMDHWvuo45JMig.png" /></figure><p>¡Este mes hicimos acciones más rápidas y nuevas funcionalidades!</p><ul><li>Iniciamos con algo que nos pediste: ¡hicimos realidad que puedas responder los mensajes desde tu mail!</li></ul><figure><img alt="" src="https://cdn-images-1.medium.com/max/860/1*a4DiuUVe9YZch_JaYOzDHg.gif" /></figure><ul><li>Ya tienes acceso a tus recibos de pago y puedes imprimirlos fácilmente. Para ello escribimos: <a href="https://blog.easybroker.com/consulta-descarga-e-imprime-tus-recibos-de-pago-cuando-quieras-93c6fdc8667d">&quot;Consulta, descarga e imprime tus recibos de pago cuando quieras&quot;</a> y sepas cómo obtenerlos.</li></ul><figure><img alt="" src="https://cdn-images-1.medium.com/max/529/1*nXlrzuLQ98yknKS36q5sng.png" /></figure><ul><li>Hablemos de Inmuebles 24 y sus avisos Súper destacados; ya puedes elegir esta opción al momento de publicar tu propiedad. Además, al buscar tus propiedades encontrarás en el filtro de <em>Publicado</em> la opción de Súper destacada.</li></ul><figure><img alt="" src="https://cdn-images-1.medium.com/max/600/1*MsjpDMgzYVHAXGyRF5u1VQ.png" /></figure><ul><li>Si eres administrador, podrás ver en la <em>Vinculación con portales </em>cuántas propiedades tienes publicadas como Destacadas y Súper destacadas<em>.</em></li></ul><figure><img alt="" src="https://cdn-images-1.medium.com/max/532/1*d0RBoyh2CXPh59LJbzKI0g.png" /></figure><ul><li>Hemos vitaminado las etiquetas en las fichas de Contactos y Propiedades, ahora cargan más rápido cuando quieras agregar una o editarla.</li></ul><figure><img alt="" src="https://cdn-images-1.medium.com/max/787/1*DEVaIUh1kiOx9KB87nnGCw.png" /></figure><p>Si tienes dudas o comentarios sobre qué otras mejoras podríamos implementar, recuerda que nos puedes escribir un comentario. ¡Esperamos que estos cambios te ayuden en tu día a día!</p>]]></content:encoded>
        </item>
        <item>
            <title><![CDATA[Consulta, descarga e imprime tus recibos de pago cuando quieras.]]></title>
            <link>https://blog.easybroker.com/consulta-descarga-e-imprime-tus-recibos-de-pago-cuando-quieras-93c6fdc8667d</link>
            <guid isPermaLink="false">https://medium.com/p/93c6fdc8667d</guid>
            <dc:creator><![CDATA[Efren Pineda]]></dc:creator>
            <pubDate>Thu, 05 Apr 2018 19:31:53 GMT</pubDate>
            <atom:updated>2018-04-05T19:31:53.824Z</atom:updated>
            <content:encoded><![CDATA[<figure><img alt="" src="https://cdn-images-1.medium.com/max/1024/1*oumH1VObqvrAO0w-P9fRaA.png" /></figure><p>Sabemos que muchas veces cuando pagas tu cuenta en EasyBroker no te interesa obtener tu recibo de pago en ese momento o cuando lo tienes, se pierde porque tu contador te lo pide a final de mes, por ello, ahora lo puedes obtener cuando quieras.</p><p>Si eres administrador de una cuenta de EasyBroker o tu rol permite <em>Actualizar información de facturación y realizar pagos</em> podrás imprimir tus recibos de pago fácilmente, sólo entra a tu <em>Configuración</em> en la sección de <em>Planes y Facturación </em>verás en el apartado de <em>Acciones </em>una nueva opción:<em> Ver recibos de pago y datos de facturación.</em></p><p>Al dar clic, verás el histórico de tus recibos de pago, para obtener uno en específico sólo da clic en el número de orden y se abrirá una nueva pestaña con tu recibo, imprímelo o guárdalo para entregarlo a tu contador.</p><figure><img alt="" src="https://cdn-images-1.medium.com/max/790/1*f6C1h6WYDuB8dwSmbJBbDg.gif" /></figure><p>Si por alguna razón deseas modificar o agregar información en el recibo, da clic en editar datos de facturación para agregar tu Razón Social, RFC o cualquier otro y de esta manera tus recibos aparecerán con esta nueva información.</p><figure><img alt="" src="https://cdn-images-1.medium.com/max/1024/1*bAuxUGIM0gt6rYTTVetO2g.png" /></figure><p>Ahora sí, descarga todos los recibos que necesites, imprímelos o envíalos cuando te los pidan.</p>]]></content:encoded>
        </item>
        <item>
            <title><![CDATA[Lanzamientos del mes: febrero]]></title>
            <link>https://blog.easybroker.com/lanzamientos-del-mes-febrero-2dafb57c4748</link>
            <guid isPermaLink="false">https://medium.com/p/2dafb57c4748</guid>
            <category><![CDATA[novedades]]></category>
            <dc:creator><![CDATA[Virginia Maldonado]]></dc:creator>
            <pubDate>Fri, 09 Mar 2018 23:58:58 GMT</pubDate>
            <atom:updated>2018-07-20T16:39:24.551Z</atom:updated>
            <content:encoded><![CDATA[<figure><img alt="" src="https://cdn-images-1.medium.com/max/1024/1*EM805HXqUP8SBtXy1kqk1A.jpeg" /></figure><p>Te avisamos de los cambios que hicimos en EasyBroker el mes pasado. Vayamos primero con los cambios de<em> Permisos</em>:</p><ul><li>Porque muchos de nuestros clientes lo pidieron, creamos el permiso de <em>Reasignar contactos que el usuario puede ver, </em>así podrás decidir quién edita y quién reasigna los contactos, para evitar conflictos en tu equipo de trabajo.</li></ul><figure><img alt="" src="https://cdn-images-1.medium.com/max/1024/1*jO1JKC4KlZrvUijiK_wpWQ.png" /></figure><ul><li>Los permisos de<strong> </strong><em>Contactos </em>ahora están más definidos; podrás decidir que tus agentes vean a los contactos asignados a otros usuarios y de forma independiente a los que están sin asignar.</li></ul><figure><img alt="" src="https://cdn-images-1.medium.com/max/1024/1*9gtGSCa_OFwCbkSmtLVLvg.png" /></figure><ul><li>En los permisos de <em>Propiedades</em><strong> </strong>la opción de editar información es más clara, pues por separado puedes dar la oportunidad de editar aquellas que se han asignado a tu usuario y aquellas que le pertenecen a alguien más o no están asignadas.</li></ul><figure><img alt="" src="https://cdn-images-1.medium.com/max/1024/1*qx09LQaI5JGu5r0bz3bUZw.png" /></figure><ul><li>También podrás designar si ve sus propiedades, las asignadas a otros usuarios o las que están sin asignar.</li></ul><figure><img alt="" src="https://cdn-images-1.medium.com/max/1024/1*ACSqkRemsf-BIK29zlITdA.png" /></figure><p>De esta manera, si eres un administrador, puedes ser más específico en lo que pueden hacer o no tus asesores! También puedes revisar <a href="https://www.easybroker.com/mx/videos/permisos-para-usuarios">nuestro tutorial de video sobre cómo funcionan los cambios de permisos</a>.</p><p>Además hicimos otras actualizaciones:</p><ul><li>Agregamos la columna de <em>Sucursal</em> dentro de las estadísticas de tus contactos o propiedades para que tengas informes más detallados.</li><li>Hicimos las acciones dentro de <em>Interesados</em> visibles todo el tiempo; ¡ya no tienes que pasar el cursor para conocerlas!</li></ul><p>Recuerda que si tienes comentarios o dudas sobre nuestros cambios siempre puedes escribirnos; ¡queremos ayudarte a que aproveches más tu cuenta de EasyBroker!</p>]]></content:encoded>
        </item>
        <item>
            <title><![CDATA[Ser socio de AMPI te da una cuenta Lite en EasyBroker]]></title>
            <link>https://blog.easybroker.com/ser-socio-de-ampi-te-da-una-cuenta-lite-en-easybroker-91559263fc04</link>
            <guid isPermaLink="false">https://medium.com/p/91559263fc04</guid>
            <dc:creator><![CDATA[Gustavo Astiazarán]]></dc:creator>
            <pubDate>Fri, 16 Feb 2018 22:57:12 GMT</pubDate>
            <atom:updated>2018-02-27T15:13:51.708Z</atom:updated>
            <content:encoded><![CDATA[<figure><img alt="" src="https://cdn-images-1.medium.com/max/1024/1*MRztI97BcYrUkWjntvGz1g.png" /></figure><p>Por ser miembro de la Asociación Mexicana de Profesionales Inmobiliarios (AMPI), tienes derecho una <strong>cuenta Lite de EasyBroker</strong> que te da acceso a las más de 100,000 propiedades en nuestra bolsa inmobiliaria y a un CRM que te permitirá organizar mejor tu trabajo.</p><p>Con la <strong>bolsa inmobiliaria </strong>de EasyBroker aumentas tu inventario ya que tienes acceso a las propiedades de los socios AMPI y todos los usuarios de nuestra plataforma. Colaborar con otros inmobiliarios y cerrar operaciones compartidas se vuelve más fácil cuando están todos en una misma plataforma.</p><p>Ofrece más a tus clientes con el <strong>estudio de mercado</strong>. A través de la bolsa revisa la información de anuncios activos o cerrados, compara entre propiedades similares de la zona y en minutos obtén precios promedio para emitir opiniones de valor y ser el consultor que tus propietarios necesitan.</p><p><strong>Comparte fichas de propiedad a través de WhatsApp o correo</strong> y agiliza la comunicación entre tú y tu cliente.</p><p><strong>Captura sólo una vez </strong>tus propiedades en EasyBroker y nosotros las publicamos en los portales inmobiliarios que tu elijas, incluyendo los de pago en donde tengas una cuenta.</p><figure><img alt="" src="https://cdn-images-1.medium.com/max/724/1*0LinV80MKj8z_YDsuQO1Kw@2x.png" /></figure><p>Utiliza nuestro <strong>CRM</strong> para estar más organizado, dar seguimiento puntual a clientes y enfocar mejor tus esfuerzos y así cerrar más operaciones.</p><p>¿Quieres estos beneficios? <a href="https://www.easybroker.com/mx/agent/account/free_signup">Activa tu cuenta</a> con la clave que te proporcionó tu sección AMPI, ingresa con tu correo en la plataforma y podrás trabajar desde cualquier computadora o dispositivo móvil.</p><p><strong>[</strong><a href="https://www.easybroker.com/mx/agent/account/free_signup"><strong>Activa tu cuenta ahora</strong></a><strong>]</strong></p><p>Recuerda que siempre puedes <a href="https://www.easybroker.com/mx/help">contactarnos</a> si tienes dudas sobre cómo utilizar tu cuenta, activarla o cualquier otro comentario.</p><p><em>*Si ya tienes una cuenta Lite con nosotros y eres socio AMPI, podrás convertirla a Premium con un descuento exclusivo de 20% en planes de 6 meses y 30% en planes de 12 meses, y no el 10 y 20% publicado en nuestro sitio</em>.</p>]]></content:encoded>
        </item>
        <item>
            <title><![CDATA[Lanzamientos del mes: enero]]></title>
            <link>https://blog.easybroker.com/lanzamientos-del-mes-enero-7a392c727b70</link>
            <guid isPermaLink="false">https://medium.com/p/7a392c727b70</guid>
            <category><![CDATA[novedades]]></category>
            <dc:creator><![CDATA[Gustavo Astiazarán]]></dc:creator>
            <pubDate>Mon, 12 Feb 2018 18:10:02 GMT</pubDate>
            <atom:updated>2018-07-24T16:45:46.456Z</atom:updated>
            <content:encoded><![CDATA[<figure><img alt="" src="https://cdn-images-1.medium.com/max/1024/1*SK1wFlV8LSn8VpJ5g2_dLA.png" /></figure><p>Aquí te contamos sobre las actualizaciones más importantes que realizamos en enero:</p><ul><li>Ahora, en la sección de mensajes, como parte de la información del contacto <strong>podrás ver las etiquetas</strong> que le asignaste. Además, al darle click a cualquiera de ellas, te llevará a buscar los contactos con esa etiqueta y así encontrarlos rápidamente.</li></ul><figure><img alt="" src="https://cdn-images-1.medium.com/max/1024/1*u3CUi0Dy6-Oew9m_EEVDyg.png" /></figure><ul><li>Agregamos el <strong>campo de teléfono</strong> a las solicitudes de información dentro de la búsqueda de propiedades en EasyBroker, así, tendrás más datos para dar <strong>mejor seguimiento a interesados.</strong></li></ul><figure><img alt="" src="https://cdn-images-1.medium.com/max/1024/1*JJdPqqFpV2HHE2ZSu_eqEA.png" /></figure><ul><li>Durante las vacaciones de fin de año, nuestros becarios recibieron un curso intensivo para mejorar su velocidad en el trabajo y ahora, les tomará <strong>menos tiempo exportar tus contactos a Excel</strong>.</li><li>Al importar tus contactos, <strong>también podrás incluir la fuente</strong> de donde provienen y así determinar las fuentes que te dan mejores resultados.</li></ul><p>Si tienes alguna pregunta sobre estos temas o cualquier otro dentro de EasyBroker, no dudes en <a href="https://www.easybroker.com/mx/help">contactarnos</a>.</p>]]></content:encoded>
        </item>
    </channel>
</rss>