<?xml version="1.0" encoding="UTF-8"?><rss xmlns:dc="http://purl.org/dc/elements/1.1/" xmlns:content="http://purl.org/rss/1.0/modules/content/" xmlns:atom="http://www.w3.org/2005/Atom" version="2.0" xmlns:cc="http://cyber.law.harvard.edu/rss/creativeCommonsRssModule.html">
    <channel>
        <title><![CDATA[EasyBroker - Medium]]></title>
        <description><![CDATA[Consejos, noticias y mejores prácticas para hacer más competitiva tu inmobiliaria. - Medium]]></description>
        <link>https://blog.easybroker.com</link>
        <image>
            <url>https://cdn-images-1.medium.com/proxy/1*TGH72Nnw24QL3iV9IOm4VA.png</url>
            <title>EasyBroker - Medium</title>
            <link>https://blog.easybroker.com</link>
        </image>
        <generator>Medium</generator>
        <lastBuildDate>Mon, 03 Dec 2018 18:45:57 GMT</lastBuildDate>
        <atom:link href="https://blog.easybroker.com/feed" rel="self" type="application/rss+xml"/>
        <webMaster><![CDATA[yourfriends@medium.com]]></webMaster>
        <atom:link href="http://medium.superfeedr.com" rel="hub"/>
        <item>
            <title><![CDATA[¡Realiza búsquedas por estado, municipio o delegación!]]></title>
            <link>https://blog.easybroker.com/realiza-b%C3%BAsquedas-por-estado-municipio-o-delegaci%C3%B3n-ade86d769e95</link>
            <guid isPermaLink="false">https://medium.com/p/ade86d769e95</guid>
            <category><![CDATA[gestión-de-inmuebles]]></category>
            <category><![CDATA[novedades]]></category>
            <category><![CDATA[red-de-easybroker]]></category>
            <category><![CDATA[easybroker]]></category>
            <dc:creator><![CDATA[Isaac Vázquez]]></dc:creator>
            <pubDate>Sat, 30 Jan 2016 00:23:36 GMT</pubDate>
            <atom:updated>2018-09-17T21:17:53.739Z</atom:updated>
            <content:encoded><![CDATA[<figure><img alt="" src="https://cdn-images-1.medium.com/max/860/1*TtJ0L38sThyKAKKfQEwRcg.png" /></figure><p>¿Alguna vez te ha pasado que un cliente te pide que le ayudes a buscar una propiedad pero no es muy específico en las colonias que le interesan? Con eso en mente, ahora puedes realizar búsquedas más flexibles que abarquen municipios y delegaciones enteros, e incluso estados.</p><p>Hacer búsquedas de este tipo es muy sencillo: lo único que tienes que hacer es escribir el nombre del municipio, delegación o estado en el que deseas hacer la búsqueda. Por ejemplo, si quieres ver todas las propiedades que están en el municipio de Zapopan, sólo tienes que escribirlo así en la barra de búsqueda. El sistema te mostrará las opciones que coinciden y sólo tienes que seleccionar <em>“Zapopan, Jalisco”</em> para indicar que quieres ver lo que hay en todo el municipio. Como sabemos que en México hay muchos lugares que comparten el nombre, te ayudamos a diferenciar las colonias de los municipios de esta manera: sólo se muestra el nombre del municipio seguido del estado en el que se encuentra.</p><figure><img alt="" src="https://cdn-images-1.medium.com/max/852/1*elIVm9wneThXL_ZlO1_JJA.png" /></figure><p>Para las búsquedas por estado, lo que debes hacer es escribir el nombre de la entidad que te interesa. Por ejemplo, para ver todas las propiedades en Oaxaca, escribe el nombre del estado y ubica donde dice únicamente el nombre: <em>Oaxaca</em>. Selecciónalo para que la búsqueda arroje todas las propiedades que se encuentran ahí.</p><figure><img alt="" src="https://cdn-images-1.medium.com/max/852/1*6gO39sfoUaSxxnULY2sq2A.png" /></figure><p>Esta mejora surge de las sugerencias que recibimos respecto a la búsqueda y esperamos que este cambio te guste. ¡Por favor coméntanos lo que opinas para seguir mejorando!</p>]]></content:encoded>
        </item>
        <item>
            <title><![CDATA[¡Mejoramos el reporte de Interesados!]]></title>
            <link>https://blog.easybroker.com/mejoramos-el-reporte-de-interesados-1190ff98f732</link>
            <guid isPermaLink="false">https://medium.com/p/1190ff98f732</guid>
            <category><![CDATA[easybroker]]></category>
            <category><![CDATA[novedades]]></category>
            <category><![CDATA[gestión-de-inmuebles]]></category>
            <dc:creator><![CDATA[Isaac Vázquez]]></dc:creator>
            <pubDate>Tue, 26 Jan 2016 01:57:58 GMT</pubDate>
            <atom:updated>2018-09-17T21:12:51.568Z</atom:updated>
            <content:encoded><![CDATA[<figure><img alt="" src="https://cdn-images-1.medium.com/max/630/1*WqU9ox9-z-t6Gqxeu9D-8Q.png" /></figure><p>¡Agregamos la fecha de los cambios de estatus en el reporte de interesados! Siguiendo las recomendaciones que nos hicieron llegar, ahora cada que cambien el estatus de un cliente interesado se colocará la fecha en el reporte que puedes enviar o imprimir para tu propietario.</p><p>Este cambio puede parecer muy pequeño y sencillo, pero te ayudará a que tu propietario pueda apreciar mejor el trabajo de seguimiento que le estás dando a sus propiedades. Al colocar la fecha en la que se realizan los cambios de estatus, es mucho más fácil hacerle ver a tu propietario el tiempo que dedicas a la promoción de su inmueble y la evolución de los comentarios de los clientes a lo largo del tiempo. Por ejemplo, esto puede ser bastante útil para evaluar las impresiones que genera una propiedad si se hace un cambio de precio.</p><p>Esperamos que esta característica sea de tu agrado. ¡Escríbenos si tienes cualquier otra sugerencia para nosotros!</p>]]></content:encoded>
        </item>
        <item>
            <title><![CDATA[¡Cerramos un excelente año y arrancamos 2016!]]></title>
            <link>https://blog.easybroker.com/cerramos-un-excelente-a%C3%B1o-y-arrancamos-2016-1be5afa2f616</link>
            <guid isPermaLink="false">https://medium.com/p/1be5afa2f616</guid>
            <category><![CDATA[easybroker]]></category>
            <category><![CDATA[novedades]]></category>
            <dc:creator><![CDATA[Isaac Vázquez]]></dc:creator>
            <pubDate>Tue, 05 Jan 2016 23:18:55 GMT</pubDate>
            <atom:updated>2016-12-28T20:04:20.649Z</atom:updated>
            <content:encoded><![CDATA[<figure><img alt="¡Te compartimos los logros con los que cerramos el año!" src="https://cdn-images-1.medium.com/max/730/0*GtkMUh5MFEOyHUK5.png" /></figure><p>El año nuevo nos ha traído muchas ganas de seguir mejorando, especialmente porque 2015 representó muchos cambios y mejoras. Para 2016 tenemos muchos planes que muy pronto te estaremos compartiendo, mientras tanto queremos recordarte lo más destacado de los 12 meses que recién terminaron:</p><ul><li><a href="http://blog.easybroker.com/es/2015-02-te-presentamos-el-nuevo-easybroker/">¡Estrenamos una nueva versión de EasyBroker!</a></li><li><a href="http://blog.easybroker.com/es/2015-02-agregamos-direccion-exacta-dentro-de-la-propiedad/">Mejoramos el campo de dirección para ubicar más fácilmente tus propiedades.</a></li><li><a href="http://blog.easybroker.com/es/2015-03-ve-solo-las-propiedades-que-tienes-disponibles-en-el-listado-de-propiedades/">Logramos que las propiedades cerradas aparezcan en tu inventario sólo cuando las necesitas.</a></li><li><a href="http://blog.easybroker.com/es/2015-05-echa-un-vistazo-a-la-nueva-forma-de-encontrar-propiedades-y-clientes-potenciales/">Creamos la búsqueda por mapa</a>, una característica que ustedes nos habían solicitado y que <a href="http://blog.easybroker.com/es/2015-06-mejoramos-el-mapa-de-propiedades/">nos ayudaron a mejorar</a>.</li><li><a href="http://blog.easybroker.com/es/2015-06-agregamos-nuevos-estatus-para-clientes-potenciales/">Agregamos estatus a los clientes potenciales para ayudarte a dar un mejor seguimiento.</a></li><li>Te ayudamos a organizar <a href="http://blog.easybroker.com/es/2015-06-conoce-el-nuevo-editor-y-organizador-de-etiquetas/">tus etiquetas</a> y <a href="http://blog.easybroker.com/es/2015-05-organiza-y-edita-tus-fuentes-de-clientes-potenciales/">tus fuentes de clientes potenciales</a>.</li><li><a href="http://blog.easybroker.com/es/2015-07-aprovecha-la-nueva-caracteristica-de-interesados/">Estrenamos la sección de<em> Interesados</em></a>.</li><li>Para que puedas crear tu red privada de colaboradores, <a href="http://blog.easybroker.com/es/2015-07-crea-tu-red-privada-y-amplia-tu-oferta-con-la-seccion-de-inmobiliarias/">inauguramos la sección de <em>Inmobiliarias</em></a>.</li><li><a href="http://blog.easybroker.com/es/2015-07-anade-usuarios-extra-a-tu-plan/">Agregar usuarios extra a tu plan ahora es mucho más sencillo.</a></li><li><a href="http://blog.easybroker.com/es/2015-11-mejoraremos-la-vigencia-de-tus-anuncios/">Mejoramos la vigencia de tus anuncios</a> y <a href="http://blog.easybroker.com/es/2015-12-decide-cada-cuando-renovar-tus-anuncios/">te ayudamos a decidir si deseas aprovechar esta característica</a>.</li><li><a href="http://blog.easybroker.com/es/2015-10-mantente-informado-con-el-nuevo-resumen-semanal/">Creamos el resumen semanal para mantenerte informado</a>.</li><li><a href="http://blog.easybroker.com/es/2015-11-busca-propiedades-en-distintos-estados-a-la-vez/">Logramos que las búsquedas de propiedad puedan hacerse en varios estados a la vez.</a></li><li><a href="http://blog.easybroker.com/es/2015-12-asegurate-que-tus-clientes-reciben-tus-fichas-de-propiedad/">Nos aseguramos de que los mails que envías a tus clientes sean entregados.</a></li><li><a href="http://blog.easybroker.com/es/2015-10-estrenamos-la-seccion-aprende/">Inauguramos nuestra videoteca de ayuda en la sección <em>Aprende</em>.</a></li></ul><p>Como pueden ver, tuvimos un año muy ocupado desarrollando estas mejoras, y muchas de ellas fueron ideas que provinieron de ti y de nuestros clientes. Sabemos que contamos con tus consultas y sugerencias para aprovechar que empezamos el 2016 con mucha energía. ¡Déjanos saber qué características te gustaría ver este año en EasyBroker!</p>]]></content:encoded>
        </item>
        <item>
            <title><![CDATA[Conoce los nuevos estatus para tus anuncios en EasyAviso]]></title>
            <link>https://blog.easybroker.com/conoce-los-nuevos-estatus-para-tus-anuncios-en-easyaviso-8dc2ef03e3b</link>
            <guid isPermaLink="false">https://medium.com/p/8dc2ef03e3b</guid>
            <category><![CDATA[novedades]]></category>
            <category><![CDATA[herramientas-tecnológicas]]></category>
            <category><![CDATA[easyaviso]]></category>
            <dc:creator><![CDATA[Isaac Vázquez]]></dc:creator>
            <pubDate>Thu, 10 Dec 2015 18:16:57 GMT</pubDate>
            <atom:updated>2016-12-28T20:04:18.479Z</atom:updated>
            <content:encoded><![CDATA[<figure><img alt="Coloca el estatus correspondiente a cada aviso." src="https://cdn-images-1.medium.com/max/757/0*5KOccU_zne7zmHta.jpg" /></figure><p>Cuando estás promoviendo muchas propiedades es importante que sepas cuál es el estatus de cada una de ellas, especialmente si quieres tener un historial de lo que sigues anunciando, lo que ya vendiste o rentaste y a lo que ya no le darás seguimiento. Llevar un mejor control de tu inventario te permite atender mejor a tus clientes potenciales cuando te pidan información sobre un anuncio en específico, y para ti también representa una mayor organización. Pensando en esto, hemos agregado estatus para tus anuncios en EasyAviso.</p><p>Tus anuncios ahora cuentan con opciones de estatus. Puedes utilizarlos en los siguientes casos:</p><ul><li><strong>Publicado:</strong> indica que este inmueble se está anunciando en EasyAviso y los clientes saben que la propiedad está disponible.</li><li><strong>Reservado:</strong> utiliza este estatus cuando un cliente te ha asegurado que quiere la propiedad y te pide que ya no la anuncies.</li><li><strong>Suspendido:</strong> el inmueble no se va a anunciar más por razones externas a ti. Quizás el propietario original se arrepintió de venderlo, o tú mismo decidiste ya no seguir con el seguimiento.</li><li><strong>Rentado y Vendido:</strong> cuando realizas un cierre exitoso, colócale ese estatus a tus anuncios.</li><li><strong>Cerrado por tercero:</strong> en el sector es común que un mismo inmueble sea promovido por distintos brokers. Si uno de ellos se te adelanta con el cierre, usa este estatus.</li></ul><p>Para poder cambiar los estatus, entra a tu cuenta de EasyAviso y selecciona la opción de <em>Administrar anuncios</em>. En el listado podrás ver cada inmueble junto con su estatus. También puedes cambiarlo directamente en el anuncio.</p><p>Recuerda: sólo los anuncios con el estatus de Publicado son visibles para todas las personas. Los otros estatus te sirven para que lleves un mejor control de lo que anuncias, lo que vendes, lo que rentas y lo que reservas. ¡Esperamos que los nuevos estatus conviertan a EasyAviso en una excelente herramienta de difusión y organización de tu inventario de propiedades!</p>]]></content:encoded>
        </item>
        <item>
            <title><![CDATA[Decide si quieres renovar automáticamente tus anuncios]]></title>
            <link>https://blog.easybroker.com/decide-si-quieres-renovar-autom%C3%A1ticamente-tus-anuncios-af7a9570098c</link>
            <guid isPermaLink="false">https://medium.com/p/af7a9570098c</guid>
            <category><![CDATA[gestión-de-inmuebles]]></category>
            <category><![CDATA[easybroker]]></category>
            <dc:creator><![CDATA[Isaac Vázquez]]></dc:creator>
            <pubDate>Tue, 08 Dec 2015 17:33:38 GMT</pubDate>
            <atom:updated>2016-12-28T20:04:42.365Z</atom:updated>
            <content:encoded><![CDATA[<figure><img alt="Tú decides si tus anuncios se dan de baja automáticamente" src="https://cdn-images-1.medium.com/max/528/0*ep-JlCzIo9qNCFP4.jpg" /></figure><p>Hace unas semanas realizamos un cambio para mejorar la vigencia de tus anuncios. Como recibimos sus sugerencias y observaciones respecto a esta característica, decidimos hacer que esta característica sea opcional. Ahora tú puedes decidir si quieres que tus anuncios que cumplen 120 días se den de baja automáticamente o no con un sólo clic.</p><p>Para poder elegirlo, debes entrar a la sección de <em>Empresa</em>, dentro del menú de <em>Configuraciones</em>. Una vez ahí, verás la opción de <em>Baja de anuncios</em> en la sección de <em>Otras Opciones</em>, casi al final de la página. Si quitas la palomita de la casilla, tus propiedades no se darán de baja cada 120 días. Esto te permitirá tener tiempo para hacer los ajustes necesarios en tu inventario antes de volver a activarla, o si definitivamente es una característica que no te conviene o no te da tiempo de revisar tu inventario periódicamente puedes dejarla inactiva.</p><p>Esta opción la creamos precisamente por los comentarios que recibimos y queremos asegurarnos que te parece bien que sea opcional. Recuerda que siempre puedes <a href="https://www.easybroker.com/es/contact">contactarnos</a> para compartirnos tu opinión. ¡Nos encantará escucharte!</p>]]></content:encoded>
        </item>
        <item>
            <title><![CDATA[¡Asegúrate que tus clientes reciben tus fichas de propiedad!]]></title>
            <link>https://blog.easybroker.com/aseg%C3%BArate-que-tus-clientes-reciben-tus-fichas-de-propiedad-12eb1c62c683</link>
            <guid isPermaLink="false">https://medium.com/p/12eb1c62c683</guid>
            <category><![CDATA[gestión-de-inmuebles]]></category>
            <category><![CDATA[novedades]]></category>
            <category><![CDATA[easybroker]]></category>
            <category><![CDATA[email]]></category>
            <dc:creator><![CDATA[Isaac Vázquez]]></dc:creator>
            <pubDate>Fri, 04 Dec 2015 19:13:16 GMT</pubDate>
            <atom:updated>2016-12-28T20:04:10.722Z</atom:updated>
            <content:encoded><![CDATA[<figure><img alt="Entérate cuando tus clientes no reciben tus emails" src="https://cdn-images-1.medium.com/max/510/0*o9j3lT0kLWc5hxMa.jpg" /></figure><p>Es posible que te haya ocurrido: un cliente te pide que le envíes una ficha de propiedad, se la envías desde EasyBroker y tiempo después al preguntarle si la recibió te dice que su correo está lleno y no se había dado cuenta. Para que tú mismo puedas saber cuando eso ocurre y puedas dar un servicio al cliente aún más extraordinario, ahora te avisamos cuando una ficha de propiedad es rechazada por el email de tu cliente.</p><p>Ahora cada que envíes una ficha de propiedad a un mail que no la recibe, EasyBroker te avisará a través de un correo electrónico y una alerta en el historial para que estés al tanto que tu mail no pudo ser recibido. Las razones por las que esto puede suceder es porque el mail de tu cliente se ha llenado, porque tienen tu correo marcado como spam o porque la dirección es incorrecta.</p><figure><img alt="Ve en el historial cuando un mail rebota." src="https://cdn-images-1.medium.com/max/510/0*-cVZBV5zQM_Dwy8s.jpg" /></figure><p>La ventaja es que tú te enterarás inmediatamente cuando tu cliente no recibe tus mensajes y podrás llamarle y pedirle una dirección alterna de correo electrónico, e incluso podrás decirle las posibles razones para que verifiquen que todo está bien con sus correos. ¡De esa manera dejarás muy claro que estás al pendiente de la comunicación con tus clientes y estás ahí para ayudarles!</p><p>Esperamos que esta característica te sea útil. Si tienes más sugerencias por favor escríbenos.</p>]]></content:encoded>
        </item>
        <item>
            <title><![CDATA[¡Busca propiedades en distintos estados a la vez!]]></title>
            <link>https://blog.easybroker.com/busca-propiedades-en-distintos-estados-a-la-vez-d42128bec08f</link>
            <guid isPermaLink="false">https://medium.com/p/d42128bec08f</guid>
            <category><![CDATA[gestión-de-inmuebles]]></category>
            <category><![CDATA[novedades]]></category>
            <category><![CDATA[red-de-easybroker]]></category>
            <category><![CDATA[easybroker]]></category>
            <dc:creator><![CDATA[Isaac Vázquez]]></dc:creator>
            <pubDate>Wed, 25 Nov 2015 01:37:10 GMT</pubDate>
            <atom:updated>2018-09-07T23:51:48.513Z</atom:updated>
            <content:encoded><![CDATA[<figure><img alt="" src="https://cdn-images-1.medium.com/max/421/1*a7vPiU1t4KuRtXKousgAWA.png" /></figure><p>Queremos anunciarles un cambio que nos habían pedido en varias ocasiones: ahora ya es posible crear búsquedas guardadas y en la Red de EasyBroker en colonias sin importar el estado o provincia del país en el que se encuentren. Esta sugerencia proviene directamente de ustedes, nuestros clientes, que nos hicieron notar que sería más práctico realizar este cambio.</p><p>Anteriormente si necesitaban buscar propiedades en ciudades o colonias en distintos estados tenían que crear dos o más búsquedas. Para ahorrarles tiempo ahora pueden hacerlo en una sola.</p><p>Esto será muy útil para ciudades que se han expandido sobre dos entidades distintas, como la de la Ciudad de México, o ciudades como Torreón, que tienen parte de su zona metropolitana en otro estado, en este caso Gomez Palacio, Durango. Esperamos que este cambio sea de su agrado, y recuerden que siempre pueden sugerirnos más mejoras para actualizar EasyBroker.</p>]]></content:encoded>
        </item>
        <item>
            <title><![CDATA[¡Mejoraremos la vigencia de tus anuncios!]]></title>
            <link>https://blog.easybroker.com/mejoraremos-la-vigencia-de-tus-anuncios-6faace808388</link>
            <guid isPermaLink="false">https://medium.com/p/6faace808388</guid>
            <category><![CDATA[easybroker]]></category>
            <category><![CDATA[gestión-de-inmuebles]]></category>
            <dc:creator><![CDATA[Isaac Vázquez]]></dc:creator>
            <pubDate>Fri, 06 Nov 2015 00:35:22 GMT</pubDate>
            <atom:updated>2016-12-28T20:05:45.916Z</atom:updated>
            <content:encoded><![CDATA[<figure><img alt="Utiliza el filtro de baja del anuncio" src="https://cdn-images-1.medium.com/max/528/0*kVH5qLS0J0_xfaL1.jpg" /></figure><p>Para que tus anuncios siempre estén actualizados, se muestren sin problemas en los portales y tengan una mejor vigencia, te compartimos el proceso que estamos llevando a cabo para brindarte una mayor exposición.</p><p>Con el propósito de que tu inventario siempre esté actualizado, cada semana se despublicarán las propiedades cuyo anuncio tenga más de 120 días de estar publicado. Es decir, si una propiedad se publica y no se realizan cambios, a los cuatro meses su estatus pasará automáticamente de <em>Publicada</em> a <em>Activa sin publicar</em>. Para ayudarte a detectar qué propiedades se dieron de baja puedes utilizar el nuevo filtro de <em>Fecha de baja del anuncio</em>.</p><p>Este cambio es para mejorar la calidad y la vigencia de los anuncios en los portales afiliados, lo que significa mayor exposición para tus propiedades. Además, si tienes un inventario muy grande puede ser que llegues a olvidarte de alguno de tus inmuebles, por lo que esta característica nueva te ayudará a que eso no suceda.</p><p>Finalmente, como los portales inmobiliarios en los que te publicamos a veces hacen cambios internos y nos piden implementar nuevos campos o cambiar el formato de los que ya tenemos, con esta nueva función tus propiedades antiguas no se quedarán rezagadas pues te mostraremos en un mensaje cuáles son los campos nuevos que hay que agregar, lo que hará que tus propiedades se muestren de mejor manera en los portales afiliados.</p><p>Para que no tengas que estar al pendiente de cuáles propiedades se despublicaron, te enviaremos un email informándote qué anuncios se dieron de baja en cuanto cumplan los 120 días. De esa manera siempre sabrás qué propiedades debes volver a publicar. Sabemos que este es un cambio muy grande y puede generarte preguntas, por lo que antes de realizarlo queremos saber tu opinión al respecto. Siéntete libre de <a href="https://www.easybroker.com/es/contact">contactarnos</a> y expresarnos tus dudas o inquietudes.</p>]]></content:encoded>
        </item>
        <item>
            <title><![CDATA[Selecciona qué propiedades compartirás en los sitios de tus colaboradores]]></title>
            <link>https://blog.easybroker.com/selecciona-qu%C3%A9-propiedades-compartir%C3%A1s-en-los-sitios-de-tus-colaboradores-e9bc98473406</link>
            <guid isPermaLink="false">https://medium.com/p/e9bc98473406</guid>
            <category><![CDATA[gestión-de-inmuebles]]></category>
            <category><![CDATA[novedades]]></category>
            <category><![CDATA[easybroker]]></category>
            <dc:creator><![CDATA[Isaac Vázquez]]></dc:creator>
            <pubDate>Mon, 02 Nov 2015 22:20:01 GMT</pubDate>
            <atom:updated>2018-09-08T00:01:04.728Z</atom:updated>
            <content:encoded><![CDATA[<p>Recordarás que hace poco agregamos la sección de <em>Inmobiliarias</em>, en la que puedes crear tu propia red privada para poder anunciar en tu sitio web las propiedades de tus colaboradores. Habíamos recibido muchos comentarios sobre esta cuestión, y decidimos agregar una característica que te permitirá tener un mejor control de esto. Ahora sólo se anunciarán en los sitios web de tus colaboradores aquellas propiedades en las que sí compartes comisión. Es decir, si tu colaborador está anunciando tus propiedades en su sitio web, ahora ya sólo aparecerán aquellas en las que indicaste que sí compartes comisión en las <em>Opciones de colaboración</em>, dentro del formulario con los datos de la propiedad.</p><figure><img alt="" src="https://cdn-images-1.medium.com/max/621/1*DZA6_CxJSztGf7gd2AmjmA.png" /></figure><p>De esta manera tú y tus colegas tendrán mayor facilidad para anunciar en sus respectivos sitios web las propiedades que realmente quieren compartir. Esto funcionará mucho para esos inmuebles que no quieres que aparezcan en otra página más que en la tuya.</p><p>Si quieres aprender más sobre anunciar las propiedades de tus colaboradores y sobre la sección de <em>Inmobiliarias</em>, te recomendamos leer <a href="http://blog.easybroker.com/es/2015-07-crea-tu-red-privada-y-amplia-tu-oferta-con-la-seccion-de-inmobiliarias/">Crea tu red privada y amplía tu oferta con la sección de Inmobiliarias</a>.</p>]]></content:encoded>
        </item>
        <item>
            <title><![CDATA[¡Mantente informado con el nuevo resumen semanal!]]></title>
            <link>https://blog.easybroker.com/mantente-informado-con-el-nuevo-resumen-semanal-1551061d3edd</link>
            <guid isPermaLink="false">https://medium.com/p/1551061d3edd</guid>
            <category><![CDATA[email]]></category>
            <category><![CDATA[novedades]]></category>
            <category><![CDATA[easybroker]]></category>
            <dc:creator><![CDATA[Isaac Vázquez]]></dc:creator>
            <pubDate>Fri, 30 Oct 2015 01:11:38 GMT</pubDate>
            <atom:updated>2016-12-28T20:04:39.447Z</atom:updated>
            <content:encoded><![CDATA[<figure><img alt="Te presentamos el nuevo resumen semanal" src="https://cdn-images-1.medium.com/max/548/0*7YNE5czoIYoh2tMe.jpg" /></figure><p>Para ayudarte a estar al tanto de cómo va tu inmobiliaria y tu equipo queremos informarte semana a semana tus estadísticas más importantes en un resumen semanal. Cada lunes te brindaremos datos que te ayudarán a evaluar el desempeño de tu equipo y el interés generado por las propiedades que publicas.</p><p>El resumen semanal incluye las solicitudes de información realizadas, los contactos agregados, las tareas creadas y las propiedades subidas. Te diremos también cuántos clientes potenciales tienen el status de nuevo para que puedas contactarlos y te diremos de qué sitio viene la mayoría de ellos.</p><figure><img alt="Mantente al tanto de todo lo que sucede en tu inmobiliaria" src="https://cdn-images-1.medium.com/max/558/0*SioVp2xi7XDzhPbP.jpg" /></figure><p>También sabrás cuáles de tus propiedades están captando más la atención de tus clientes, lo que es especialmente útil para informarle al propietario cuanto te pregunte qué tal va el negocio o mejorar la calidad de tu inventario con propiedades similares a las que te traen más clientes potenciales.</p><p>Este email se enviará al usuario que está señalado como el propietario de la cuenta y a los administradores. El resumen estará disponible para ti cada semana con información actualizada, para que estés al tanto de los detalles de tu negocio y puedas leerlo rápida y fácilmente. ¡Esperamos que esta característica te guste!</p>]]></content:encoded>
        </item>
    </channel>
</rss>