<?xml version="1.0" encoding="UTF-8"?><rss xmlns:dc="http://purl.org/dc/elements/1.1/" xmlns:content="http://purl.org/rss/1.0/modules/content/" xmlns:atom="http://www.w3.org/2005/Atom" version="2.0" xmlns:cc="http://cyber.law.harvard.edu/rss/creativeCommonsRssModule.html">
    <channel>
        <title><![CDATA[EasyBroker - Medium]]></title>
        <description><![CDATA[Consejos, noticias y mejores prácticas para hacer más competitiva tu inmobiliaria. - Medium]]></description>
        <link>https://blog.easybroker.com</link>
        <image>
            <url>https://cdn-images-1.medium.com/proxy/1*TGH72Nnw24QL3iV9IOm4VA.png</url>
            <title>EasyBroker - Medium</title>
            <link>https://blog.easybroker.com</link>
        </image>
        <generator>Medium</generator>
        <lastBuildDate>Mon, 03 Dec 2018 18:45:57 GMT</lastBuildDate>
        <atom:link href="https://blog.easybroker.com/feed" rel="self" type="application/rss+xml"/>
        <webMaster><![CDATA[yourfriends@medium.com]]></webMaster>
        <atom:link href="http://medium.superfeedr.com" rel="hub"/>
        <item>
            <title><![CDATA[Cuales son los mejores software para inmobiliarias?]]></title>
            <link>https://blog.easybroker.com/cuales-son-los-mejores-software-para-inmobiliarias-b35d5db3b9a5</link>
            <guid isPermaLink="false">https://medium.com/p/b35d5db3b9a5</guid>
            <category><![CDATA[reseñas-de-software]]></category>
            <dc:creator><![CDATA[Isaac Vázquez]]></dc:creator>
            <pubDate>Mon, 26 Oct 2009 22:03:25 GMT</pubDate>
            <atom:updated>2016-12-28T20:04:19.852Z</atom:updated>
            <content:encoded><![CDATA[<p>Recopilé una lista de cuales son las diferentes soluciones de software para bienes raíces que están disponibles, con el fin de ayudar a nuestros clientes a conocer y tomar una decisión informada sobre como elegir el producto adecuado. Nosotros somos muy abiertos con nuestras opiniones (tal vez demasiado) así que incluso he añadido algunos sinceros comentarios.</p><figure><img alt="Real Estate Software" src="https://cdn-images-1.medium.com/max/351/0*NLYTZtMWispgWhaV.png" /></figure><p>Limité la lista a soluciones de software para bienes raíces que o bien proporcionan <a href="http://www.easybroker.com/es/crm-para-inmobiliarias">CRM</a> (Customer Relationship Management), y/o un software para crear y administrar un sitio web de bienes raíces. Solo se enumeran los productos que tienen un CRM , si proporcionan algunas herramientas básicas de gestión de clientes, contactos, tareas y comunicaciones.</p><p>Así mismo, limité la lista a solo aquellos productos diseñados específicamente para la industria de los bienes raíces. Hay muchos CRM’s genéricos y herramientas para la creación de sitios web pero quiero mantener la lista enfocada en software especifico de gestión inmobiliaria</p><p><strong>He aquí una rápida revisión de algunos que consideré que valía la pena probar y examinar:</strong></p><p>Por supuesto que sabia que iba a incluir <a href="http://www.easybroker.com/es/">EasyBroker</a>. Pienso que es este es una gran solución para equipos de trabajo, fácil de usar y usted puede crear un sitio web profesional automaticamente optimizado para los motores de búsqueda. Carece de boletines de correo electrónico y correos por goteo (<a href="http://en.wikipedia.org/wiki/E-mail_drip_marketing">drip emails</a>) en la parte de comercialización y marketing y seria grandioso si este proporcionara una forma de añadir campos adicionales personalizados y sincronizar contactos.</p><p><a href="http://www.topproducer.com/">Top Producer 8i </a>es probablemente la solución mas completa, se lleva todos los aplausos y silbidos con todas las herramientas que podrías querer, sin embargo no es barato y desde mi perspectiva parece tener una empinada curva de aprendizaje para empezar.</p><p><a href="http://agent.point2.com/">Point2 Agent</a> es una aplicación web a un precio razonable que incluye algunas herramientas de marketing de gran alcance como el poder enviar correos por goteo o informativos y anuncios de publicación. Encontré que la parte del CRM es un poco torpe y los sitios web que puede crear son bastante feos pero podría ser bueno para usted si solo le interesa la parte del marketing excluyendo el sitio web.</p><p>Si usted no necesita o no quiere un software que este integrado con su sitio web y prefiere instalar aplicaciones en su computador personal entonces <a href="http://www.act.com/products/realestate/index.cfm">Act! For Real Estate 11</a> y <a href="http://www.realestatesuccesstools.com/">Real Estate Success Tools</a> son dos soluciones que valen la pena explorar. <a href="http://www.realestatesuccesstools.com/">Real Estate Success Tools</a> también es la única solución instalable que encontré que puede usar en Mac.</p><p><a href="www.vflyer.com/">vFlyer</a> es una buena solución para el envio de flyers y publicación de tus anuncios de propiedades en varios sitios web. También es genial si quiere construir sitios webs individuales para cada una de sus anuncios.</p><p>Creé esta lista basándome principalmente en conversaciones con agentes de bienes raíces y por busquedas en Google, así que estoy seguro que omití algunas, tampoco fui capaz de poner a prueba todos los productos mencionados a continuación pero probé aquellos que pensé que parecían ser los más prometedores y que podría tratar sin necesidad de comprar. Si desea añadir un producto a la lista por favor déjeme un comentario mencionando el producto junto con la información de cada columna de la tabla de software para inmobiliarias.</p><p>[table id=2 /]</p><p><strong>Recursos</strong></p><ul><li><a href="http://www.easybroker.com/blog/2009-10-real-estate-software-reviews/">Real Estate Software Reviews</a> (La entrada original en inglés)</li></ul>]]></content:encoded>
        </item>
        <item>
            <title><![CDATA[Novedades: Nueva plantilla, email de propiedades y etiquetar multiples propiedades]]></title>
            <link>https://blog.easybroker.com/novedades-nueva-plantilla-email-de-propiedades-y-etiquetar-multiples-propiedades-94a8ff5b7499</link>
            <guid isPermaLink="false">https://medium.com/p/94a8ff5b7499</guid>
            <category><![CDATA[easybroker]]></category>
            <category><![CDATA[email]]></category>
            <category><![CDATA[novedades]]></category>
            <dc:creator><![CDATA[Isaac Vázquez]]></dc:creator>
            <pubDate>Wed, 07 Oct 2009 13:02:02 GMT</pubDate>
            <atom:updated>2016-12-28T20:04:39.395Z</atom:updated>
            <content:encoded><![CDATA[<figure><img alt="La nueva plantilla Archetype" src="https://cdn-images-1.medium.com/max/500/0*8DhBU9h9CNMg8wfP.png" /></figure><p>Ha sido bastante el tiempo que ha pasado desde nuestro último boletín de noticias pero les aseguro que hemos estado ocupados agregando muchas funcionalidades nuevas y mejoras.</p><p>Hemos mejorado nuestras plantillas existentes para crear los sitios web y hemos creado una plantilla nueva llamada Archetype. Agregamos filtros de búsqueda facilitandoles a los visitantes de su sitio web la búsqueda de las propiedades que quieren. Los filtros de búsqueda también han sido optimizados para garantizar que en los motores de búsqueda (Google, Yahoo, Bing, etc) sus propiedades sean más propensas a aparecer en los resultados de búsqueda. Usted puede ahora escoger cuales propiedades destacadas le gustaría incluir para que aparezcan en la presentación de su pagina de inicio e incluso puede editar los menús y los pies de paginas de su sitio web con nuestro nuevo editor de menú.</p><figure><img alt="Filtrar sus resultados" src="https://cdn-images-1.medium.com/max/500/0*e0SNEA2-bX8cjCQQ.png" /></figure><p>La plantilla nueva Archetype, tiene un aspecto sofisticado con un estilo diferente de las anteriores plantillas. Para mirar la nueva plantilla debe ir a la pagina de Editor del Sitio para su sitio web. Tenga en cuenta que usted siempre puede cambiar su estilo de plantilla si quisiera darle a su sitio web una nueva apariencia.</p><p>También hemos completado la caracteristica mas solicitada en nuestro buzón de sugerencias <a href="http://feedback.easybroker.com">feedback.easybroker.com</a>: enviar emails de propiedades directamente desde su cuenta de EasyBroker. Para enviar a sus clientes un correo electrónico con resumenes e imagenes de sus propiedades, abra la pagina Propiedades en su cuenta de EasyBroker, seleccione varias propiedades y a continuación haga click en el boton Email. EasyBroker adjunta ese correo electrónico al historial de su contacto en EasyBroker y de esta manera puede llevar fácilmente un registro de las propiedades que ha enviado a sus clientes. Usted también puede enviar correos de una propiedad dando click en el boton de email, que se encuentra en la barra donde se sitúan las opciones de eliminar o editar una propiedad.</p><figure><img alt="Enviar email de sus propiedades" src="https://cdn-images-1.medium.com/max/500/0*oEXq6PRgTm5BV5uI.png" /></figure><p>Ahora puede agregar o quitar etiquetas a multiples propiedades, clientes potenciales, contactos o reservas de esta manera puede organizar y categorizar todo un grupo a la vez. En cualquier pagina de resultado de busqueda (de propiedad, contacto cliente) seleccione los elementos a los que quiera agregar o quitar etiquetas, a continuación haga click en el campo de etiquetas que se encuentra encima de los resultados de busqueda y seleccione la etiqueta que desea añadir o quitar.</p><p>Los planes Boutique, Pro y Enterprises ahora le permiten gestionar una cantidad ilimitada de propiedades por el mismo precio.</p><p>Disfrute de las nuevas características y háganos saber si hay algo más que podamos hacer para ayudarle a ser más exitoso.</p>]]></content:encoded>
        </item>
        <item>
            <title><![CDATA[Publique sus propiedades alquiladas y vendidas en su sitio web]]></title>
            <link>https://blog.easybroker.com/publique-sus-propiedades-alquiladas-y-vendidas-en-su-sitio-web-411890c7575a</link>
            <guid isPermaLink="false">https://medium.com/p/411890c7575a</guid>
            <category><![CDATA[novedades]]></category>
            <category><![CDATA[easybroker]]></category>
            <dc:creator><![CDATA[Isaac Vázquez]]></dc:creator>
            <pubDate>Tue, 28 Jul 2009 21:18:11 GMT</pubDate>
            <atom:updated>2016-12-28T20:05:22.214Z</atom:updated>
            <content:encoded><![CDATA[<figure><img alt="Editar el estado de la propiedad" src="https://cdn-images-1.medium.com/max/356/0*VREeKxFUjyZdLU3k.jpg" /></figure><p>Ahora puede publicar propiedades vendidas o alquiladas en su sitio web. Cualquier propiedad puede ser cerrada seleccionando <em>Alquilada</em> o <em>Vendida</em> desde el campo desplegable de selección ubicado en la página de edición de la propiedad. También podrá seleccionar la <em>Fecha de cierre</em>, que se define por defecto al día actual.</p><p>Las propiedades vendidas o alquiladas no apareceran en la red de EasyBroker ni en los sitio afiliados, <a href="http://www.moveglobally.com/es/home">MoveGlobally.com</a> y <a href="http://www.trovit.com/">Trovit</a>, pero si la propiedad esta activa si permancerá publicada en su sitio web. Cuando cierre una propiedad y guarde los cambios, una etiqueta roja aparecerá en la imagen de la propiedad identificandola como vendida o alquilada. Esta etiqueta aparece en su sitio web y también dentro de EasyBroker para ayudarle a identificar cuales propiedades hayan sido cerradas.</p><p>[caption id=”attachment_370&quot; align=”aligncenter” width=”527&quot; caption=”Propiedad activa que haya sido vendida en el sitio del agente”]</p><figure><img alt="Propiedad vendida y activa en el sitio del agente" src="https://cdn-images-1.medium.com/max/527/0*HsJIlTyL41oowyh7.png" /></figure><p>[/caption]</p>]]></content:encoded>
        </item>
        <item>
            <title><![CDATA[Novedades: alertas, informes diarios, búsquedas guardadas y más]]></title>
            <link>https://blog.easybroker.com/novedades-alertas-informes-diarios-b%C3%BAsquedas-guardadas-y-m%C3%A1s-8a4de5d77876</link>
            <guid isPermaLink="false">https://medium.com/p/8a4de5d77876</guid>
            <category><![CDATA[novedades]]></category>
            <category><![CDATA[easybroker]]></category>
            <dc:creator><![CDATA[Isaac Vázquez]]></dc:creator>
            <pubDate>Fri, 24 Jul 2009 20:20:39 GMT</pubDate>
            <atom:updated>2016-12-28T20:04:13.154Z</atom:updated>
            <content:encoded><![CDATA[<p>Este último mes hemos estado muy ocupados mejorando EasyBroker y lanzando funcionalidades nuevas. A continuación les doy un resumen de estas novedades para mantenerlos actualizados.</p><p><strong>Investigue su mercado y comparta comisiones</strong></p><p>Recién lanzamos la red de EasyBroker, una red de todos los clientes que publican sus propiedades con EasyBroker. Puede buscar las propiedades de cualquier agencia que ha optado publicar sus propiedades en la red. Para publicar una propiedad en la red de EasyBroker, simplemente tiene que hacer click en la casilla de verificación llamada “Publique en la red de EasyBroker y en los sitios afiliados” que se encuentra en la página de edición de propiedades. Puede buscar en la red de EasyBroker haciendo click en la pestaña llamada Red de EasyBroker en la página de propiedades. La red de EasyBroker hace más facil trabajar con otras agencias, compartir comisiones, o simplemente investigar los precios para un mercado en particular.</p><figure><img alt="Red de EasyBroker " src="https://cdn-images-1.medium.com/max/528/0*Q8ck9EXsbuLtNGkX.jpg" /></figure><p><strong>Búsquedas Guardadas</strong></p><p>Alguna vez olvidó que era lo que queria un cliente? O quizas esta harto de tener que buscar cada vez nuevas propiedades que le puedan interesar a un cliente? Ahora puede guardar búsquedas que especifican exactamente lo que sus clientes quieren, y puede recibir informes diarios cada vez que usted publique una propiedad en EasyBroker que coincide con una búsqueda guardada. Este informe diario también incluye las nuevas propiedades publicadas por otras agencias que pertenecen a la red de EasyBroker.</p><p>Para guardar una búsqueda para un cliente, simplemente cree un Cliente Potencial y especifique qué esta buscando su cliente en la pestaña de Búquesdas de propiedades en la página de resumen para ese nuevo cliente potencial. Cada mañana EasyBroker le mandará un correo con todas las propiedades recién publicadas que coincidan con las búquedas de sus clientes. Nunca más perderá la oportunidad de vender o alquilar una propiedad porque olvidó qué quería un cliente o porque las nuevas propiedades publicadas se le pasaron por alto.</p><p><strong>No se olvide de sus tareas</strong></p><p>Ahora EasyBroker le envia un aviso 15 minutos antes de que se cumpla una tarea, y un informe diario con todas las tareas atrasadas o agendadas para ese día.</p><p><strong>Vende, alquile a largo plazo, y alquile de forma temporaria todo al mismo tiempo</strong></p><p>A pedido del público ahora puede crear propiedades con multiples tipos de listado. Ya no es necesario crear multiples propiedades para publicar la misma propiedad bajo otro tipo de listado. Ahora la misma propiedad puede ser publicada para la venta, alquiler a largo plazo, y alquiler temporario.</p><p><strong>Cierre esas propiedades</strong></p><p>Ahora puede cerrar propiedades y etiquetarlas como VENDIDA o ALQUILADA para sus registros y para que sus clientes puedan ver cuales propiedades ha cerrado recientemente. Deje las propiedades que haya cerrado como activas si las quiere publicar en su sitio con la etiqueta de VENDIDA o ALQUILADA en la imagen de la propiedad en los resultados de búsqueda.</p><figure><img alt="Propiedad alquilada" src="https://cdn-images-1.medium.com/max/421/0*09ihFTkPXq0If_Pi.jpg" /></figure><p><strong>Ayudenos a mejorar EasyBroker</strong></p><p>Ahora usted puede votar por las funcionalidades que le gustaría ver agredadas, proponer unas nuevas, enterarse de que estamos trabajando, y mandarnos informes de defectos a través de <a href="http://feedback.easybroker.com">http://feedback.easybroker.com</a>. Ayudenos a mejorar EasyBroker dandonos sugerencias que nos faciliten elegir en que enfocarnos.</p><p>Muchas gracias por el feedback del último lanzamiento.</p><p>Que disfrute de las funcionalidades nuevas!</p>]]></content:encoded>
        </item>
        <item>
            <title><![CDATA[Sitios de Alquileres Temporarios para propietarios y administradores]]></title>
            <link>https://blog.easybroker.com/sitios-de-alquileres-temporarios-para-propietarios-y-administradores-3059b151d21f</link>
            <guid isPermaLink="false">https://medium.com/p/3059b151d21f</guid>
            <category><![CDATA[consejos]]></category>
            <dc:creator><![CDATA[Isaac Vázquez]]></dc:creator>
            <pubDate>Mon, 08 Jun 2009 20:41:41 GMT</pubDate>
            <atom:updated>2016-12-28T20:04:04.635Z</atom:updated>
            <content:encoded><![CDATA[<p>Hay una gran cantidad de sitios donde puede publicar su alquiler temporario, y cada día surgen más. <a href="http://www.compareownerholidayrentals.com/">CompareOwnerHolidayRentals.com</a> publicó una lista bastante extensa de sitios, pero cuando intenté agregar nuestro sitio <a href="http://www.moveglobally.com">MoveGlobally.com</a>, descubrí que cobran $110 dólares anuales para aparecer en la lista. Es posible agregar un enlace en la sección de “Other Vacation Rentals”, pero para figurar como un sitio “importante” es necesario pagar.</p><p>Entonces decidí compilar mi propia lista. No es necesario pagar ni proveer un enlace a nuestro blog para aparecer en la lista, aunque si lo hiciera estaría muy agradecido.</p><p>Los precios son del plan más económico ofrecido por cada sitio, y para facilitar la comparación, cuando fue posible calculé el precio anual.</p><p>Si usted tiene un sitio con un mínimo de 100 propiedades, y permite que otros propietarios o administradores de propiedades publiquen en el, déje un comentario y será agregado a la lista.</p><p>Si encuentra una lista completa de alquileres temporarios o reseñas de sitios de alquileres temporarios, por favor avíseme.</p><p>Vea la lista completa en el artículo en inglés en <a href="http://www.easybroker.com/blog/2009-06-vacation-rental-websites-for-owners-and-property-managers/">Vacation Rental Websites for Owners and Property Managers</a>.</p>]]></content:encoded>
        </item>
        <item>
            <title><![CDATA[Nuevas Características: Rediseño del Editor del Sitio, Portugúes y otras Mejoras]]></title>
            <link>https://blog.easybroker.com/nuevas-caracter%C3%ADsticas-redise%C3%B1o-del-editor-del-sitio-portug%C3%BAes-y-otras-mejoras-a1b36d1b08ef</link>
            <guid isPermaLink="false">https://medium.com/p/a1b36d1b08ef</guid>
            <category><![CDATA[novedades]]></category>
            <category><![CDATA[easybroker]]></category>
            <dc:creator><![CDATA[Isaac Vázquez]]></dc:creator>
            <pubDate>Tue, 02 Jun 2009 16:49:19 GMT</pubDate>
            <atom:updated>2016-12-28T20:04:31.723Z</atom:updated>
            <content:encoded><![CDATA[<figure><img alt="Nuevo Editor del Sitio" src="https://cdn-images-1.medium.com/max/473/0*v89qBKOHE9rxGtM8.png" /></figure><p>Este último mes nos hemos dedicado a rediseñar el Editor del Sitio y mejorar el soporte para incluir más idiomas. El nuevo Editor del Sitio le permite crear un sitio web de bienes raíces en múltiples idiomas e integrarla con la información de su cuenta de EasyBroker rápida y sencillamente. Puede crear y administrar su sitio sin tener conocimiento de HTML ni contratar a un diseñador.</p><p>Hemos incluido dos diseños y varias paletas de colores para que pueda personalizar su página. Vamos a agregar más diseños en el futuro próximo, y si usted tiene especificaciones de diseño, también ofrecemos diseños personalizados. Puede elegir un diseño desde la opción Configuraciones del Editor del Sitio.</p><p>La sección Archivos ahora le da una vista previa de las imágenes subidas para facilitar la búsqueda de imágenes. También puede agregar imágenes a sus páginas y ajustar el tamaño directamente desde el Editor del Sitio.</p><p>Hemos agregado soporte en portugués al listado de propiedades y al Editor del Sitio para que pueda publicar su página en portugués. Precisa otro idioma? Avísenos. Ahora es mucho mas fácil agregar idiomas adicionales.</p><p>Ahora también puede</p><ul><li>Ver todas las imágenes de una propiedad desde la página de resumen de la propiedad</li><li>Editar rápidamente los resultados de su búsqueda, sin tener que ir a la página de resumen para un Contacto, Propiedad, Reserva de Alquiler, u Oportunidad dado</li><li>Editar sus propiedades desde la nueva Página de Propiedades mejorada</li><li>Ocultar la pantalla de bienvenida</li><li>Ver un vídeo desde la pantalla de bienvenida con la informacíon necesaria para ayudarlo a empezar</li></ul><p>En el futuro próximo vamos a publicar otros vídeo tutoriales para orientarle con las varias funcionalidades de Easybroker, incluyendo al nuevo Editor del Sitio.</p>]]></content:encoded>
        </item>
        <item>
            <title><![CDATA[Nuevas características: Mejoras de oportunidades y contactos]]></title>
            <link>https://blog.easybroker.com/nuevas-caracter%C3%ADsticas-mejoras-de-oportunidades-y-contactos-f8d2de297b86</link>
            <guid isPermaLink="false">https://medium.com/p/f8d2de297b86</guid>
            <category><![CDATA[novedades]]></category>
            <category><![CDATA[easybroker]]></category>
            <dc:creator><![CDATA[Isaac Vázquez]]></dc:creator>
            <pubDate>Tue, 07 Apr 2009 20:20:51 GMT</pubDate>
            <atom:updated>2016-12-28T20:03:56.737Z</atom:updated>
            <content:encoded><![CDATA[<p>[caption id=”attachment_235&quot; align=”aligncenter” width=”467&quot; caption=”Realces de nueva oportunidad”]</p><figure><img alt="Realces de nueva oportunidad" src="https://cdn-images-1.medium.com/max/467/0*Ej15Z4NtxX3WO6vI.png" /></figure><p>[/caption]</p><p>Hemos emprolijado las oportunidades un poco para hacer que sus clientes potenciales sean más fáciles de administrar. Usted ahora debe asociar un cliente potencial con cada oportunidad y la información del cliente potencial se muestra en la oportunidad de manera que usted no tenga que ir de atrás para adelante entre la oportunidad y el contacto. Cualquier nueva oportunidad es resaltada para que usted pueda fácilmente encontrar cuales oportunidades necesitan ser trabajadas.</p><p>Las oportunidades también tienen una insignia de estado la cual le permite rápidamente cambiar de estado de una oportunidad en particular sin dejar la página de oportunidad.</p><p>La insignia del estado contiene los próximos campos</p><ul><li>Asignada a</li><li>Paso</li><li>Probabilidad</li><li>Urgencia</li><li>[caption id=”attachment_233&quot; align=”alignright” width=”236&quot; caption=”Insignia de estado de oportunidad”]</li></ul><figure><img alt="Insignia de estado de oportunidad" src="https://cdn-images-1.medium.com/max/236/0*BwnELLO8wEW5WQfO.png" /></figure><ul><li>[/caption]</li></ul><p>Probabilidad y Urgencia son nuevos campos los cuales le permiten determinar cuales clientes potenciales usted tiene mayor probabilidad de convertir y cuando es posible que los convierta.</p><p>Usted también puede agregar y editar fuentes de clientes potenciales sobre el contacto de manera que usted pueda registrar como esta generando sus clientes potenciales. Y hay una nueva vista de clientes potenciales sobre la página de contactos el cual le muestra cada contacto que tiene una oportunidad y le permite fácilmente buscar cualquier cliente potencial sin tener que mezclarlos con sus contactos regulares.</p>]]></content:encoded>
        </item>
        <item>
            <title><![CDATA[Nueva característica: registra tus emails en EasyBroker]]></title>
            <link>https://blog.easybroker.com/nueva-caracter%C3%ADstica-registra-tus-emails-en-easybroker-684228eb19af</link>
            <guid isPermaLink="false">https://medium.com/p/684228eb19af</guid>
            <category><![CDATA[easybroker]]></category>
            <category><![CDATA[novedades]]></category>
            <category><![CDATA[email]]></category>
            <dc:creator><![CDATA[Isaac Vázquez]]></dc:creator>
            <pubDate>Thu, 05 Mar 2009 18:11:23 GMT</pubDate>
            <atom:updated>2016-12-28T20:06:00.399Z</atom:updated>
            <content:encoded><![CDATA[<p>¡Ahora puedes rastrear tus emails en EasyBroker a través de tu dirección de mailbox! Cada correo que envies aparecerá automáticamente en EasyBroker, pegándose automáticamente en la ficha de contacto que corresponda a la dirección de correo de destinatario.</p><p>Para aprovechar esta característica, debes ir a <em>Configuraciones</em> y hacer clic en <em>Mailbox</em>. Verás una pantalla que te explicará cómo alimentar EasyBroker al enviar correos electrónicos, y también verás tu dirección de Mailbox. Ésta será algo como <em>mailbox+12345678 @easybroker.com,</em> lo que debes hacer es que cada que escribas un email debes colocar esa dirección en la sección de Copia Oculta.</p><figure><img alt="Usa Mailbox para registrar tus emails en EasyBroker." src="https://cdn-images-1.medium.com/max/942/0*wbJBXquh9QhqY2Qj.jpg" /></figure><p>Recuerda también que para que esto funcione debes tener tu dirección de correo autorizada. Para guardar tu correo electrónico y con ello autorizarlo, debes escribirlo en el recuadro blanco que aparece en esa misma sección, en la parte inferior.</p><figure><img alt="Guarda tu dirección." src="https://cdn-images-1.medium.com/max/892/0*Velz4dc6Zt6-PhHR.jpg" /></figure><p>Otra ventaja que te ofrece Mailbox es que si envías el correo y el destinatario no tiene ficha de contacto, se creará automáticamente en EasyBroker y se pegará el mail en el historial. Los correos electrónicos se pegan con los archivos adjuntos que hayas enviado, para que puedas abrirlos y revisarlos desde EasyBroker.</p><p>¡Aprovecha esta característica y lleva un mejor registro del seguimiento que realizas a tus clientes!</p>]]></content:encoded>
        </item>
        <item>
            <title><![CDATA[Consejos de publicación de inmuebles ]]></title>
            <link>https://blog.easybroker.com/consejos-de-publicaci%C3%B3n-de-inmuebles-9750d4eb38be</link>
            <guid isPermaLink="false">https://medium.com/p/9750d4eb38be</guid>
            <category><![CDATA[general]]></category>
            <category><![CDATA[consejos]]></category>
            <dc:creator><![CDATA[Isaac Vázquez]]></dc:creator>
            <pubDate>Fri, 27 Feb 2009 15:18:46 GMT</pubDate>
            <atom:updated>2016-12-28T20:04:09.784Z</atom:updated>
            <content:encoded><![CDATA[<h3>Consejos de publicación de inmuebles</h3><p>Con la popularidad creciente de la compra-venta de propiedades online, es importante que el vendedor sepa algunas cosas acerca de cómo publicar una propiedad online. En esta publicación, cubriremos algunos puntos básicos como por ejemplo nombrar, describir, publicar fotos de su propiedad, así como también repasar el protocolo de la publicación de algunas propiedades.</p><p><strong>El Nombre</strong></p><figure><img alt="946225_awesome_house3" src="https://cdn-images-1.medium.com/max/300/0*3yoRYnAYaGVCsmvc.jpg" /></figure><p>¿Qué tan importante es el nombre de su propiedad? Bueno, vamos a decirlo de esta manera. Usted puede ver el nombre de su propiedad como si fuera un encabezado de diario. En promedio, usted tiene 5 a 7 segundos para atraer la atención de alguien y esto se hace con el título. Después de eso, 2 de cada 10 lectores continuarán leyendo más allá de su titular.<br>Por ese motivo, es importante elegir un nombre que convertirá a los lectores en potenciales compradores o inquilinos. Y se puede hacer. El escritor John Wesley experimentó con esto al publicar un artículo online llamado “Dos Tipos de Cognición.” Unos días después, él generó cien impactos online. No está mal, pero no es admirable tampoco. Entonces cambió el nombre de su título por “Aprenda a Comprender su Propia Inteligencia” , y durante los días subsiguientes, generó más de 5000 impactos online. Esto es un incremento multiplicado por 50 simplemente por el cambio de nombre. El nombre de su propiedad no se diferencia y puede cambiar dramáticamente los resultados al utilizar sitios de publicación online.<br>Por este motivo, el nombre de su propiedad es muy importante. Visite nuestra publicación previa para más ideas sobre <a href="http://www.easybroker.com/es/blog/2008-09-que-hay-en-un-nombre/">cómo nombrar su propiedad</a>.</p><p><strong>La Descripción</strong></p><p>Cuando usted publica algo sobre su propiedad, usted siempre quiere tener en cuenta qué incrementará el valor, o la percepción del valor del comprador potencial de su propiedad. El valor puede incrementar o disminuir simplemente con la elección de palabras del vendedor. De acuerdo con el economista Stephen Levitt, las palabras que se correlacionan con precios de venta menores son fantástico, encantador, espacioso, gran vecindario y muchos signos de exclamación que son a menudo indicadores de que algo está mal con la propiedad.</p><p>Sin embargo, cinco calificativos asociados con precios de venta más elevados son tecnología de punta, gourmet, arce, granito, y Corian (un material para partes superior de mesada). Además, usted querrá incluir tantas amenidades como sea posible. No solo quiere incluir cuántos cuartos y baños hay, sino también cuántos metros cuadrados o metros tienen los cuartos, espacio de ropero, tamaño de la cocina, y si algo viene incluído en la propiedad como electrodomésticos, muebles, estacionamiento, espacio de almacenamiento, sistema de seguridad, y acceso para silla de ruedas. También es una buena idea incluir cuán lejos está la propiedad de lugares esenciales como el metro, paradas de autobuses, y supermercados. Lo más importante es que usted debería utilizar calificativos y palabras que sean lo más claras posibles para el ojo no entrenado, porque esos son el tipo de ojos que estarán leyendo sus palabras.</p><p><strong>Las Fotos</strong></p><p>Se dice que una imagen vale más que mil palabras. Bueno, con el tipo de fotos correctas, esto se puede traducir en miles de dólares. Así como al describir su propiedad, usted quiere nuevamente pensar que es lo que incrementará el valor de su propiedad cuando publica fotos. Una técnica es crear un sentido de apertura. Incluyendo una foto de la sala con muebles, o del estudio, es útil ya que da al posible comprador o inquilino una idea de cómo se puede ver un cuarto después de haberse mudado ahí, pero usted quiere evitar recargarlo.</p><p>Si es un lugar pequeño trate de limpiar el cuarto un poco. También organice estantes, mesas ratonas y roperos, y embellecer las camas en las fotos de los cuartos. No es una mala idea poner una foto del plano de su propiedad si usted tiene una imagen de la misma en su computadora. Esto le permitirá al comprador potencial o inquilino ver el diseño completo de la propiedad.</p><p>En términos generales, es más importante proveer perspectivas con tanta información visual como sea posible sobre como se ve su propiedad. La foto aquí debajo es un buen ejemplo de una buena foto de un living. Ellos crearon un chulo espacio con un toque de color, el living está organizado, y hay una luz con estilo art-deco otorgando un ambiente de bienvenida. Sólo recuerde publicar tantas fotos de calidad como pueda con muebles, sin muebles, patios, baños, y roperos. Esto hablará bien de usted como agente inmobiliario y puede hacer que la venta se produzca de una manera mas fácil. Para más consejos de fotos, revise nuestro <a href="http://www.easybroker.com/es/blog/2008-10-consejos-para-las-fotos-de-sus-propiedades/">artículo previo sobre publicar fotos</a>.</p><p>[caption id=”attachment_160&quot; align=”aligncenter” width=”313&quot; caption=”Ejemplo de una buena foto”]</p><figure><img alt="Ejemplo de una buena foto" src="https://cdn-images-1.medium.com/max/300/0*FLZObO1Qd-Vlnabm.jpg" /></figure><p>[/caption]</p><p><strong>Protocolo de Publicación</strong></p><p>Hay algunos detalles para pensar al publicar su propiedad online, como por ejemplo el protocolo de publicación adecuado. Cuando usted publica su propiedad, no es atractivo escribir el título de la descripción todo en mayúscula. Le dice al lector que hay algo que está mal con la propiedad y el vendedor está tratando de cubrirlo con una apariencia de entusiasmo.</p><p>La misma lógica se aplica para el uso de signos de exclamación. Usted no quiere presentarse como tratando de engañar al posible cliente al utilizar entusiasmo gramatical, como por ejemplo mayúsculas o signos de exclamación. Por el contrario, deje que la propiedad se venda por sí misma y deje que el comprador o vendedor potencial llegue a la conclusión de que sí es una propiedad por la que vale la pena entusiasmarse.</p><p>Otro no-no es publicar una propiedad de forma desordenada sin revisar los errores gramaticales básicos o faltas de ortografía. Puede ser un dolor de ojos para posibles clientes que estén interesados en su propiedad y lo hará quedar poco profesional. Su imagen como negocio es importante, no sólo al realizar la venta actual, sino también al garantizar futuras ventas.</p><p>La gente reconoce el profesionalismo y son rápidos al recomendar buenos negocios a otros. Entonces, sólo toma unos segundos corregir la ortografía, hacer su propiedad más fluída, y hacerlo ver más profesional.</p><p>Con sólo unos ajustes sobre como publicar su propiedad, es posible convertir lectores en potenciales compradores, hacer que usted parezca mas adepto, atraer más gente a su propiedad, y hacer más ventas. Esté atento a mas consejos en el futuro cercano.</p>]]></content:encoded>
        </item>
        <item>
            <title><![CDATA[Nueva Característica: Agregue Mapas de Google a sus publicaciones inmobiliarias]]></title>
            <link>https://blog.easybroker.com/nueva-caracter%C3%ADstica-agregue-mapas-de-google-a-sus-publicaciones-inmobiliarias-d3333ef5fa5a</link>
            <guid isPermaLink="false">https://medium.com/p/d3333ef5fa5a</guid>
            <category><![CDATA[novedades]]></category>
            <category><![CDATA[easybroker]]></category>
            <dc:creator><![CDATA[Isaac Vázquez]]></dc:creator>
            <pubDate>Thu, 05 Feb 2009 17:34:06 GMT</pubDate>
            <atom:updated>2016-12-28T20:04:09.931Z</atom:updated>
            <content:encoded><![CDATA[<p>Hemos agregado apoyo para los mapas de Google a EasyBroker para que pueda fácilmente publicar la ubicación de su propiedad en su sitio web en <a href="http://www.moveglobally.com/">MoveGlobally.com</a>.</p><p>[caption id=”attachment_219&quot; align=”aligncenter” width=”468&quot; caption=”Ubicando a Boston en el mapa con EasyBroker”]</p><figure><img alt="Ubicando a Boston en el mapa con EasyBroker" src="https://cdn-images-1.medium.com/max/468/0*ZmvcvADIh8sO8qej.png" /></figure><p>[/caption]</p><p>Cuando usted crea o edita una propiedad, simplemente desplácese hacia abajo a la sección llamada <em>Ubicación de Mapa</em> y haga click en <em>agregar</em> link. Ingrese la dirección de la propiedad en la caja de la búsqueda, presione el botón de búsqueda y el marcador se moverá para encontrar su búsqueda. Si usted desea mover el marcador manualmente, usted simplemente hace click y luego lo arrastra a una nueva ubicación. Usted también puede utilizar el zoom que se desliza hacia el costado izquierdo si quiere hacer zoom para ajustar la ubicación más precisamente.</p><p>Una vez que usted está listo para guardar la ubicación del mapa, presione el botón <em>ok</em> y luego asegúrese de guardar la propiedad. El mapa se mostrará automáticamente en <a href="http://www.moveglobally.com/">MoveGlobally.com</a> en su sitio web. Si usted tiene un diseño de plantilla hecho a medida, necesitará actualizar su diseño para incluir mapas. Por favor contáctenos si necesita ayuda modificando su plantilla para mostrar mapas.</p><p>[caption id=”attachment_282&quot; align=”aligncenter” width=”574&quot; caption=”Fácilmente encontrar todas las propiedades con mapa”]</p><figure><img alt="Fácilmente encontrar todas las propiedades con mapa" src="https://cdn-images-1.medium.com/max/574/0*rckqH7ZUf74_0M6F.png" /></figure><p>[/caption]</p><p>También agregamos un filtro para que usted pueda fácilmente encontrar cualquier propiedad que no tenga un mapa de ubicación establecida. Para ver todas sus propiedades que no tengan mapa de ubicación, vaya a la pestaña de propiedades en EasyBroker y seleccione el filtro llamado “todos los ítems sin mapa de ubicación”.</p><p>Los mapas no solo le ayudarán a sus clientes a tener una idea más clara de dónde están ubicadas las propiedades, pero también hacer su sitio más profesional y destacarse de otros sitios de inmobiliarias.</p>]]></content:encoded>
        </item>
    </channel>
</rss>