<?xml version="1.0" encoding="UTF-8"?><rss xmlns:dc="http://purl.org/dc/elements/1.1/" xmlns:content="http://purl.org/rss/1.0/modules/content/" xmlns:atom="http://www.w3.org/2005/Atom" version="2.0" xmlns:cc="http://cyber.law.harvard.edu/rss/creativeCommonsRssModule.html">
    <channel>
        <title><![CDATA[EasyBroker - Medium]]></title>
        <description><![CDATA[Consejos, noticias y mejores prácticas para hacer más competitiva tu inmobiliaria. - Medium]]></description>
        <link>https://blog.easybroker.com</link>
        <image>
            <url>https://cdn-images-1.medium.com/proxy/1*TGH72Nnw24QL3iV9IOm4VA.png</url>
            <title>EasyBroker - Medium</title>
            <link>https://blog.easybroker.com</link>
        </image>
        <generator>Medium</generator>
        <lastBuildDate>Mon, 03 Dec 2018 18:45:57 GMT</lastBuildDate>
        <atom:link href="https://blog.easybroker.com/feed" rel="self" type="application/rss+xml"/>
        <webMaster><![CDATA[yourfriends@medium.com]]></webMaster>
        <atom:link href="http://medium.superfeedr.com" rel="hub"/>
        <item>
            <title><![CDATA[¡Ahora los contactos se asignan automáticamente!]]></title>
            <link>https://blog.easybroker.com/ahora-los-contactos-se-asignan-autom%C3%A1ticamente-83750e379636</link>
            <guid isPermaLink="false">https://medium.com/p/83750e379636</guid>
            <dc:creator><![CDATA[Isaac Vázquez]]></dc:creator>
            <pubDate>Tue, 21 Feb 2017 01:22:21 GMT</pubDate>
            <atom:updated>2017-04-28T23:05:23.639Z</atom:updated>
            <content:encoded><![CDATA[<figure><img alt="" src="https://cdn-images-1.medium.com/max/1024/1*4phkOhqkoq788vL2FJlNFQ.png" /></figure><figure><img alt="" src="https://cdn-images-1.medium.com/max/868/1*dVYSiqHKWWgCqgFbkggUwg.jpeg" /></figure><p>Para que tus asesores puedan atender más velozmente a los contactos nuevos que piden información, ahora puedes hacer que los clientes potenciales se asignen automáticamente al usuario que está asignado a la propiedad.</p><p>Esto lo encontrarás en la sección de <em>Configuración de Empresa</em>, dentro del menú de <em>Configuraciones</em>. Activa la casilla que dice <em>Asignar clientes potenciales automáticamente</em> para que se active.</p><p>Una vez que esta opción quede activada, los contactos que pregunten por una propiedad se asignarán inmediatamente a quien la tenga. De esta manera, el asesor recibirá la notificación inmediatamente y tendrá todos los datos para contactar al cliente potencial lo más pronto posible, mejorando la experiencia del usuario final. Algo importante es que los contactos que ya estaban asignados a alguien no se reasignarán, ya que esta opción aplica únicamente a los contactos nuevos. Por ejemplo, si ya antes tenías asignado a un cliente y pide información nuevamente de una propiedad que es de alguien más, seguirá siento tu contacto.</p><figure><img alt="" src="https://cdn-images-1.medium.com/max/505/1*acnw0lg4CZE81_XqzlGdDg.jpeg" /></figure><p>Esta nueva opción también ayudará a los equipos a mejorar su tiempo de respuesta, y al tratarse de una asignación automática tu equipo tendrá la seguridad de que fue un proceso imparcial. Algo importante es que esta característica es un avance de la opción que notificaba al asesor asignado y de hecho la reemplaza. Esperamos que esta característica te ayude a contactar más rápidamente a los clientes potenciales para que cierres más operaciones!</p>]]></content:encoded>
        </item>
        <item>
            <title><![CDATA[¡Tu sitio web en los idiomas que lo necesites!]]></title>
            <link>https://blog.easybroker.com/tu-sitio-web-en-los-idiomas-que-lo-necesites-9af887a0199e</link>
            <guid isPermaLink="false">https://medium.com/p/9af887a0199e</guid>
            <dc:creator><![CDATA[Isaac Vázquez]]></dc:creator>
            <pubDate>Fri, 03 Feb 2017 01:10:08 GMT</pubDate>
            <atom:updated>2017-04-28T23:06:06.118Z</atom:updated>
            <content:encoded><![CDATA[<figure><img alt="" src="https://cdn-images-1.medium.com/max/1024/1*G0EqzLYrdhh5jOSiWX1enw.png" /></figure><figure><img alt="" src="https://cdn-images-1.medium.com/max/1024/1*rMGRryX7uWmpmffhWOzvNw.jpeg" /></figure><p>Tu sitio web ahora estará disponible automáticamente en varios idiomas para que puedas compartirlo con clientes de otros países y puedan leer la información de tus propiedades. Para lograrlo, ahora puedes activar un traductor automático que se integrará de inmediato a tu sitio web en cuanto lo actives.</p><p>Encontrarás esta nueva opción dentro de la pestaña de <em>Configuraciones</em>, en <em>Mi sitio web</em>. Una vez en esa sección, encontrarás la opción de <em>Mostrar traductor de Google</em>, sólo tienes que activarla para que el traductor automático aparezca en tu sitio.</p><figure><img alt="" src="https://cdn-images-1.medium.com/max/1024/1*IsP6AjdRlLmKNBmyaY5CmQ.jpeg" /></figure><p>Esta opción le permitirá a visitantes que hablen otro idioma consultar tus propiedades sin que tengas que traducir cada una de ellas. ¡Esperamos que el traductor te ayude a ampliar tu cartera de clientes!</p>]]></content:encoded>
        </item>
        <item>
            <title><![CDATA[Te Presentamos Ensenada, la nueva plantilla para tu sitio de EasyBroker]]></title>
            <link>https://blog.easybroker.com/te-presentamos-ensenada-la-nueva-plantilla-para-tu-sitio-de-easybroker-b8e6b193016c</link>
            <guid isPermaLink="false">https://medium.com/p/b8e6b193016c</guid>
            <category><![CDATA[template]]></category>
            <category><![CDATA[easybroker]]></category>
            <category><![CDATA[website]]></category>
            <category><![CDATA[mobile]]></category>
            <category><![CDATA[design]]></category>
            <dc:creator><![CDATA[Daniel Pliego]]></dc:creator>
            <pubDate>Tue, 24 Jan 2017 16:48:16 GMT</pubDate>
            <atom:updated>2017-04-28T23:07:06.408Z</atom:updated>
            <content:encoded><![CDATA[<figure><img alt="" src="https://cdn-images-1.medium.com/max/1024/1*cuTGB0MqB4tSuXKOMMJyJQ.png" /></figure><figure><img alt="" src="https://cdn-images-1.medium.com/max/640/1*9w0S_yUpzpv5VfjYQ-K88g.png" /></figure>]]></content:encoded>
        </item>
        <item>
            <title><![CDATA[¡Todo esto logramos en 2016!]]></title>
            <link>https://blog.easybroker.com/todo-esto-logramos-en-2016-287e13aabd51</link>
            <guid isPermaLink="false">https://medium.com/p/287e13aabd51</guid>
            <dc:creator><![CDATA[Isaac Vázquez]]></dc:creator>
            <pubDate>Fri, 06 Jan 2017 01:24:51 GMT</pubDate>
            <atom:updated>2017-04-28T23:07:54.483Z</atom:updated>
            <content:encoded><![CDATA[<figure><img alt="" src="https://cdn-images-1.medium.com/max/1024/1*CTMHh53FCWNWnD3VMeBTtQ.png" /></figure><p>¡Crecimos muchísimo y cambiamos aún más! Además de conocer y trabajar con muchos más inmobiliarios, este año agregamos características para que en EasyBroker encuentres fácilmente todo lo que necesitas para impulsar tu negocio. Celebramos el año que comienza compartiendo contigo las principales características que añadimos a EasyBroker en 2016.</p><ul><li>Lanzamos la versión beta de nuestra app para <a href="https://play.google.com/store/apps/details?id=com.easybroker.easybroker1&amp;hl=en">Android</a> y <a href="https://itunes.apple.com/mx/app/easybroker/id1101783677?l=en&amp;mt=8">iPhone.</a></li><li><a href="https://blog.easybroker.com/renovamos-las-secci%C3%B3nes-de-contactos-y-propiedades-cafa2ea134bf#.p5e3b3z7u">Renovamos las secciones de contactos y propiedades</a>.</li><li><a href="https://blog.easybroker.com/mejoramos-las-alertas-de-nuevas-propiedades-350062e7a479#.1kdjyjsaj">Mejoramos las búsquedas guardadas.</a></li><li><a href="https://blog.easybroker.com/vivanuncios-es-nuestro-nuevo-portal-premium-906b445ef38d#.t1obqqet4">Agregamos Vivanuncios a nuestra lista de portales premium</a>.</li><li><a href="https://blog.easybroker.com/ya-puedes-pagar-easybroker-con-deposito-bancario-b64715ba3b8a#.qq573tzb3">Estrenamos el depósito en ventanilla.</a></li><li><a href="https://blog.easybroker.com/env%C3%ADa-propiedades-de-otras-inmobiliarias-con-todas-sus-fotos-8d530d72c339#.3q8ypxkhj">Hicimos más fácil compartir todas las propiedades con tus datos.</a></li><li><a href="https://blog.easybroker.com/tus-usuarios-ahora-podr%C3%A1n-editar-%C3%BAnicamente-sus-propiedades-9dbeac430d85#.lu5y2eidc">Permitimos que tus asesores editen sólo las propiedades que tienen asignadas.</a></li><li><a href="https://blog.easybroker.com/te-presentamos-los-reportes-de-mercado-de-easybroker-b1fe7c33d73b#.b26d06uvn">Agregamos los estudios de mercado</a>.</li><li><a href="https://blog.easybroker.com/comparte-tus-propiedades-en-whatsapp-a3e121ff43b8#.pd4f1c6m8">Hicimos posible que puedas compartir tus propiedades por Whatsapp</a>.</li><li><a href="https://blog.easybroker.com/ya-puedes-agregar-comentarios-a-las-actividades-y-a-las-tareas-ac65d779252d#.hvl8gcxue">Agregamos la opción de comentar tareas y notas.</a></li><li><a href="https://blog.easybroker.com/conoce-los-nuevos-roles-de-usuario-8a92be2a3f47#.rkrhbuobr">Creamos los roles de usuario.</a></li></ul><p>Muchas gracias a todos los que contribuyeron con sus sugerencias y su feedback, esperamos que no dejen de hacerlo pues nos ayudan a mejorar EasyBroker para ustedes. ¡Estamos seguros que el 2017 será otro gran año para seguir trabajando juntos!</p>]]></content:encoded>
        </item>
        <item>
            <title><![CDATA[¡Comparte con todo tu equipo los contactos generales!]]></title>
            <link>https://blog.easybroker.com/comparte-con-todo-tu-equipo-los-contactos-generales-c2e80be65412</link>
            <guid isPermaLink="false">https://medium.com/p/c2e80be65412</guid>
            <category><![CDATA[easybroker]]></category>
            <category><![CDATA[novedades]]></category>
            <dc:creator><![CDATA[Isaac Vázquez]]></dc:creator>
            <pubDate>Tue, 20 Dec 2016 01:28:37 GMT</pubDate>
            <atom:updated>2018-09-21T22:15:38.577Z</atom:updated>
            <content:encoded><![CDATA[<figure><img alt="" src="https://cdn-images-1.medium.com/max/1024/1*FtHb1KqwxNs8P1tkwmdWWw.png" /></figure><figure><img alt="" src="https://cdn-images-1.medium.com/max/671/1*LkWmcPFohSmjL9Zme61Uew.png" /></figure><p>Como sabes, en EasyBroker es posible otorgar permisos a tus usuarios para que sólo puedan ver los contactos que les han sido asignados. Sin embargo, seguramente entre tus contactos tienes algunos que te gustaría que todo tu equipo pudiera ver, por ejemplo corredores con los que tu inmobiliaria trabaja continuamente o proveedores de servicios que todo el equipo necesita, como notarios, valuadores, diseñadores de interior, etcétera. Con esto en mente creamos un nuevo permiso que permitirá a tus usuarios ver los contactos que están marcados con el estatus de <em>No es cliente potencial</em>.</p><p>Encontrarás este nuevo permiso en la sección de <em>Roles de usuario</em>, entre los permisos para <em>Contactos</em>. Cuando estés creando o editando un rol, otorga este permiso para que los usuarios puedan ver a todos los contactos marcados con el estatus <em>No es cliente potencial</em>. Así podrás darle este estatus a todos los contactos que quieres que tu equipo comparta, dándole a tus usuarios más independencia.</p>]]></content:encoded>
        </item>
        <item>
            <title><![CDATA[Conoce los nuevos roles de usuario]]></title>
            <link>https://blog.easybroker.com/conoce-los-nuevos-roles-de-usuario-8a92be2a3f47</link>
            <guid isPermaLink="false">https://medium.com/p/8a92be2a3f47</guid>
            <category><![CDATA[herramientas-tecnológicas]]></category>
            <category><![CDATA[easybroker]]></category>
            <category><![CDATA[novedades]]></category>
            <dc:creator><![CDATA[Isaac Vázquez]]></dc:creator>
            <pubDate>Fri, 09 Dec 2016 22:38:35 GMT</pubDate>
            <atom:updated>2018-09-21T22:23:57.352Z</atom:updated>
            <content:encoded><![CDATA[<figure><img alt="" src="https://cdn-images-1.medium.com/max/1024/1*1elKr4TurIXa17p-7m2SEw.png" /></figure><figure><img alt="" src="https://cdn-images-1.medium.com/max/912/1*mdwMq4hK92auWL-_mQdsDg.png" /></figure><p>Sabemos lo importante que es saber exactamente qué pueden y qué no pueden hacer tus usuarios dentro de su cuenta. Anteriormente teníamos la sección de permisos dentro de cada usuario, pero para hacerlo todavía más rápido y seguro decidimos simplificarlo y te presentamos los <em>Roles de usuario</em>.</p><p>En esta nueva sección podrás crear roles de usuario con distintos permisos y nombrarlos como te resulte más conveniente. Esto te ofrece una gran ventaja: ya no tienes que asignar permisos individuales a cada asesor y correr el riesgo de equivocarte, además de que cuando alguien nuevo se incorpore a tu equipo es mucho más veloz y fácil asignarle un rol ya creado que editar permisos.</p><p>Nosotros te daremos dos roles de usuario predeterminados: el de <em>Administrador</em>, que tiene todos los permisos, y el de <em>Asesor</em>, al que tú decidirás qué permisos darle . Estos dos roles te servirán como punto de partida, y si necesitas crear roles más específicos para usuarios que cumplen funciones especiales dentro de tu inmobiliaria, sólo tienes que entrar a la sección <em>Roles de usuario</em> dentro de <em>Configuraciones</em>.</p><figure><img alt="" src="https://cdn-images-1.medium.com/max/912/1*A7dgQDVX9kdANKybfn2UeQ.png" /></figure><p>Verás la lista de los roles que tienes actualmente en tu cuenta, sólo debes dar clic en el botón azul para crear uno nuevo. Asígnale los permisos que necesitas y ponle un nombre que lo describa claramente y sea fácil de identificar (por ejemplo, “Supervisor” o “Gerente”).</p><figure><img alt="" src="https://cdn-images-1.medium.com/max/912/1*haUqjGdDroBbrC5ifYr7Aw.png" /></figure><p>Una vez creado, podrás asignar a tu usuario este rol y con eso tendrá los permisos que necesita. Para asignar un rol a tu usuario, debes entrar a <em>Usuarios</em>, dentro de <em>Configuraciones</em>, y editarlos como normalmente harías. En lugar de la lista de permisos aparecerá el nuevo campo de <em>Rol</em>.</p><figure><img alt="Podrás asignar roles desde la edición del usuario" src="https://cdn-images-1.medium.com/max/856/0*PFD62TJH-6KqV-JI.jpg" /></figure><p>Un último detalle: esta sección sustituirá la selección individual de permisos dentro del perfil del usuario. Para que puedas hacer el ajuste a tu propio ritmo, mantendremos los permisos actuales tal como los tienes y no tendrás que crear roles sino hasta que necesites actualizar lo que uno de los miembros de tu equipo puede hacer o agregues un usuario extra. Recuerda que si tienes dudas sobre cómo actualizarte siempre puedes contactarnos.</p>]]></content:encoded>
        </item>
        <item>
            <title><![CDATA[Tendremos mantenimiento el cuatro de diciembre]]></title>
            <link>https://blog.easybroker.com/tendremos-mantenimiento-el-cuatro-de-diciembre-24662fd6b1a9</link>
            <guid isPermaLink="false">https://medium.com/p/24662fd6b1a9</guid>
            <category><![CDATA[easybroker]]></category>
            <dc:creator><![CDATA[Isaac Vázquez]]></dc:creator>
            <pubDate>Thu, 01 Dec 2016 16:05:00 GMT</pubDate>
            <atom:updated>2017-04-28T23:10:06.806Z</atom:updated>
            <content:encoded><![CDATA[<figure><img alt="" src="https://cdn-images-1.medium.com/max/1024/1*wX_HYX4T5MekYVVeRT17Aw.png" /></figure><p>Este domingo 4 de diciembre haremos labores de mantenimiento en EasyBroker. Empezaremos a las 6 de la tarde en horario de la Ciudad de México y esperamos que en unas horas todo quede listo. Es posible que no puedas ingresar a tu cuenta de EasyBroker durante algunas horas mientras el proceso termina, para que lo tengas en cuenta.</p><p>Recuerda que si tienes dudas siempre puedes escribirnos. ¡Muchos saludos!</p>]]></content:encoded>
        </item>
        <item>
            <title><![CDATA[Filtra tus anuncios destacados fácilmente]]></title>
            <link>https://blog.easybroker.com/filtra-tus-anuncios-destacados-f%C3%A1cilmente-a9e8eb1df21a</link>
            <guid isPermaLink="false">https://medium.com/p/a9e8eb1df21a</guid>
            <category><![CDATA[easybroker]]></category>
            <category><![CDATA[marketing]]></category>
            <category><![CDATA[herramientas-tecnológicas]]></category>
            <dc:creator><![CDATA[Isaac Vázquez]]></dc:creator>
            <pubDate>Tue, 29 Nov 2016 17:40:54 GMT</pubDate>
            <atom:updated>2018-09-21T22:26:01.104Z</atom:updated>
            <content:encoded><![CDATA[<figure><img alt="" src="https://cdn-images-1.medium.com/max/1024/1*pE2xs4tuij0Z08jbjVBwOg.png" /></figure><figure><img alt="" src="https://cdn-images-1.medium.com/max/619/1*KDwBLoinCXfpsl07PcMdEA.png" /></figure><p>Cuando quieres publicar tus propiedades en portales premium, varios de ellos te permiten elegir entre un anuncio simple y uno destacado. Sabemos que es muy importante saber exactamente cuántos anuncios destacados tienes, por lo que agregamos un filtro para que puedas hacerlo muy rápidamente.</p><p>Encontrarás este nuevo filtro en la sección de <em>Propiedades</em>. Da clic en <em>Más filtros</em> y ve al apartado de <em>Publicado en</em> para ver esta nueva opción. De esta manera tendrás siempre el control de cuáles publicaciones están como destacadas y cuáles como anuncios simples, por lo que la gestión de tu publicidad será mucho más sencilla y efectiva.</p>]]></content:encoded>
        </item>
        <item>
            <title><![CDATA[¡Ya puedes agregar comentarios a las actividades y a las tareas!]]></title>
            <link>https://blog.easybroker.com/ya-puedes-agregar-comentarios-a-las-actividades-y-a-las-tareas-ac65d779252d</link>
            <guid isPermaLink="false">https://medium.com/p/ac65d779252d</guid>
            <category><![CDATA[easybroker]]></category>
            <category><![CDATA[novedades]]></category>
            <dc:creator><![CDATA[Isaac Vázquez]]></dc:creator>
            <pubDate>Sat, 12 Nov 2016 01:16:52 GMT</pubDate>
            <atom:updated>2017-04-28T23:11:57.495Z</atom:updated>
            <content:encoded><![CDATA[<figure><img alt="" src="https://cdn-images-1.medium.com/max/1024/1*G0EqzLYrdhh5jOSiWX1enw.png" /></figure><p>¡Llega una novedad muy esperada! Sabemos que las tareas y el historial son tu gran aliado para organizar y registrar las actividades de tu equipo, pero si querías saber el resultado de una tarea o querías preguntar más información sobre una nota del historial tenías que llevar la comunicación fuera de EasyBroker para después colocar los detalles en otra nota. Como sabemos que esto no es lo óptimo, ¡ahora puedes comentar notas y tareas!</p><figure><img alt="1" src="https://cdn-images-1.medium.com/max/783/0*q5nlH3r360eGAPSi.png" /></figure><p>Esta característica hará que la comunicación entre los miembros de tu equipo tenga un lugar para estar registrada y el seguimiento de cada cliente esté completo. Verás que ahora las tareas y las notas del historial tienen un espacio para colocar comentarios justo debajo.</p><figure><img alt="2" src="https://cdn-images-1.medium.com/max/792/0*9Z1ddoAqvAWp9Gdf.png" /></figure><p>Estos mensajes no son visibles únicamente en tu historial. Para hacer la comunicación aún más ágil, en cuanto colocas un comentario en una actividad quien la escribió originalmente recibe un correo avisándole para que pueda contestarte. ¡Así podrá responderte también en EasyBroker!</p><figure><img alt="3" src="https://cdn-images-1.medium.com/max/687/0*gQOl_zTNWoMCMoUQ.png" /></figure><p>Esta característica es especialmente útil para que la conversación del equipo quede registrada de forma clara y visible para los involucrados en una actividad. Si necesitas más información, preguntar los detalles, recordarle a un usuario que tiene una tarea pendiente o simplemente completar el seguimiento de una tarea que ya hiciste, los comentarios son tu mejor opción.</p><p>¡Nos entusiasma mejorar EasyBroker para que tenga justo lo que necesitan en su día a día!</p>]]></content:encoded>
        </item>
        <item>
            <title><![CDATA[¡Comparte tus propiedades en WhatsApp!]]></title>
            <link>https://blog.easybroker.com/comparte-tus-propiedades-en-whatsapp-a3e121ff43b8</link>
            <guid isPermaLink="false">https://medium.com/p/a3e121ff43b8</guid>
            <category><![CDATA[easybroker]]></category>
            <category><![CDATA[novedades]]></category>
            <category><![CDATA[herramientas-tecnológicas]]></category>
            <dc:creator><![CDATA[Isaac Vázquez]]></dc:creator>
            <pubDate>Wed, 09 Nov 2016 18:47:02 GMT</pubDate>
            <atom:updated>2018-09-21T22:35:21.032Z</atom:updated>
            <content:encoded><![CDATA[<figure><img alt="" src="https://cdn-images-1.medium.com/max/1024/1*NGWYWAO5Ji-lNTXlnwhkRg.png" /></figure><figure><img alt="" src="https://cdn-images-1.medium.com/max/884/1*Ov7-2xge4juwfksSdTvJBA.png" /></figure><p>Sabemos la importancia que ha cobrado WhatsApp para ti y para tus clientes. La popularidad de esta aplicación seguramente ha provocado que muchos de tus clientes y colegas te pidan que les envíes tus propiedades por ese medio, ¡y ahora puedes hacerlo muy fácilmente!</p><p>Agregamos la opción de compartir propiedades en WhatsApp a la versión móvil de EasyBroker. Para que puedas enviar las propiedades a tus clientes directamente desde tu celular, sólo sigue estos pasos:</p><ul><li>Entra a <a href="https://www.easybroker.com">easybroker.com </a>en el navegador de tu celular e inicia tu sesión.</li><li>Ve a la propiedad que quieres enviar; ya sea de tu inventario o de la Bolsa inmobiliaria.</li><li>Utiliza el botón <em>Compartir</em> que se encuentra en el lado superior derecho de la pantalla y selecciona la opción WhatsApp.</li></ul><p>¡Y listo! Tu celular te llevará a WhatsApp y tendrás la liga lista para enviarla a tus clientes potenciales. ¡Esperamos que esta característica te ahorre mucho trabajo!</p>]]></content:encoded>
        </item>
    </channel>
</rss>