<?xml version="1.0" encoding="UTF-8"?><rss xmlns:dc="http://purl.org/dc/elements/1.1/" xmlns:content="http://purl.org/rss/1.0/modules/content/" xmlns:atom="http://www.w3.org/2005/Atom" version="2.0" xmlns:cc="http://cyber.law.harvard.edu/rss/creativeCommonsRssModule.html">
    <channel>
        <title><![CDATA[EasyBroker - Medium]]></title>
        <description><![CDATA[Consejos, noticias y mejores prácticas para hacer más competitiva tu inmobiliaria. - Medium]]></description>
        <link>https://blog.easybroker.com</link>
        <image>
            <url>https://cdn-images-1.medium.com/proxy/1*TGH72Nnw24QL3iV9IOm4VA.png</url>
            <title>EasyBroker - Medium</title>
            <link>https://blog.easybroker.com</link>
        </image>
        <generator>Medium</generator>
        <lastBuildDate>Mon, 03 Dec 2018 18:45:57 GMT</lastBuildDate>
        <atom:link href="https://blog.easybroker.com/feed" rel="self" type="application/rss+xml"/>
        <webMaster><![CDATA[yourfriends@medium.com]]></webMaster>
        <atom:link href="http://medium.superfeedr.com" rel="hub"/>
        <item>
            <title><![CDATA[Exporta los reportes de tus contactos y propiedades a Excel]]></title>
            <link>https://blog.easybroker.com/exporta-los-reportes-de-tus-contactos-y-propiedades-a-excel-d0912e1ac5a5</link>
            <guid isPermaLink="false">https://medium.com/p/d0912e1ac5a5</guid>
            <category><![CDATA[novedades]]></category>
            <category><![CDATA[general]]></category>
            <category><![CDATA[easybroker]]></category>
            <dc:creator><![CDATA[Isaac Vázquez]]></dc:creator>
            <pubDate>Thu, 23 Jan 2014 01:01:39 GMT</pubDate>
            <atom:updated>2016-12-28T20:04:26.576Z</atom:updated>
            <content:encoded><![CDATA[<p>Gracias a tus sugerencias, ahora es posible exportar los reportes de tus propiedades y contactos a Excel. Para hacerlo, sólo tienes que generar un reporte y dar clic en<em> Exportar a Excel.</em></p><figure><img alt="Exporta tus reportes a Excel" src="https://cdn-images-1.medium.com/max/528/0*HOa2uls-cKXkPAhz.jpg" /></figure><p>Utiliza esta nueva característica para analizar reportes personalizados con tu equipo, enviarlos a otros (puedes enviarlo al propietario del inmueble para que vea cuántas visitas tiene en tu sitio web o cuántas personas están interesadas, por ejemplo) , o simplemente respaldar tu información.</p><p>Nos gustaría mucho escuchar tus opiniones acerca de EasyBroker: si tienes alguna sugerencia, por favor haznosla saber.</p>]]></content:encoded>
        </item>
        <item>
            <title><![CDATA[Envía tus propiedades hasta a 5 clientes potenciales a la vez]]></title>
            <link>https://blog.easybroker.com/env%C3%ADa-tus-propiedades-hasta-a-5-clientes-potenciales-a-la-vez-4df30c87e6d9</link>
            <guid isPermaLink="false">https://medium.com/p/4df30c87e6d9</guid>
            <category><![CDATA[gestión-de-inmuebles]]></category>
            <category><![CDATA[marketing]]></category>
            <category><![CDATA[easybroker]]></category>
            <category><![CDATA[novedades]]></category>
            <dc:creator><![CDATA[Isaac Vázquez]]></dc:creator>
            <pubDate>Sat, 18 Jan 2014 00:18:34 GMT</pubDate>
            <atom:updated>2016-12-28T20:04:29.312Z</atom:updated>
            <content:encoded><![CDATA[<figure><img alt="Agrega hasta 5 destinatarios y promociona tu propiedad" src="https://cdn-images-1.medium.com/max/534/0*g4JEL8P_6k5KCchf.jpg" /></figure><p>Desde ahora puedes enviar la ficha de una propiedad hasta a 5 destinatarios diferentes con un solo clic. Gracias a esta nueva característica, ya no necesario enviar las propiedades una por una y además te permite optimizar el tiempo en el proceso de ventas. Hemos cambiado esta función escuchando los comentarios y sugerencias de todos ustedes, sabemos lo importante que es contar con una herramienta que mejore las tareas de promoción.</p><p>Si tienes alguna duda acerca de cómo hacerlo, visita el artículo anterior de nuestro blog: <a href="http://www.easybroker.com/es/blog/ayuda/integrando-sus-emails/%C2%BFcomo-envio-por-email-las-propiedades-a-un-cliente/">¿Cómo envío por email las propiedades a un cliente?</a></p><p>¡Olvídate de enviar una propiedad por cliente a la vez y comienza a ahorrar tiempo!</p>]]></content:encoded>
        </item>
        <item>
            <title><![CDATA[¡Ya puedes organizar tu inmobiliaria en sucursales distintas!]]></title>
            <link>https://blog.easybroker.com/ya-puedes-organizar-tu-inmobiliaria-en-sucursales-distintas-a23c98173b1d</link>
            <guid isPermaLink="false">https://medium.com/p/a23c98173b1d</guid>
            <category><![CDATA[easybroker]]></category>
            <category><![CDATA[gestión-de-inmuebles]]></category>
            <category><![CDATA[novedades]]></category>
            <dc:creator><![CDATA[Isaac Vázquez]]></dc:creator>
            <pubDate>Wed, 08 Jan 2014 16:42:15 GMT</pubDate>
            <atom:updated>2016-12-28T20:04:36.942Z</atom:updated>
            <content:encoded><![CDATA[<p>Ahora tienes todos los instrumentos para administrar tu negocio inmobiliario mediante varias oficinas, cada una con sus propios usuarios, contactos y propiedades. La opción de Sucursales te será muy útil si quieres agrupar a tus agentes en diferentes equipos de trabajo; incluso puedes hacer que tus agentes vean únicamente las propiedades y contactos que han sido asignados a su sucursal. ¡Además es muy fácil y sencillo de usar!</p><figure><img alt="" src="https://cdn-images-1.medium.com/max/500/0*LrL9O6d8PFJFmXMS.jpg" /></figure><p>Vamos a comenzar: primero tenemos que ir a <em>Configuraciones</em> y después a<em> Sucursales</em>. Agregar sucursal y después la nombraremos.</p><p>Es importante señalar qué es el Centro de Administración: aquí es donde recibirás todos los pedidos de tu sitio web, tus nuevos clientes potenciales, y donde se guardan todos los contactos y propiedades al inicio, y se asignan a los asesores.</p><p>Lo siguiente es designar los agentes que conformarán el equipo de trabajo, esto lo haremos en el perfil de cada usuario que deseamos enviar a una sucursal en particular:</p><figure><img alt="" src="https://cdn-images-1.medium.com/max/500/0*2k8eJ9utT8TqtOJB.jpg" /></figure><p>Aquí también podremos establecer los permisos de nuestros usuarios respecto a los contactos y propiedades de otras oficinas. Para esto hemos creado tres nuevos permisos: <em>“Ver actividad y reportes de otras sucursales”</em>, <em>“Ver contactos de otras sucursales”</em> y <em>“Ver propiedades de otras sucursales”</em>.</p><figure><img alt="" src="https://cdn-images-1.medium.com/max/500/0*MLx79H5PmpHeh4f-.jpg" /></figure><p>Debes saber que para agregar contactos y propiedades a una sucursal, es necesario asignarlas a un asesor que pertenezca a esa oficina.</p><p>Otro punto interesante: añadimos el filtro Sucursales en la búsqueda de contactos, propiedades y también en el Tablero. Además, si lo necesitas, puedes combinarlo con otros filtros disponibles para refinar tu búsqueda.</p><figure><img alt="" src="https://cdn-images-1.medium.com/max/500/0*flX42P-9TERXh37J.jpg" /></figure><p>Así que ya sabes: ésta nueva versión de Sucursales es perfecta para trabajar en equipo y mantener tu negocio en orden.</p><p>Y por supuesto no queremos dejar de lado el hecho de que el 2013 terminó y que esperamos que haya sido un año lleno de muy buenas experiencias (y que para este año sea igual). Agradecemos a todos y cada uno de ustedes por seguir trabajando con EasyBroker, contar con su confianza es importante para nosotros.</p><p>Este 2014 lo hemos iniciado trabajando en implementar nuevas herramientas, todo con el fin de facilitar y mejorar tu experiencia en EasyBroker. ¡Te platicaremos de todos esos cambios muy pronto!</p>]]></content:encoded>
        </item>
        <item>
            <title><![CDATA[¡Más fácil que nunca importar contactos y propiedades!]]></title>
            <link>https://blog.easybroker.com/m%C3%A1s-f%C3%A1cil-que-nunca-importar-contactos-y-propiedades-8009f8fd59a</link>
            <guid isPermaLink="false">https://medium.com/p/8009f8fd59a</guid>
            <category><![CDATA[novedades]]></category>
            <category><![CDATA[gestión-de-inmuebles]]></category>
            <category><![CDATA[easybroker]]></category>
            <dc:creator><![CDATA[Isaac Vázquez]]></dc:creator>
            <pubDate>Fri, 06 Dec 2013 19:41:48 GMT</pubDate>
            <atom:updated>2016-12-28T20:04:11.580Z</atom:updated>
            <content:encoded><![CDATA[<p>Importar varias propiedades o contactos de una sola vez a tu cuenta de EasyBroker es ahora el doble de sencillo gracias a los cambios en los que hemos trabajado. La primera novedad es la posibilidad de <strong>importar la base de datos</strong> tanto en formato Excel (.xls y .xlsx) como en archivo de de CSV (.csv). Hasta ahora sólo se podía hacer a través del formato CSV de Outlook.</p><p>Este cambio significa que ahora podemos descargar los datos de cualquier sistema de correo, como Gmail o Yahoo por ejemplo, en cualquier formato CSV e importarlo directamente a <strong>EasyBroker</strong> sin tener que convertirlo al formato CSV de Outlook. O bien podemos subir un archivo Excel, que antes tenía que ser convertido también al formato CSV de Outlook.</p><p>La segunda modificación que hemos realizado para importar contactos es la interfaz del proceso. Sigue siendo sencillo,en 3 pantallas tendremos importados todos los datos que deseemos, pero ahora será más bonito.</p><h4>Pasos para importar propiedades inmobiliarias</h4><p>Para <strong>importar propiedades</strong> entraremos en la pantalla de <em>Contacto</em> de nuestra cuenta en <strong>EasyBroker</strong> y haremos clic en el botón de la columna derecha <em>Importar contactos</em>:</p><figure><img alt="Contacto CRM" src="https://cdn-images-1.medium.com/max/525/0*jo_UE7fiD-Skrdv4.jpg" /></figure><p>Nos aparecerá una nueva pantalla que nos pedirá elegir el archivo donde está la base de datos a importar, recordándonos que el archivo debe estar en formato de Excel o CSV (con la extensión .xls, .xlsx o .csv). Cuando lo hayamos seleccionado le hacemos clic en <em>Subir</em>:</p><figure><img alt="Importar contactos CRM" src="https://cdn-images-1.medium.com/max/525/0*irkZ2qV4Eacol5IY.jpg" /></figure><p>Cuando se hayan subido los contactos o propiedades, (tal vez) tendremos que ajustar los nombres de columnas del archivo que hemos importado con los campos de contacto de <strong>EasyBroker</strong>:</p><figure><img alt="Subir contactos CRM" src="https://cdn-images-1.medium.com/max/525/0*oH_xhuGmlefUAjqY.jpg" /></figure><p>Al acabar de relacionar los nombres de las columnas de la base de datos con los campos de contacto de <strong>EasyBroker</strong>, le daremos a <em>Subir</em> y saldrá la pantalla de <em>Importación Finalizada</em>. Tendremos la opción de ir a ver sólo los datos importados o bien volver a la pantalla de <em>Contactos</em>:</p><figure><img alt="Subir importes" src="https://cdn-images-1.medium.com/max/525/0*8r8TJHUQPIZKvm8h.jpg" /></figure><p>Esta nueva forma simplificada de importar contactos y propiedades te ayudará a hacer <strong>más rápido la actualización de tu base de datos</strong> de contactos y de propiedades. ¡Úsala cuando recibas emails de nuevos prospectos o nuevas propiedades que publicar!</p>]]></content:encoded>
        </item>
        <item>
            <title><![CDATA[Cambia la forma de subir propiedades a Craigslist, pero no su potencial]]></title>
            <link>https://blog.easybroker.com/cambia-la-forma-de-subir-propiedades-a-craigslist-pero-no-su-potencial-d0c389f122</link>
            <guid isPermaLink="false">https://medium.com/p/d0c389f122</guid>
            <category><![CDATA[consejos]]></category>
            <category><![CDATA[easybroker]]></category>
            <dc:creator><![CDATA[Isaac Vázquez]]></dc:creator>
            <pubDate>Wed, 04 Dec 2013 19:56:44 GMT</pubDate>
            <atom:updated>2016-12-28T20:04:57.718Z</atom:updated>
            <content:encoded><![CDATA[<p>Hasta el pasado mes de noviembre en <strong>EasyBroker</strong> dábamos la posibilidad de subir automáticamente a <strong>Craigslist</strong> un aviso inmobiliario compuesto por título, descripción del inmueble, fotografía, mapa de ubicación y enlace para redirigir al potencial cliente hacia nuestro <strong>sitio web inmobiliario</strong>.</p><p>Sin embargo Craigslist ha cambiado sus políticas de publicación de avisos, obligando a subir todos los datos de manera manual. Por este motivo, desde EasyBroker ya no puedes enviar las propiedades a Craigslist. Ahora cada usuario que quiera publicar sus avisos en este sitio de clasificados lo tendrá que hacer de manera manual: desde la propia web de Craigslist.</p><p>La web de avisos también ha limitado el diseño de los anuncios: ya no se pueden personalizar las páginas de avisos. Ahora los anuncios de Craigslist solo pueden tener 12 fotografías y son menos llamativos, como el siguiente ejemplo:</p><figure><img alt="craigslist propiedades" src="https://cdn-images-1.medium.com/max/525/0*0bSxCzWXOcSRjPpl.jpg" /></figure><p>Fuente: Craigslist</p><h4>Consejos para que tus propiedades sobresalgan en Craigslist</h4><p>Con los nuevos límites de Craigslist tendremos no solo que subir manualmente nuestro anuncio sino que centrarnos enllamar la atención de los usuarios a través de precisas palabras que aporten valor e interés al cliente potencial y en <a href="http://www.easybroker.com/es/blog/2008-10-consejos-para-las-fotos-de-sus-propiedades/">elegir bien las fotos del inmueble</a>. Veamos qué factores podemos modificar para destacar nuestro inmueble.</p><h4>Título del aviso inmobiliario</h4><p>Por una vez que se lee un cuerpo de texto de un anuncio, 5 veces se ha leído el titular, dice el publicista David Ogilvy. <strong>El título, el nombre de la propiedad, es muy importante para captar clientes potenciales</strong>, ejerce de gancho. Tenemos que describir lo más importante del inmueble, por ejemplo el número de recámaras, y su ubicación son buenos consejos, como ya señalamos en la publicación de este blog cómo nombrar su propiedad.</p><p>Algunos títulos comunes en Craigslist y que son ejemplo de lo que no se debe hacer serían: U<em>na joya escondida en Puerto Vallarta</em>, <em>Casa de vacaciones en renta</em>, o E<em>xcelente y moderno departamento en venta</em>.</p><p>Un ejemplo de título óptimo para atraer potenciales clientes sería: <em>Departamento 3 Recámaras Col. Nápoles, México DF</em>.</p><h4>Descripción del inmueble</h4><p>El vendedor se debe poner en el lugar de un cliente potencial y preguntarse a sí mismo: ¿Qué es lo que llama la atención de ese inmueble? ¿Cuál es el atractivo que decantaría una compra? Hay que buscar <strong>aquello que incremente el valor de una propiedad</strong> y describirlo sin artificios como los adjetivos “fantástico”, “encantador” o usando demasiados signos de exclamación. Estos hacen sospechar a los potenciales clientes que el inmueble tiene algo malo.</p><p>Craigslist ya no deja modificar libremente la fuente tipográfica, sin embargo <strong>sí permite la negrita y la cursiva</strong>. Podemos utilizar la negrita para destacar a primer golpe de vista una o dos características importantes y atractivas de nuestro inmueble. Un ejemplo:</p><p><em>100m2 repartidos en 3 recámaras, 2 baños, una cocina y una sala. </em><strong><em>Piso laminado</em></strong><em>. 10 años de construcción. </em><strong><em>2 estacionamientos</em></strong><em>. Cerca de las estaciones de metrobus La Piedad, Poliforum y Napoles (línea 1) y de estación de metro San Antonio (Línea 7)</em></p><h4>Fotografías de los inmuebles</h4><p><strong>El alma de un aviso inmobiliario son las fotografías</strong>. Es importante que éstas sean de calidad tanto en el formato como en lo que muestran. Es útil subir al menos 5 y tenemos que tener en cuenta que ahora Craigslist sólo permite 12 imágenes por anuncio y solo una imagen destacada, por lo que tenemos que elegir la más hermosa y la que más valor aporte como la principal. Tenlo en cuenta a la hora de ordenar la galería de imágenes.</p><h4>No abandones Craigslist</h4><p>Recuerda que <strong>EasyBroker</strong> sigue enviando tus propiedades a <a href="http://www.easybroker.com/es/blog/ayuda/manejo-de-propiedades-y-publicaciones/%C2%BFen-que-portales-inmobiliarios-publican-mis-avisos-inmobiliarios/">más de 10 portales inmobiliarios</a>, aunque tristemente ya no podemos hacerlo a Craigslist. Sin embargo te recomendamos subir manualmente tus propiedades a este sitio porque Craigslist sigue siendo una de las páginas de avisos más importantes de todo el mundo, ¡no cierres ninguna posibilidad de llegar a miles de clientes potenciales!</p>]]></content:encoded>
        </item>
        <item>
            <title><![CDATA[¡Descubre las nuevas características de la página principal de EasyAviso!]]></title>
            <link>https://blog.easybroker.com/descubre-las-nuevas-caracter%C3%ADsticas-de-la-p%C3%A1gina-principal-de-easyaviso-f4314f8aff02</link>
            <guid isPermaLink="false">https://medium.com/p/f4314f8aff02</guid>
            <category><![CDATA[red-de-easybroker]]></category>
            <dc:creator><![CDATA[Isaac Vázquez]]></dc:creator>
            <pubDate>Sat, 30 Nov 2013 00:22:41 GMT</pubDate>
            <atom:updated>2016-12-28T20:04:20.356Z</atom:updated>
            <content:encoded><![CDATA[<p>Hemos estado trabajando en <a href="http://easyaviso.com">EasyAviso</a>, el <strong>portal inmobiliario de México</strong> asociado a EasyBroker, para brindar una mejor experiencia a los usuarios, tanto los que buscan <strong>comprar</strong> como <strong>vender</strong> o <strong>rentar una propiedad.</strong></p><p>Una de las mejoras que hemos realizado es la de poder hacer <strong>búsquedas de inmuebles en más de una colonia o delegación a la vez</strong> desde el buscador principal. Por ejemplo, ahora se puede buscar una propiedad en Polanco y en la Nápoles de manera simultánea. Antes había que buscar primero en Polanco, ver todos sus resultados, y después hacer lo propio con los inmuebles de la Nápoles.</p><figure><img alt="Buscar Venta Renta Departamentos México" src="https://cdn-images-1.medium.com/max/515/0*UqPAlrK3rDHcCHGo.jpg" /></figure><p>También se ha añadido la característica de <em>Propiedades Similares</em>. Cuando un usuario haga clic en un inmueble y se abra la página, debajo de las fotografías y de la descripción de la propiedad, aparecerán otros inmuebles con características parecidas en cuanto a zona y precio.</p><figure><img alt="Propiedades Similares Encontrar Departamento" src="https://cdn-images-1.medium.com/max/525/0*tfApKako3Otl4UVo.jpg" /></figure><p>Y además, ¡hemos <strong>mejorado la velocidad de carga de la página</strong>!</p><p>Recordamos que cuando publicas tus propiedades en <strong>EasyBroker</strong>, aparecen automáticamente en <strong>EasyAviso</strong>. ¡Aprovecha <strong>todo el potencial de la red de EasyBroker</strong> para llegar a más usuarios y ampliar tu base de datos de clientes potenciales!</p>]]></content:encoded>
        </item>
        <item>
            <title><![CDATA[Las peores fotografías de Bienes Raíces]]></title>
            <link>https://blog.easybroker.com/las-peores-fotograf%C3%ADas-de-bienes-ra%C3%ADces-976d252eca09</link>
            <guid isPermaLink="false">https://medium.com/p/976d252eca09</guid>
            <category><![CDATA[consejos]]></category>
            <category><![CDATA[fotografía]]></category>
            <dc:creator><![CDATA[Isaac Vázquez]]></dc:creator>
            <pubDate>Fri, 08 Nov 2013 18:06:52 GMT</pubDate>
            <atom:updated>2016-12-28T20:04:38.376Z</atom:updated>
            <content:encoded><![CDATA[<p>La fotografía es uno de los recursos más importantes en los anuncios de propiedades: seducen, transmiten sensaciones, son muy informativos…pero si no las tratamos con cuidado pueden hacernos llorar…pero de risa, como las imágenes de auténticos avisos de inmuebles que recoge la página <a href="http://terriblerealestateagentphotos.com/">Terrible Real Estate Agent Photos</a> que sirven para aprender lo que no hay que hacer.</p><h4>Los Extras en las Fotografías</h4><p>No hay nada peor que alguien se cuele en tu casa, en tu fiesta…o en tu fotografía. Existen diferentes tipos de “invitados” que no te ayudarán nada en hacer atractiva una propiedad:</p><figure><img alt="Personas 5" src="https://cdn-images-1.medium.com/max/500/0*FV_FLrv_s2E7Sa1l.jpg" /></figure><p>Al menos sabemos que aceptan animales en esta propiedad.</p><figure><img alt="Personas 3" src="https://cdn-images-1.medium.com/max/500/0*Ikp7eXT8JM-6kxub.jpg" /></figure><p>“¿El anterior inquilino? Esto…tuvo un problema, pero le aseguro que fue un accidente.”</p><figure><img alt="Personas 4" src="https://cdn-images-1.medium.com/max/500/0*aV9mZSA1Asb1Gv6Z.jpg" /></figure><p>El espejo siempre traiciona la mañana después de la fiesta y al agente inmobiliario.</p><figure><img alt="Personas 2" src="https://cdn-images-1.medium.com/max/500/0*xpFNpBsCq9GH6jmG.jpg" /></figure><p>Felicitamos a este agente inmobiliario, aprendió el <em>Cortar</em> y <em>Pegar</em> en <em>Photoshop</em>, ahora solo falta que conozca cuándo debe usarlo.</p><h4>El interior de los inmuebles</h4><p>El poder de una buena fotografía es mostrar lo que de otra manera — especialmente las palabras- no podría creerse, incluso para mal:</p><figure><img alt="Enfoque 8" src="https://cdn-images-1.medium.com/max/500/0*Z5ZEpsPmfjnfX8AM.jpg" /></figure><p>¿La aspiradora (<em>hoover</em>) irá incluida en la casa o solo la caja y el resto de la basura?</p><figure><img alt="Enfoque 3" src="https://cdn-images-1.medium.com/max/500/0*iCYq8z677pmzr1AE.jpg" /></figure><p>A veces se hace cualquier cosa para no vender.</p><figure><img alt="Enfoque 5" src="https://cdn-images-1.medium.com/max/500/0*f0pifcMDu8bFcNCD.jpg" /></figure><p>El arte moderno, un gran incomprendido también en el rubro inmobiliario.</p><h4>Cuidado con la Perspectiva</h4><p>Tomar descuadrada una foto puede hacer creer que la propiedad está mal construida, ¡no te arriesgues a que te pasen estas cosas!:</p><figure><img alt="Vertical Horizontal 2" src="https://cdn-images-1.medium.com/max/500/0*3u5dzRc0lWAJY14-.jpg" /></figure><p>Una foto fantástica, si tu target son personas con problemas de cuello.</p><h4>El exterior</h4><p>La belleza también está en el exterior, por eso muéstrala sin complejo:</p><figure><img alt="Exterior 3" src="https://cdn-images-1.medium.com/max/500/0*3E3je2UcUjqEVh5l.jpg" /></figure><p>“Un, dos, tres…¡por la casa que está detrás del árbol!”</p><figure><img alt="Exterior 2" src="https://cdn-images-1.medium.com/max/500/0*d_JXLjTigoLJNgPS.jpg" /></figure><p>Amor de lejos…</p><h4>Nitidez</h4><p>Si tu imagen no es lo suficientemente clara, es mejor que uses las palabras</p><figure><img alt="Borroso" src="https://cdn-images-1.medium.com/max/500/0*rAJBxbnrkZTzud3v.jpg" /></figure><p>“Y así es como verás el depa un viernes a las 5.00 am cuando vuelves del antro”</p><h4>La luz</h4><p>Mucha luz impide ver, como la oscuridad. Se trata de enseñar no de esconder:</p><figure><img alt="Luz 2" src="https://cdn-images-1.medium.com/max/500/0*3cO3s0hkHvswpwzl.jpg" /></figure><p>El claroscuro es una técnica que nunca combinará con los globos de una fiesta</p><figure><img alt="Luz 3" src="https://cdn-images-1.medium.com/max/500/0*H_NLDNAqWw78tgwL.jpg" /></figure><p>Poner más luz no hará que tu propiedad brille más</p><h4>10 Consejos para tomar mejor tus fotos de inmuebles</h4><ul><li>Sujeta firmemente con las dos manos la cámara, te ayudará a no poner el dedo delante del objetivo, o usa trípode o apoya la cámara sobre un objeto estable, por ejemplo una mesa</li><li>Busca el ángulo correcto en las habitaciones donde haya espejos, para no aparecer reflejados</li><li>Si está mal orientada, gírala con algún editor de imágenes como Gimp</li><li>La luz natural siempre es mejor, no obstruyas las ventanas</li><li>No hagas fotografías a contraluz ya que no se verán más que sombras y perfiles</li><li>Evita usar el flash cuando enfoques superficies reflejantes como los espejos o los elementos metálicos, como las llaves de baños y cocinas, provocan reflejos y fogonazos</li><li>Más vale pocas fotografías de valor, que muestran detalles importantes, que muchas imágenes repetitivas que no enseñan nada</li><li>Mantén limpia y ordenada la propiedad, como si la fueras a mostrar</li><li>Muestra sólo lo que vas a vender. Si los muebles no van incluidos, espera a que esté vacía la casa para tomar las fotografías</li><li>Cuando tomas una fotografía del exterior, el edificio debe ser el gran protagonista, procura que no haya personas ni objetos delante de él y deja un poco de aire entre el final de la propiedad y los bordes de la foto</li></ul><p>Qué no te de miedo esta galería de los horrores, no abandones las fotografías en tu estrategia de venta. Las imágenes son imprescindibles para publicitar una propiedad. Solo procura actuar con sentido común y siguiendo unas <a href="http://www.easybroker.com/es/blog/2008-10-consejos-para-las-fotos-de-sus-propiedades/">pautas básicas de la fotografía inmobiliaria</a>.</p>]]></content:encoded>
        </item>
        <item>
            <title><![CDATA[¿Ya usas el video como herramienta de marketing inmobiliario?]]></title>
            <link>https://blog.easybroker.com/ya-usas-el-video-como-herramienta-de-marketing-inmobiliario-9f4281c85502</link>
            <guid isPermaLink="false">https://medium.com/p/9f4281c85502</guid>
            <category><![CDATA[marketing]]></category>
            <category><![CDATA[easybroker]]></category>
            <category><![CDATA[consejos]]></category>
            <dc:creator><![CDATA[Isaac Vázquez]]></dc:creator>
            <pubDate>Fri, 01 Nov 2013 01:12:57 GMT</pubDate>
            <atom:updated>2016-12-28T20:04:44.589Z</atom:updated>
            <content:encoded><![CDATA[<p>Si una buena fotografía de una recámara o de una cocina es más concisa y atractiva que un anuncio por palabras, ¿por qué no dar un paso más en nuestra <strong>estrategia de marketing inmobiliario</strong> y utilizar el video? Se trata de una herramienta que está poco extendida entre agentes y sociedades de bienes raíces pero que ofrece un significativo número de beneficios:</p><ul><li>Es el medio de comunicación más descriptivo y permite a los clientes potenciales <strong>tener una idea más real de la propiedad</strong> sin tener que desplazarse</li><li>Los clientes potenciales pueden visualizarlo 24 horas al día, esto permite que puedan volver a ver la casa cuando y donde quieran; los agentes inmobiliarios pueden enviar por mail el video después de la visita para ayudarles a recordar cómo era la propiedad</li><li>Permite la interactividad de agentes inmobiliarios con los usuarios, a través de los comentarios; y entre los potenciales clientes y su entorno: pueden enseñarle el video a sus familiares, amigos, consejeros…</li><li>Te ayuda a generar una mayor confianza porque le estás mostrando algo real</li><li>Ayuda al <strong>posicionamiento </strong><a href="http://www.easybroker.com/es/blog/category/seo-inmobiliario/"><strong>SEO inmobiliario</strong></a><strong> </strong>ya que Google rankea muy bien los videos y es un nicho que no está explotado en México. Prueba a buscar en Google “cómo hacer un ensayo” o simplemente la palabra “origami”. Encontrarás en la primera página resultados en video guía de cómo escribir un ensayo o para hacer un origami. Sin embargo “rentar casa Mexico” o “renta casa Cuernavaca”, no arrojará ningún resultado de video. ¡Haz la prueba!</li></ul><figure><img alt="Google Rankea muy bien los vídeos" src="https://cdn-images-1.medium.com/max/500/0*PuONwNDtDaolYfW6.jpg" /></figure><h4>5 Imprescindibles consejos para Grabar tus Propiedades</h4><p>No hace falta ninguna cámara profesional para hacer un video de una propiedad ya que los celulares disponen de una alta calidad en las grabaciones. Así que puedes aprovechar cuando hagas fotografías del inmueble y <strong>hacer pequeños videos y subirlos a YouTube</strong> (u otra plataforma pero esta es la más recomendable porque es de Google). Sigue estos 5 consejos para que tus videos se vean profesionales.</p><ol><li>Colócate en una de las esquinas de las habitaciones para conseguir una panorámica. Tomaremos el celular firmemente con las dos manos y giraremos el tronco de manera lentamente de izquierda a derecha, o al revés.</li><li>No andes mientras estás grabando porque el resultado será una imagen temblorosa y que no será atractiva</li><li>Busca las fuentes de luz natural, como las ventanas. Si el lugar es oscuro, utiliza un pequeño foco portatil</li><li>Procura grabar en silencio</li><li>Elige un nombre para publicarlo en YouTube que describa el lugar donde está ubicada la propiedad. Un mal nombre sería Departamento Fraccionamiento Arboleda, porque no es realmente descriptivo — existen muchos fraccionamientos con este nombre en diferentes lugares- y no informa bien al usuario ni a Google. Un buen nombre sería Departamento en renta calle Tonalá Roma Norte DF — Inmobiliaria Juan Pérez.</li></ol><h4>Sube tu video inmobiliario a YouTube en 3 pasos</h4><ol><li>Para subir un video a YouTube primero debemos de ingresar nuestra cuenta de YouTube o de Google. En la barra superior encontraremos el botón <em>Subir</em>, le hacemos clic.</li></ol><figure><img alt="" src="https://cdn-images-1.medium.com/max/500/0*KDvwbuaJqtcgqkfU.jpg" /></figure><ol><li>Deberás seleccionar el archivo entre tus carpetas o bien lo puedes arrastrar hasta la pantalla. Tendrás qué elegir el tipo de privacidad. Te sugerimos que sea público para que llegue a un mayor número de potenciales clientes:</li></ol><figure><img alt="Segundo paso para subir videos youtube" src="https://cdn-images-1.medium.com/max/500/0*RXxJM-jHxhfD2WIA.jpg" /></figure><ol><li>Automáticamente se subirá y te pedirá un Título, una Descripción y los Tags, que servirán para que los usuarios te encuentren.Te recomendamos que sigas la misma guía que para <a href="http://www.easybroker.com/es/blog/2008-09-que-hay-en-un-nombre/">poner nombre a un aviso inmobiliario.</a></li></ol><figure><img alt="Descripción en los videos de YouTube para el SEO Inmobiliario" src="https://cdn-images-1.medium.com/max/500/0*qnCUHImO5d3cdQkG.jpg" /></figure><p>Cuando ya esté subido en YouTube te aparecerá el siguiente mensaje:</p><figure><img alt="" src="https://cdn-images-1.medium.com/max/500/0*ZBy_pFgOF7VzVP4Y.jpg" /></figure><p>Ahora podrás subir a tu aviso inmobiliario de EasyBroker tan solo copiando la URL del video y copiándola en la página de Propiedades de EasyBroker.</p><p>Estos consejos deberían ayudarte para comenzar a utilizar los videos como parte de una estrategia de marketing inmobiliario más completa. Te ayudará a llegar un mayor número de potenciales clientes y a obtener mejores posiciones en las búsquedas de Google. ¿A qué esperas para grabar tus propiedades y subirlas a YouTube e EasyBroker?</p>]]></content:encoded>
        </item>
        <item>
            <title><![CDATA[Más información en tus reportes]]></title>
            <link>https://blog.easybroker.com/m%C3%A1s-informaci%C3%B3n-en-tus-reportes-ce2d0bc4fb70</link>
            <guid isPermaLink="false">https://medium.com/p/ce2d0bc4fb70</guid>
            <category><![CDATA[easybroker]]></category>
            <category><![CDATA[gestión-de-inmuebles]]></category>
            <category><![CDATA[novedades]]></category>
            <dc:creator><![CDATA[Isaac Vázquez]]></dc:creator>
            <pubDate>Wed, 23 Oct 2013 16:06:33 GMT</pubDate>
            <atom:updated>2016-12-28T20:04:56.912Z</atom:updated>
            <content:encoded><![CDATA[<p>[caption id=”attachment_5296&quot; align=”alignnone” width=”500&quot; caption=”Ejemplo de cruce de datos en el nuevo reporte”]</p><figure><img alt="Buscando en... e Interesados, novedades en el reporte del CMR Inmobiliario EasyBroker" src="https://cdn-images-1.medium.com/max/500/0*EkTQKA4fVQEHoMSS.png" /></figure><p>[/caption]</p><p>¿Conoces las dos nuevas columnas de Reportes de Contactos? Son<em> Buscando</em> e <em>Interesados en…</em> que permiten filtrar y cruzar más rápida la información de las demandas de tus contactos y de las propiedades que tienes y que has mostrado o quieres mostrar a tus clientes potenciales.</p><ul><li><em>Buscando</em> muestra las características de las propiedades que piden los clientes, por ejemplo un departamento con 3 recámaras en la delegación Benito Juárez. Para obtener esta columna tienes que haber usado previamente las <a href="http://www.easybroker.com/es/blog/2010-07-ahora-es-todavia-mas-facil-gestionar-tus-clientes-potenciales-inmobiliarios/">búsquedas guardadas</a>.</li><li><em>Interesados en… </em>muestra las propiedades por las que se sienten o se podrían sentir atraídos los contactos.</li></ul><p>Para agregar estas dos nuevas variables al <em>Reporte</em> tenemos que entrar en <em>Contactos</em> y marcamos los usuarios que nos interesen. Hacemos clic en <em>Reportes</em>, y en el desplegable elegimos <em>General</em>. Las nuevas columnas no aparecerán por defecto, así que tendremos que dar clic en <em>Agregar o quitar columnas</em>, y seleccionamos <em>Buscando</em> o <em>Interesados en…</em> o ambas, y ya tenemos listo el reporte con esta información que permite saber qué ocurre con los inmuebles y si se le está dando un óptimo servicio a las peticiones de los clientes potenciales.</p><p>Si bien en EasyBroker ya teníamos las opciones de añadir la información de qué buscan los usuarios y de nuestras propiedades ofertadas, éstas no aparecían en el <em>Reporte de Contacto</em> y era más lento el cruce de datos: se tenía que realizar de manera individual, usuario por usuario.</p><p>Cabe destacar que esta actualización se ha llevado a cabo tras una sugerencia de uno de nuestros clientes. Si tú también tienes alguna necesidad, proposición o requieres ayuda, no dudes en <a href="http://www.easybroker.com/es/contact/">contactarnos</a>.</p>]]></content:encoded>
        </item>
        <item>
            <title><![CDATA[¡Novedades en la versión móvil!]]></title>
            <link>https://blog.easybroker.com/novedades-en-la-versi%C3%B3n-m%C3%B3vil-2b828d7499b9</link>
            <guid isPermaLink="false">https://medium.com/p/2b828d7499b9</guid>
            <category><![CDATA[novedades]]></category>
            <category><![CDATA[gestión-de-inmuebles]]></category>
            <dc:creator><![CDATA[Isaac Vázquez]]></dc:creator>
            <pubDate>Fri, 11 Oct 2013 21:29:26 GMT</pubDate>
            <atom:updated>2016-12-28T20:04:44.600Z</atom:updated>
            <content:encoded><![CDATA[<figure><img alt="" src="https://cdn-images-1.medium.com/max/290/0*mvS7g9UwPKnGeNWY.jpg" /></figure><p>A principio de año lanzamos nuestra versión móvil para ayudarte a vender y organizar tu negocio aún estando fuera de la oficina. La versión móvil te permite revisar tus propiedades, contactos y tareas desde una interfaz especialmente diseñada para tu teléfono y tableta. Recién acabamos de añadir algunas funcionalidades a esta versión:</p><ul><li>Videos: Además de los mapas y las fotografías ahora nuestra versión móvil te permite mostrar los videos de tus propiedades. ¡Añade más videos a tus propiedades y muéstralos a tus clientes desde tu celular!</li><li>Tareas: También ahora podrás crear, modificar y asignar tareas desde cualquier dispositivo móvil. Recuerda que puedes programar las tareas para horas específicas habilitando con ello un recordatorio por correo 15 minutos antes de la tarea.</li></ul><p>Aprovecha las nuevas funcionalidades descargando la versión móvil a la pantalla de inicio de tu celular o tableta. Ingresa a <a href="http://easybroker.com/m">easybroker.com/m</a> desde tu dispositivo y usa la opción de <em>Añadir a pantalla de inicio</em> -usuarios iOS- o <em>Agregar a la página principal</em> -usuarios Android- para comenzar a usarla ya.</p>]]></content:encoded>
        </item>
    </channel>
</rss>