<?xml version="1.0" encoding="UTF-8"?><rss xmlns:dc="http://purl.org/dc/elements/1.1/" xmlns:content="http://purl.org/rss/1.0/modules/content/" xmlns:atom="http://www.w3.org/2005/Atom" version="2.0" xmlns:cc="http://cyber.law.harvard.edu/rss/creativeCommonsRssModule.html">
    <channel>
        <title><![CDATA[EasyBroker - Medium]]></title>
        <description><![CDATA[Consejos, noticias y mejores prácticas para hacer más competitiva tu inmobiliaria. - Medium]]></description>
        <link>https://blog.easybroker.com</link>
        <image>
            <url>https://cdn-images-1.medium.com/proxy/1*TGH72Nnw24QL3iV9IOm4VA.png</url>
            <title>EasyBroker - Medium</title>
            <link>https://blog.easybroker.com</link>
        </image>
        <generator>Medium</generator>
        <lastBuildDate>Mon, 03 Dec 2018 18:45:57 GMT</lastBuildDate>
        <atom:link href="https://blog.easybroker.com/feed" rel="self" type="application/rss+xml"/>
        <webMaster><![CDATA[yourfriends@medium.com]]></webMaster>
        <atom:link href="http://medium.superfeedr.com" rel="hub"/>
        <item>
            <title><![CDATA[¡Mejoramos la forma de publicar y editar tus inmuebles!]]></title>
            <link>https://blog.easybroker.com/mejoramos-la-forma-de-publicar-y-editar-tus-inmuebles-7f5b893121b7</link>
            <guid isPermaLink="false">https://medium.com/p/7f5b893121b7</guid>
            <category><![CDATA[novedades]]></category>
            <category><![CDATA[easybroker]]></category>
            <category><![CDATA[gestión-de-inmuebles]]></category>
            <dc:creator><![CDATA[Isaac Vázquez]]></dc:creator>
            <pubDate>Fri, 28 Oct 2016 22:37:07 GMT</pubDate>
            <atom:updated>2018-09-21T22:00:11.297Z</atom:updated>
            <content:encoded><![CDATA[<figure><img alt="" src="https://cdn-images-1.medium.com/max/1024/1*lwOHH7nniFaKOMIIL12qWQ.png" /></figure><figure><img alt="" src="https://cdn-images-1.medium.com/max/673/1*7V3z1BOcDByL0aqnnbHGVg.png" /></figure><p>Estamos estrenando dos características que te ayudarán a gestionar aún mejor los inmuebles de tu inventario y harán más fácil que te apoyes en tu equipo para su publicación.</p><p>Nuestro primer estreno te ayudará a que tus asesores sean más independientes: ahora puedes darle permiso a cada usuario de ver todo el inventario de tu cuenta y <a href="https://blog.easybroker.com/es/2016-10-tus-usuarios-ahora-podran-editar-unicamente-sus-propiedades/">editar únicamente las propiedades que tiene asignadas</a>.</p><p>El segundo cambio ayudará a todo tu equipo a saber exactamente en dónde se están publicando sus propiedades. <a href="https://blog.easybroker.com/es/2016-10-cambiamos-nuestros-estatus-de-propiedades/">Hemos cambiado los estatus de propiedad</a> y agregamos descripciones que harán aún más sencillo entenderlos.</p><p>¡Esperamos que estas nuevas características te ayuden en la gestión de inventario!</p>]]></content:encoded>
        </item>
        <item>
            <title><![CDATA[¡Tus usuarios ahora podrán editar únicamente sus propiedades!]]></title>
            <link>https://blog.easybroker.com/tus-usuarios-ahora-podr%C3%A1n-editar-%C3%BAnicamente-sus-propiedades-9dbeac430d85</link>
            <guid isPermaLink="false">https://medium.com/p/9dbeac430d85</guid>
            <category><![CDATA[novedades]]></category>
            <category><![CDATA[gestión-de-inmuebles]]></category>
            <category><![CDATA[easybroker]]></category>
            <dc:creator><![CDATA[Isaac Vázquez]]></dc:creator>
            <pubDate>Fri, 28 Oct 2016 18:45:47 GMT</pubDate>
            <atom:updated>2018-09-21T22:01:27.096Z</atom:updated>
            <content:encoded><![CDATA[<figure><img alt="" src="https://cdn-images-1.medium.com/max/912/1*ePNT0wIjUNSzUv9P-jMC0w.png" /></figure><p>Para que tus usuarios tengan más independencia y puedan realizar cambios en sus inmuebles más rápidamente, ahora puedes darles el permiso para que editen únicamente las propiedades que tienen asignadas. Esto hará que ya no tengan que depender de un administrador para hacer modificaciones y a la vez elimina el riesgo de que por error cambien la información de las propiedades de otros usuarios.</p><p>Este cambio responde a sus sugerencias, ya que antes si tus usuarios tenían el permiso de editar propiedades podían editar todas las que podían ver. El nuevo permiso lo encontrarás dentro del perfil de tus usuarios, junto con los demás:</p><figure><img alt="" src="https://cdn-images-1.medium.com/max/685/1*3VIQm0qQhGJJy8FmNdfjvg.png" /></figure><p>¡Esperamos que esta nueva característica agilice los tiempos de tu equipo y permita a tus asesores ser más independientes!</p>]]></content:encoded>
        </item>
        <item>
            <title><![CDATA[¡Cambiamos nuestros estatus de propiedades!]]></title>
            <link>https://blog.easybroker.com/cambiamos-nuestros-estatus-de-propiedades-ce657ae18cdd</link>
            <guid isPermaLink="false">https://medium.com/p/ce657ae18cdd</guid>
            <category><![CDATA[gestión-de-inmuebles]]></category>
            <category><![CDATA[novedades]]></category>
            <category><![CDATA[easybroker]]></category>
            <dc:creator><![CDATA[Isaac Vázquez]]></dc:creator>
            <pubDate>Fri, 28 Oct 2016 18:45:37 GMT</pubDate>
            <atom:updated>2016-12-28T20:04:23.231Z</atom:updated>
            <content:encoded><![CDATA[<p>Queremos que siempre sepas la difusión que tienen todos tus inmuebles, por lo que cambiamos nuestros estatus y les agregamos descripciones para que sean mucho más claros. De esta manera sabrás exactamente qué propiedades están publicadas en todo momento.</p><p>Podrás notar que nuestros nuevos estatus son los siguientes:</p><figure><img alt="Verás que cada estatus ahora tiene una sección que lo explica" src="https://cdn-images-1.medium.com/max/696/0*5pWysujtyO2_SJc1.jpg" /></figure><p>Notarás que hay un cambio notorio: lo que antes era una propiedad <em>Activa sin publicar</em> ahora aparece como <em>No publicada</em>. Ahora todas las propiedades publicadas aparecen en la Red de EasyBroker y además las enviamos a nuestros portales afiliados gratuitos. Como sabemos que algunas veces es necesario que la propiedad se muestre únicamente en tu sitio web y no se comparta en los portales o en la red, lo que puedes hacer es marcarla como <em>No Publicada</em>. EasyBroker te preguntará si quieres tenerla publicada en tu sitio web, y así sabrás que es el único lugar en donde será visible.</p><p>Esperamos que este cambio haga mucho más claros los estatus de tus propiedades y que sea más fácil saber en dónde las estás difundiendo.</p>]]></content:encoded>
        </item>
        <item>
            <title><![CDATA[¡Properati se transforma en un portal Premium!]]></title>
            <link>https://blog.easybroker.com/properati-se-transforma-en-un-portal-premium-c35bdb13a1f8</link>
            <guid isPermaLink="false">https://medium.com/p/c35bdb13a1f8</guid>
            <category><![CDATA[easybroker]]></category>
            <category><![CDATA[gestión-de-inmuebles]]></category>
            <category><![CDATA[novedades]]></category>
            <category><![CDATA[marketing]]></category>
            <dc:creator><![CDATA[Isaac Vázquez]]></dc:creator>
            <pubDate>Wed, 28 Sep 2016 19:55:37 GMT</pubDate>
            <atom:updated>2016-12-28T20:04:16.689Z</atom:updated>
            <content:encoded><![CDATA[<figure><img alt="Properati es nuestro nuevo portal premium" src="https://cdn-images-1.medium.com/max/1024/0*NkrhsmUQ8qWoEclN.png" /></figure><p>Como sabemos lo importante que es tener la certeza de dónde están publicados tus inmuebles, ¡nuestros amigos de Properati ahora son un portal Premium sin costo alguno para que puedas tener mejor control de tus publicaciones!</p><p>Para aprovechar este cambio, debes hacer lo siguiente:</p><ul><li>Entra a <em>Sitios Afiliados Premium</em>, dentro del menú de <em>Configuración</em>.</li><li>Localiza el logo de Properati y da clic en el botón verde que dice Conectar.</li><li>Coloca el correo principal de tu empresa y da clic en Guardar.</li></ul><figure><img alt="Conecta automáticamente tu cuenta de EasyBroker con Properati" src="https://cdn-images-1.medium.com/max/1024/0*WcuTIbNvChmmq2L_.jpg" /></figure><p>¡Eso es todo! Ya puedes seleccionar tus propiedades para que se publiquen en ese portal. Esto puedes hacerlo al subir una propiedad nueva o desde tu inventario de propiedades, usando el menú de acciones. Tus propiedades quedarán publicadas en Properati en 24 horas.</p><figure><img alt="Selecciona qué propiedades publicar en Properati" src="https://cdn-images-1.medium.com/max/836/0*QU9XpwsG63-4BnYp.jpg" /></figure><p>La integración te permitirá elegir exactamente qué propiedades quieres que estén en Properati, dándote un mayor control de tu inventario a la vez que tienes más visibilidad. ¡Esperamos que esta nueva alianza sea una buena noticia para ustedes también!</p>]]></content:encoded>
        </item>
        <item>
            <title><![CDATA[¡Ya puedes suspender propiedades masivamente!]]></title>
            <link>https://blog.easybroker.com/ya-puedes-suspender-propiedades-masivamente-e53ac85a1d63</link>
            <guid isPermaLink="false">https://medium.com/p/e53ac85a1d63</guid>
            <category><![CDATA[novedades]]></category>
            <category><![CDATA[easybroker]]></category>
            <category><![CDATA[gestión-de-inmuebles]]></category>
            <dc:creator><![CDATA[Isaac Vázquez]]></dc:creator>
            <pubDate>Tue, 27 Sep 2016 23:30:10 GMT</pubDate>
            <atom:updated>2018-09-21T21:47:32.284Z</atom:updated>
            <content:encoded><![CDATA[<figure><img alt="" src="https://cdn-images-1.medium.com/max/1024/1*8VCAd_B4NYv9p1g7eJs1IQ.png" /></figure><p>Cuando estás haciendo limpieza de tu inventario, es muy útil colocar propiedades directamente como suspendidas para que no se muestren más y no te estorben. Anteriormente sólo podías hacer esto entrando a cada propiedad y modificando el estatus; como este proceso no es lo más eficiente, ahora puedes suspender propiedades masivamente. ¡Limpiar tu inventario es facilísimo con esta nueva opción!</p><p>Hacerlo es muy sencillo:</p><ul><li>Entra a la sección de <em>Propiedades.</em></li><li>Selecciona con el cuadrito de la izquierda los inmuebles que ya no necesitas tener siempre visibles o a los que ya no les darás más seguimiento.</li><li>En el menú morado que aparece da clic en <em>Estatus</em>.</li><li>Selecciona la opción de <em>Suspender</em>.</li></ul><p>Hecho esto, agregaremos una leyenda roja a esos inmuebles para distinguirlos y ya no aparecerán en tu inventario a menos que tengas activada la casilla de <em>Incluir Cerradas</em>, en la sección de <em>Más Filtros. </em>Esperamos que esta herramienta te ayude a tener tu inventario todavía más organizado.</p>]]></content:encoded>
        </item>
        <item>
            <title><![CDATA[¡Te presentamos los análisis comparativos de mercado de EasyBroker!]]></title>
            <link>https://blog.easybroker.com/te-presentamos-los-reportes-de-mercado-de-easybroker-b1fe7c33d73b</link>
            <guid isPermaLink="false">https://medium.com/p/b1fe7c33d73b</guid>
            <category><![CDATA[red-de-easybroker]]></category>
            <category><![CDATA[novedades]]></category>
            <category><![CDATA[herramientas-tecnológicas]]></category>
            <category><![CDATA[consejos]]></category>
            <category><![CDATA[easybroker]]></category>
            <dc:creator><![CDATA[Isaac Vázquez]]></dc:creator>
            <pubDate>Thu, 15 Sep 2016 18:11:07 GMT</pubDate>
            <atom:updated>2018-09-21T21:40:02.004Z</atom:updated>
            <content:encoded><![CDATA[<figure><img alt="" src="https://cdn-images-1.medium.com/max/812/1*CjICz1yBZAJEjOWpihb1xg.png" /></figure><p>Nos alegra anunciarles que una de las características más solicitadas ya está en EasyBroker: ¡los análisis comparativos de mercado! Sabemos que esta herramienta te permite dar más confianza y una mejor atención, ya que te ayudará a asesorar a tu propietario antes y durante el proceso de avalúo para que puedas darle un panorama general de la zona en la que se encuentra su inmueble, con lo que brindarás una imagen aún más profesional.</p><p>Generar los análisis de mercado es muy sencillo: debes entrar a la <em>Bolsa Inmobiliaria</em> y seleccionar el tipo de operación y el tipo de propiedad para hacer el estudio. Te recomendamos también delimitar el área en la que quieres buscar, ya sea por colonia o para ser aún más preciso en la ubicación con la característica de <a href="https://blog.easybroker.com/es/2015-05-echa-un-vistazo-a-la-nueva-forma-de-encontrar-propiedades-y-clientes-potenciales/"><em>Buscar usando el mapa</em></a>. Puedes seguir agregando filtros para hacerlo aún más específico e EasyBroker te mostrará las propiedades en la zona que cumplan con los requisitos. Ya que tienes los filtros que quieres para tener propiedades lo más similares posibles a las de tu propietario, puedes seleccionar hasta 15 de ellas. Una vez hecho esto, en el menú que aparece cuando seleccionas las propiedades verás el botón <em>Crear análisis comparativo</em>. ¡Dale clic e EasyBroker automáticamente lo generará!</p><figure><img alt="" src="https://cdn-images-1.medium.com/max/812/1*NYGhZ-kbNlOaHjELViifZA.png" /></figure><p>Podrás ver precios máximos, mínimos y promedios, así como metros cuadrados, el precio por ellos, los días que lleva publicado el anuncio y otros datos que te ayudarán a darle un panorama bastante específico a tus clientes potenciales. Recuerda que este reporte será tan específico como las propiedades que selecciones para realizarlo, por lo que siempre puedes generar varios para la misma zona con distintas propiedades para que tu cliente pueda tener más información. ¡Te recordamos también que puedes agregar al estudio las propiedades cerradas en los últimos 6 meses, para enriquecerlo todavía más!</p><figure><img alt="" src="https://cdn-images-1.medium.com/max/866/1*fNM-4FNOU0uELpkONOVtIw.png" /></figure><p>Los estudios de mercado provienen directamente de sus sugerencias. Sabemos que es algo muy útil para su inmobiliaria y esperamos que les ayuden en su día a día. Si tienen comentarios o sugerencias para enriquecer los reportes de mercado, nos encantará recibirlos.</p>]]></content:encoded>
        </item>
        <item>
            <title><![CDATA[¡Ahora todos tus usuarios pueden ver el reporte de interesados completo!]]></title>
            <link>https://blog.easybroker.com/ahora-todos-tus-usuarios-pueden-ver-el-reporte-de-interesados-completo-b50e5788364d</link>
            <guid isPermaLink="false">https://medium.com/p/b50e5788364d</guid>
            <category><![CDATA[gestión-de-inmuebles]]></category>
            <category><![CDATA[easybroker]]></category>
            <dc:creator><![CDATA[Isaac Vázquez]]></dc:creator>
            <pubDate>Fri, 09 Sep 2016 00:38:24 GMT</pubDate>
            <atom:updated>2016-12-28T20:04:38.396Z</atom:updated>
            <content:encoded><![CDATA[<figure><img alt="Todos tus usuarios ahora pueden ver el reporte completo" src="https://cdn-images-1.medium.com/max/717/0*8piJg6mlbhPhcDQ6.jpg" /></figure><p>Seguramente quieres informarle a un propietario lo que opinan los clientes que visitan su propiedad. Como sabes, el reporte de interesados te permite agregar clientes potenciales a una propiedad y colocar los comentarios y observaciones que hacen, así como actualizar su estado. Sin embargo, si tu propietario te pide un reporte completo y no contabas con el permiso para ver los contactos que no tienes asignados, no podías ver la lista completa de interesados y tenías que pedir a un administrador el reporte completo. Para que todo sea más inmediato, ahora puedes ver también los interesados en una propiedad aunque el contacto no esté asignado a ti, sino a uno de tus compañeros, sin importar qué permisos tiene tu usuario. ¡De esta manera podrás obtener el reporte completo al instante!</p><p>Este cambio te permitirá visualizar a todos los contactos interesados en una propiedad y los status que han actualizado tus compañeros de equipo. De esta manera estarás al tanto de lo que están comentando sobre el inmueble y si el propietario te habla directamente y te pide el reporte de interesados, puedes generarlo al instante y enviárselo.</p><figure><img alt="Podrás editar tus interesados y sólo ver los de los demás" src="https://cdn-images-1.medium.com/max/724/0*Mjy7mgEfzVKZ6uyY.jpg" /></figure><p>Algo importante: aunque podrás ver el nombre y el comentario que hicieron los clientes de tus compañeros, no podrás ver su información de contacto ni editar los comentarios realizados. Esto es para que cada usuario siga teniendo la exclusividad de sus propios contactos y se evite cualquier malentendido. Con los clientes cuyo nombre aparece en azul podrás actualizar el estatus, agregar comentarios y visualizar sus datos de contacto.</p><p>¡Ojalá este cambio te ayude a consentir aún más a tus propietarios!</p>]]></content:encoded>
        </item>
        <item>
            <title><![CDATA[¡Estrenamos un nuevo diseño para los volantes!]]></title>
            <link>https://blog.easybroker.com/estrenamos-un-nuevo-dise%C3%B1o-para-los-volantes-f1a2834ae8eb</link>
            <guid isPermaLink="false">https://medium.com/p/f1a2834ae8eb</guid>
            <category><![CDATA[novedades]]></category>
            <category><![CDATA[gestión-de-inmuebles]]></category>
            <category><![CDATA[easybroker]]></category>
            <dc:creator><![CDATA[Isaac Vázquez]]></dc:creator>
            <pubDate>Tue, 30 Aug 2016 23:59:44 GMT</pubDate>
            <atom:updated>2018-09-21T19:54:12.349Z</atom:updated>
            <content:encoded><![CDATA[<figure><img alt="" src="https://cdn-images-1.medium.com/max/912/1*quQRwVNIO5MpAlnrtDY-jA.png" /></figure><p>Hace poco te compartimos el rediseño de las fichas de propiedad. Para que también puedas entregarle a tus clientes un volante más atractivo, mejoramos su diseño para que puedas utilizarlos como una carta de presentación muy profesional cuanto vayas a una visita o un recorrido.</p><figure><img alt="" src="https://cdn-images-1.medium.com/max/812/1*RKSXmu6-KCayBS-dku5Oxg.png" /></figure><p>Puedes elegir si quieres un volante que incluya el domicilio exacto o no, y una vez que decidas EasyBroker lo generará en automático. La primera página siempre incluirá las primeras tres fotografías y toda la información de tu propiedad. Además, las siguientes fotografías se colocarán en las páginas que siguen, por si quieres imprimirlas también y entregárselas a tu cliente.</p><figure><img alt="" src="https://cdn-images-1.medium.com/max/794/1*hCnfQs07sjUT84HiaG3Ilw.png" /></figure><p>Recuerda que puedes generar el volante de la propiedad que necesites entrando a la ficha y dando clic en el botón que dice <em>Crear volante</em>. Una vez que des clic, en la ventana que aparece, tienes la oportunidad de modificar la descripción de una ficha. Esto es muy útil para esas ocasiones en que la descripción es muy larga y quieres que todo el texto esté en una sola página, o si necesitas corregir algún error ortográfico rápidamente en la propiedad de uno de tus compañeros que no puedes editar.</p><p>Esperamos que estas nuevas fichas de propiedad te ayuden a construir una imagen más profesional para tu inmobiliaria y posicionarla entre tus clientes potenciales.</p>]]></content:encoded>
        </item>
        <item>
            <title><![CDATA[¡Rediseñamos la ficha de propiedad que envías a tus clientes!]]></title>
            <link>https://blog.easybroker.com/redise%C3%B1amos-la-ficha-de-propiedad-que-env%C3%ADas-a-tus-clientes-cacea044c3c4</link>
            <guid isPermaLink="false">https://medium.com/p/cacea044c3c4</guid>
            <category><![CDATA[novedades]]></category>
            <category><![CDATA[easybroker]]></category>
            <dc:creator><![CDATA[Isaac Vázquez]]></dc:creator>
            <pubDate>Thu, 11 Aug 2016 18:43:47 GMT</pubDate>
            <atom:updated>2016-12-28T20:04:26.957Z</atom:updated>
            <content:encoded><![CDATA[<figure><img alt="Las fichas de propiedad que envías por mail renuevan su diseño" src="https://cdn-images-1.medium.com/max/690/0*2K_hPnqodFDC2o1k.png" /></figure><p>Sabemos que las fichas que envías desde EasyBroker son una gran carta de presentación y deben darle a tus clientes una buena impresión. Pensando en ello, rediseñamos las fichas para que sean todavía más agradables y contengan la información más importante de una propiedad, para que tus clientes potenciales puedan ver todos los datos que necesitan rápidamente.</p><p>Una de las principales ventajas de este diseño es que las fichas ahora tienen más fotografías, por lo que tu cliente podrá darse una idea inmediata de la propiedad sólo con ver la ficha. Si tiene curiosidad por ver más información, incluimos la liga a tu sitio web como siempre para que pueda revisar todos los detalles.</p><p>Para que todo siga la misma línea, si utilizas la opción en la que se envían las fichas de propiedad resumidas, podrás disfrutar un nuevo diseño también actualizado.</p><figure><img alt="También la versión resumida de las fichas estrena diseño" src="https://cdn-images-1.medium.com/max/690/0*eeEolOFhWks_ZZ28.png" /></figure><p>Esperamos que te agraden estos cambios, ¡verás que tus clientes los apreciarán!</p>]]></content:encoded>
        </item>
        <item>
            <title><![CDATA[¡Envía propiedades de otras inmobiliarias con todas sus fotos!]]></title>
            <link>https://blog.easybroker.com/env%C3%ADa-propiedades-de-otras-inmobiliarias-con-todas-sus-fotos-8d530d72c339</link>
            <guid isPermaLink="false">https://medium.com/p/8d530d72c339</guid>
            <category><![CDATA[easybroker]]></category>
            <category><![CDATA[novedades]]></category>
            <category><![CDATA[red-de-easybroker]]></category>
            <dc:creator><![CDATA[Isaac Vázquez]]></dc:creator>
            <pubDate>Wed, 03 Aug 2016 15:13:02 GMT</pubDate>
            <atom:updated>2018-09-21T20:13:21.998Z</atom:updated>
            <content:encoded><![CDATA[<figure><img alt="" src="https://cdn-images-1.medium.com/max/912/1*XgO2X4mqrNzOIReWge6U3w.png" /></figure><p>Como ya sabes, la <em>Bolsa Inmobiliaria</em> te permite encontrar y enviar propiedades de otras inmobiliarias que pueden interesarle a tus clientes. Para que la experiencia sea aún mejor, ahora puedes enviar fichas de propiedad de cualquier otro usuario de EasyBroker y tu cliente potencial podrá ver todas las fotografías, el mapa, la descripción y todos los demás datos públicos. ¡De esta manera podrán ver más detalles del inmueble que encontraste para ellos!</p><p>Este cambio es una mejora muy importante para la colaboración entre usuarios de EasyBroker. Aunque antes podías mandar fichas de propiedades que no eran tuyas por correo, no tenían el enlace para ver más detalles, por lo que si el inmueble era de otro inmobiliario y tu cliente te solicitaba más fotografías tenías que pedirlas directamente al asesor que subió la propiedad, haciendo más lento el proceso. Con esto en mente, creamos las fichas públicas de propiedades, para que puedas enviar toda la información del inmueble rápidamente.</p><p>Además, para evitar cualquier confusión, la ficha pública de la propiedad muestra los datos de contacto del asesor que envió la ficha de propiedad, no los del asesor que la subió. De esta manera, tú como asesor puedes enviar inmuebles de otros usuarios de EasyBroker con la confianza de que tu cliente potencial no se confundirá ni empezará a hablar con la otra inmobiliaria.</p><figure><img alt="" src="https://cdn-images-1.medium.com/max/738/1*m_LJpJxkncFqAIEdbBCgnA.png" /></figure><p>Recuerda que nosotros sólo mostraremos la información pública de cada inmueble. Enviar una ficha de propiedad más completa no significa que ya no tendrás que contactar al asesor que la tiene para consultar la información privada, como la ubicación exacta, ya que eso es visible exclusivamente para la cuenta que tiene la propiedad. La ventaja es que tu cliente podrá ver todas las fotografías y toda la información en cuanto le envíes la ficha.</p><p>Para aprovechar esta característica, sólo tienes que entrar a la <em>Bolsa Inmobiliaria</em>, encontrar las propiedades que te interesan y enviárselas a tu cliente. El mail con las propiedades tiene el título destacado para que cuando tu cliente haga clic, mostraremos la ficha de la propiedad en la página pública de EasyBroker con tus datos. No importa el dispositivo desde que tu cliente vea la ficha pública, ya que se adaptan a móviles y tablets automáticamente.</p><figure><img alt="" src="https://cdn-images-1.medium.com/max/618/1*RNL35Y3-Cz4-1UVmsM6s1A.png" /></figure><p>Con esta cambio ya no perderás tiempo pidiendo las fotos a otros asesores y tus clientes potenciales notarán tu rapidez para encontrarles nuevas opciones, además de que podrán decidir cuál de todas las opciones que les envías les gusta más sin que tengas que hacer tanto trabajo. ¡Esperamos que disfruten esta nueva característica!</p>]]></content:encoded>
        </item>
    </channel>
</rss>