<?xml version="1.0" encoding="UTF-8"?><rss xmlns:dc="http://purl.org/dc/elements/1.1/" xmlns:content="http://purl.org/rss/1.0/modules/content/" xmlns:atom="http://www.w3.org/2005/Atom" version="2.0" xmlns:cc="http://cyber.law.harvard.edu/rss/creativeCommonsRssModule.html">
    <channel>
        <title><![CDATA[EasyBroker - Medium]]></title>
        <description><![CDATA[Consejos, noticias y mejores prácticas para hacer más competitiva tu inmobiliaria. - Medium]]></description>
        <link>https://blog.easybroker.com</link>
        <image>
            <url>https://cdn-images-1.medium.com/proxy/1*TGH72Nnw24QL3iV9IOm4VA.png</url>
            <title>EasyBroker - Medium</title>
            <link>https://blog.easybroker.com</link>
        </image>
        <generator>Medium</generator>
        <lastBuildDate>Mon, 03 Dec 2018 18:45:57 GMT</lastBuildDate>
        <atom:link href="https://blog.easybroker.com/feed" rel="self" type="application/rss+xml"/>
        <webMaster><![CDATA[yourfriends@medium.com]]></webMaster>
        <atom:link href="http://medium.superfeedr.com" rel="hub"/>
        <item>
            <title><![CDATA[Desconexión temporal del servicio: febrero 13 y 14]]></title>
            <link>https://blog.easybroker.com/desconexi%C3%B3n-temporal-del-servicio-febrero-13-y-14-e226fcfae86f</link>
            <guid isPermaLink="false">https://medium.com/p/e226fcfae86f</guid>
            <category><![CDATA[easybroker]]></category>
            <dc:creator><![CDATA[Isaac Vázquez]]></dc:creator>
            <pubDate>Tue, 14 Feb 2012 19:41:08 GMT</pubDate>
            <atom:updated>2016-12-28T20:05:19.693Z</atom:updated>
            <content:encoded><![CDATA[<p>Ayer por la tarde, alrededor de las 5 PM EST (hora del este de los Estados Unidos), perdimos la conexión con nuestra central de datos, lo que impidió el acceso tanto a EasyBroker como a los sitios de nuestros clientes hasta alrededor de las 12:30 PM EST de hoy. Desafortunadamente esta desconexión ha sido la de mayor duración que hemos tenido desde que lanzamos EasyBroker en 2007. Aún no contamos con los detalles completos de la fuente del problema, pero el proveedor que maneja nuestra central de datos asegura que perdieron la conexión a Internet debido a una falla de hardware. No estamos seguros por qué les tomó tanto tiempo resolverlo, pero seguiremos investigando el problema y tomaremos las medidas necesarias para que no vuelva a suceder.</p><p>Lamentamos mucho lo sucedido y sabemos lo importante que es el tener acceso a su sitio y a sus datos en todo momento.</p><p>Por favor, <a href="http://www.easybroker.com/es/contact">comuníquense</a> con nosotros si tienen dudas o preguntas.</p>]]></content:encoded>
        </item>
        <item>
            <title><![CDATA[Consejos básicos para tu sitio web]]></title>
            <link>https://blog.easybroker.com/consejos-b%C3%A1sicos-para-tu-sitio-web-cac2fac83afa</link>
            <guid isPermaLink="false">https://medium.com/p/cac2fac83afa</guid>
            <category><![CDATA[easybroker]]></category>
            <category><![CDATA[consejos]]></category>
            <dc:creator><![CDATA[Isaac Vázquez]]></dc:creator>
            <pubDate>Mon, 30 Jan 2012 20:40:12 GMT</pubDate>
            <atom:updated>2016-12-28T20:03:59.422Z</atom:updated>
            <content:encoded><![CDATA[<p>No basta con tener un sitio web. Hay que tener un sitio web que sea <strong>agradable </strong>a la vista, con contenidos de <strong>calidad</strong> y que ayude a captar la mayor cantidad posible de clientes potenciales. A continuación, te compartirmos una serie de sencillos pasos que puedes llevar a cabo para mejorar la imagen de tu sitio web inmobiliario creado con EasyBroker.</p><h4>La imagen de tu sitio web</h4><p>Si quieres sacarle un mayor provecho a tu sitio y que éste represente a tu empresa inmobiliaria, asegúrate de:</p><p>[caption id=”attachment_4044&quot; align=”aligncenter” width=”500&quot;]</p><figure><img alt="" src="https://cdn-images-1.medium.com/max/1024/0*kiG8CXdkbtiOhLw_.png" /></figure><p>Ejemplo de sitio web con la plantilla Archetype (haz clic para agrandar)[/caption]</p><ol><li>Incluir el <strong>logotipo </strong>de tu empresa y crear un enlace a tu página de inicio, así los clientes pueden regresar a ésta haciendo clic en tu logo sin importar en qué parte de tu sitio estén.</li><li><a href="http://www.easybroker.com/es/blog/ayuda/crear-actualizar-y-configurar-su-sitio-web/%C2%BFcomo-edito-el-menu-principal-de-mi-sitio-web/">Personalizar el menú</a> de tu sitio web. Tal vez tu empresa no ofrezca propiedades en alquiler o quisieras tener una <a href="http://www.easybroker.com/es/blog/2010-05-nuevo-en-easybroker-muestra-desarrollo-de-nuevas-casa-en-tu-sitio-web/">página separada de Desarrollos</a>, sea cual sea tu caso, también puedes <a href="http://www.easybroker.com/es/blog/ayuda/crear-actualizar-y-configurar-su-sitio-web/%C2%BFcomo-edito-el-menu-principal-de-mi-sitio-web/">agregar, quitar o renombrar las páginas</a> de tu sitio web.</li><li><strong>Personalizar </strong>el texto de las páginas de <strong>Contáctanos, Propietarios y ¿Quiénes somos?</strong> En cada una incluye información relevante, tal como: lo felices que estarán de atender las solicitudes de los visitantes y resolver sus dudas, cómo pueden asesorar a los propietarios y brindarles el mejor servicio, y un poco de la historia de la compañía. Además, estas tres páginas comparten una barra lateral opcional en la que podrías incluir tus datos de contacto, como tu teléfono, dirección, algunas ligas de interés o incluso fotografías de tu equipo de asesores.</li><li>Añadir <a href="http://www.easybroker.com/es/blog/ayuda/crear-actualizar-y-configurar-su-sitio-web/%C2%BFcomo-cambio-las-fotos-de-la-pagina-principal-en-la-plantilla-archetype/">imágenes personalizadas a los botones</a> (sólo aplica para la plantilla Archetype), mostrando así tus propiedades en lugar de las que vienen ahí por defecto.</li><li>Publicar tus propiedades con <a href="http://www.easybroker.com/es/blog/2008-09-que-hay-en-un-nombre/">nombres adecuados</a> y <a href="http://www.easybroker.com/es/blog/2010-04-la-importancia-de-la-fotografia-en-un-aviso-inmobiliario/">fotografías atractivas</a>. Los visitantes querrán darse una idea de qué estás ofreciendo en el menor tiempo posible, por lo que es importante <strong>atraerlos</strong> rápidamente.</li><li><a href="http://www.easybroker.com/es/blog/ayuda/crear-actualizar-y-configurar-su-sitio-web/%C2%BFcomo-hago-que-una-propiedad-aparezca-en-mi-sitio-web-como-destacada/">Marcar como destacadas</a> a tus propiedades más <strong>representativas</strong>. Esto hará que aparezcan en tu página de inicio y les dará mayor prominencia.</li><li><a href="http://www.easybroker.com/es/blog/ayuda/crear-actualizar-y-configurar-su-sitio-web/%C2%BFcomo-personalizo-el-contenido-de-mi-sitio-web/">Escribir una bienvenida</a> en la página principal de tu sitio. En pocas palabras, explícale a tus visitantes qué puedes hacer por ellos y por qué deben hacer negocio contigo.</li><li>Colocar tu<strong> información de contacto</strong> en el pie de página: teléfono, correo electrónico y dirección. De esta manera, pueden saber cómo localizarte desde cualquier parte de tu sitio.</li></ol><p>Esto es sólo el principio de lo que puedes hacer con tu sitio de EasyBroker, te recomendamos que visites la <a href="http://www.easybroker.com/es/blog/ayuda/crear-actualizar-y-configurar-su-sitio-web/">sección de sitio web</a> de nuestra página de ayuda.</p><h4>Otros consejos de utilidad</h4><ul><li>Aprovecha que tu suscripción a EasyBroker <a href="http://www.easybroker.com/es/blog/ayuda/crear-actualizar-y-configurar-su-sitio-web/%C2%BFcomo-creo-mi-propio-dominio/">incluye un dominio personalizado</a> y deja de utilizar tu dominio temporal de EasyBroker.</li><li>Si ya cuentas con un <strong>dominio existente</strong>, <a href="http://www.easybroker.com/es/blog/ayuda/crear-actualizar-y-configurar-su-sitio-web/%C2%BFcomo-utilizo-mi-propio-dominio-con-mi-sitio-web-de-easybroker/">apúntalo a tu sitio web de EasyBroker</a> y haz que tus clientes te encuentren con más facilidad.</li><li><a href="http://www.easybroker.com/es/blog/ayuda/integrando-sus-emails/%C2%BFcomo-configuro-mi-email/">Crea tus direcciones de correo electrónico</a> con tu dominio personalizado, es momento de dejar atrás esa cuenta de Hotmail.</li><li>En caso que no estés familiarizado con <strong>SEO </strong>y lo que puede hacer para que te encuentren en buscadores como Google, puede leer nuestra guía introductoria, y una vez que entiendas los conceptos puedes llevar a cabo algunos <a href="http://www.easybroker.com/es/blog/2011-04-5-pasos-para-mejorar-el-seo-de-tu-sitio-web/">pasos para mejorar el SEO</a> de tu sitio.</li><li>Si deseas medir el <strong>tráfico </strong>de tu sitio, te recomendamos que utilices <a href="http://www.easybroker.com/es/blog/2010-04-usa-google-analytics-para-optimizar-tu-sitio-web-inmobiliario/">Google Analytics</a>, servicio que te puede ayudar a rastrear varias estadísticas que seguro te serán de utilidad para medir la popularidad de tus propiedades y tomar decisiones en el futuro basadas en esto.</li></ul><p>Como siempre, recuerda que tienes al equipo de <a href="http://www.easybroker.com/es/contact">Soporte</a> de EasyBroker, el cual está siempre dispuesto a ayudarte y a darte nuevos consejos para que tu sitio web funcione aún mejor.</p>]]></content:encoded>
        </item>
        <item>
            <title><![CDATA[Chatea y ofrece ayuda en tiempo real desde tu sitio web de EasyBroker]]></title>
            <link>https://blog.easybroker.com/chatea-y-ofrece-ayuda-en-tiempo-real-desde-tu-sitio-web-de-easybroker-c4ed6ee8acea</link>
            <guid isPermaLink="false">https://medium.com/p/c4ed6ee8acea</guid>
            <category><![CDATA[herramientas-tecnológicas]]></category>
            <category><![CDATA[consejos]]></category>
            <dc:creator><![CDATA[Isaac Vázquez]]></dc:creator>
            <pubDate>Tue, 17 Jan 2012 20:57:17 GMT</pubDate>
            <atom:updated>2016-12-28T20:04:22.661Z</atom:updated>
            <content:encoded><![CDATA[<p>Sabemos que la comunicación constante y en ocasiones instantánea es vital en esta industria, ya que puede representar el ganar o perder un cliente. Habrá casos en que los visitantes de tu sitio web tendrán dudas que les gustaría fueran respondidas en ese mismo momento; por eso, en esta entrada te explicamos cómo puedes tener tu propio servicio de chat y de solución de dudas en tu sitio web creado con EasyBroker.</p><p>Ambos servicios que te sugerimos a continuación son en inglés y ofrecen distintos planes dependiendo del nivel de servicio que requieras. Te sugerimos que los analices y una vez que decidas cuál quieres sigas las instrucciones que te presentamos a continuación.</p><p><strong>Configuración de SnapEngage:</strong><br>1. Ve a <a href="http://www.snapengage.com">www.snapengage.com</a><br>2. Haz clic en <em>Free Tria</em>l<br>3. Coloca tu email, tu nombre, tu contraseña y tu teléfono, haz clic en <em>Sign up</em><br>4. Una vez en tu cuenta de SnapEngage, ve a la sección <em>Widget</em>.<br>5. En la sección de <em>Get the code</em> copia el texto que aparece en verde y en <em>Language </em>selecciona <em>Español</em></p><figure><img alt="Código de SnapEngage e idioma" src="https://cdn-images-1.medium.com/max/520/0*nlbAOolwl917Ua9g.png" /></figure><p>6.Ahora envíanos un correo a soporte@easybroker.com con todo el código que hayas obtenido, para que podamos agregarlo a tu sitio y puedas disfrutar del chat en tu sitio.<br>7. Una vez que esté listo, te enviaremos un correo de respuesta para avisarte que ya puedes utilizar tu chat.<br>8. Si quieres configurar el chat, desde tu cuenta de SnapEngage ve a <em>Widget — Proactive Chat</em> y elige las opciones que más se adecuen a tus necesidades.</p><p><strong>Configuración de Zopim:</strong><br>1. Ve a <a href="http://www.zopim.com">www.zopim.com</a><br>2. Haz clic en<em> Sign up now!</em><br>3. Coloca tu email, nombre, haz clic en <em>Gimme my account!</em><br>4. Recibirás un email de confirmación, ve <em>Dashboard URL</em> y una vez que estés ahí coloca el password que está incluido en el correo<br>5. Ve a la sección <em>Embed widget on my site</em> y copia el texto que a continuación señalamos</p><figure><img alt="Código de Zopim" src="https://cdn-images-1.medium.com/max/520/0*vghA4aLzfptNy_pm.png" /></figure><p>6. Ahora envíanos todo el código que hayas obtenido con cualquier instrucción extra, a soporte@easybroker.com.<br>7. Cuando esté listo, te enviaremos un correo para cofirmarte que ya puedes disfrutar de tu chat en tu sitio web</p>]]></content:encoded>
        </item>
        <item>
            <title><![CDATA[Feliz Año Nuevo!]]></title>
            <link>https://blog.easybroker.com/feliz-a%C3%B1o-nuevo-1fa171361863</link>
            <guid isPermaLink="false">https://medium.com/p/1fa171361863</guid>
            <category><![CDATA[easybroker]]></category>
            <category><![CDATA[general]]></category>
            <dc:creator><![CDATA[Isaac Vázquez]]></dc:creator>
            <pubDate>Mon, 02 Jan 2012 21:55:40 GMT</pubDate>
            <atom:updated>2016-12-28T20:05:16.662Z</atom:updated>
            <content:encoded><![CDATA[<p>Espero que hayan tenido un año tan excelente como exitoso. Ha sido un placer trabajar con ustedes y haberlos ayudado a expandir sus negocios.</p><p>Inicié EasyBroker hace cinco años, y estoy muy alegre de poder anunciar que el 2011 concluyó como nuestro primer año rentable. Fue un largo camino poder llegar hasta este punto, con muchos altibajos, pero ha sido uno de los retos más desafiantes y divertidos de mi vida. Estoy emocionado de saber que ahora tenemos más recursos para expandir nuestro equipo y mejorar EasyBroker a un ritmo incluso más veloz.</p><p>Para nosotros también ha sido un año ocupado. Debajo, verán un pequeño resumen de las nuevas características y mejoras que lanzamos durante el 2011.</p><ul><li><a href="http://www.easybroker.com/es/blog/2011-04-nueva-presentacion-de-diapositivas-compatible-con-iphone-y-ipad/">Todas las plantillas de sitios web son ahora compatibles con iPhone y iPad</a></li><li>Nuevos permisos para <a href="http://www.easybroker.com/es/blog/2011-04-nuevo-permiso-para-cambiar-la-informacion-de-facturacion-y-realizar-pagos/">cambiar la información de facturación</a> y <a href="http://www.easybroker.com/es/blog/2011-07-la-nueva-actualizacion-te-da-mas-control-sobre-quien-puede-publicar-propiedades/">publicar propiedades</a></li><li>Tus propiedades se publican ahora también en <a href="http://www.easybroker.com/es/blog/2011-05-publica-tus-propiedades-en-donkiz/">Donkiz</a>, <a href="http://www.easybroker.com/es/blog/2011-09-tus-propiedades-ahora-tambien-se-publican-en-nuroa/">Nuroa </a>y <a href="http://www.easybroker.com/es/blog/2011-06-publica-tus-propiedades-en-divendo/">Divendo</a></li><li><a href="http://www.easybroker.com/es/blog/2011-06-mejoras-para-los-contactos-y-clientes-potenciales/">Nuevas mejoras para los contactos y clientes potenciales</a></li><li><a href="http://www.easybroker.com/es/blog/2011-07-anade-informacion-adicional-de-tu-empresa-e-impuestos-a-tus-recibos/">Añade información adicional de tu empresa e impuestos a tus recibos</a></li><li>Dos nuevas plantillas de sitios web: <a href="http://www.easybroker.com/es/blog/2011-11-refresca-tu-sitio-web-de-easybroker-con-ipanema/">Ipanema </a>y <a href="http://www.easybroker.com/es/blog/2011-09-nadea-una-nueva-opcion-de-diseno-para-tu-sitio-web-inmobiliario/">Nadea</a></li><li><a href="http://www.easybroker.com/es/blog/2011-10-archetype-estrena-nuevos-colores/">Nuevos colores para la plantilla Archetype</a></li><li>Nuevo <a href="http://www.easybroker.com/es/blog/2011-09-el-nuevo-tablero-muestra-el-desempeno-de-tu-equipo/">reporte del tablero para actividades</a> y <a href="http://www.easybroker.com/es/blog/2011-10-los-nuevos-reportes-de-actividades-te-permiten-conocer-mas-de-tus-propiedades-y-contactos/">reportes de actividades generales</a></li><li><a href="http://www.easybroker.com/es/blog/2011-12-ola-brasil/">EasyBroker está ahora disponible de manera oficial en Brasil</a></li></ul><p>También agregamos varios documentos nuevos a la <a href="http://www.easybroker.com/es/blog/ayuda/">sección de ayuda</a> de nuestro sitio web, y ahora también ofrecemos soporte en línea, para que les sea incluso más fácil contactarnos.</p><p>Esperamos que hayan encontrado útiles estas nuevas funciones y mejoras. Gracias por su apoyo y su ayuda en hacer de EasyBroker un éxito.</p><p>Les deseo un feliz y próspero 2012.</p><p>Eric Northam<br>Founder &amp; CEO, EasyBroker</p>]]></content:encoded>
        </item>
        <item>
            <title><![CDATA[Olá Brasil!]]></title>
            <link>https://blog.easybroker.com/ol%C3%A1-brasil-8a7d9512a5b8</link>
            <guid isPermaLink="false">https://medium.com/p/8a7d9512a5b8</guid>
            <category><![CDATA[novedades]]></category>
            <category><![CDATA[easybroker]]></category>
            <dc:creator><![CDATA[Isaac Vázquez]]></dc:creator>
            <pubDate>Thu, 01 Dec 2011 21:48:05 GMT</pubDate>
            <atom:updated>2016-12-28T20:04:39.284Z</atom:updated>
            <content:encoded><![CDATA[<figure><img alt="" src="https://cdn-images-1.medium.com/max/500/0*gWuE5CnLMhT2ySHE.jpg" /></figure><p>EasyBroker continúa creciendo y expandiendo sus operaciones, en esta ocasión anunciamos con mucho gusto nuestro lanzamiento oficial en <strong>Brasil</strong>. A partir de ahora, todos los agentes inmobiliarios de este importante país podrán contar con una solución en línea para sus necesidades inmobiliarias completamente traducida en su idioma. Próximamente serán lanzados el blog y la sección de ayuda en portugués, mientras tanto, si llegaras a tener alguna duda o comentario, por favor ponte en <a href="http://www.easybroker.com/es/contact">contacto</a> con nosotros.</p><p>Si tienes colegas conocidos en Brasil invítalos a que nos <a href="http://www.easybroker.com/pt">visiten</a> y descubran lo que puede hacer EasyBroker por su negocio.</p><p><em>Imagen cortesía de Sergio Araujo Pereira</em></p>]]></content:encoded>
        </item>
        <item>
            <title><![CDATA[Refresca tu sitio web con Ipanema]]></title>
            <link>https://blog.easybroker.com/refresca-tu-sitio-web-con-ipanema-17eb51a4d4c6</link>
            <guid isPermaLink="false">https://medium.com/p/17eb51a4d4c6</guid>
            <category><![CDATA[novedades]]></category>
            <category><![CDATA[easybroker]]></category>
            <dc:creator><![CDATA[Isaac Vázquez]]></dc:creator>
            <pubDate>Tue, 22 Nov 2011 16:40:45 GMT</pubDate>
            <atom:updated>2016-12-28T20:04:58.630Z</atom:updated>
            <content:encoded><![CDATA[<figure><img alt="" src="https://cdn-images-1.medium.com/max/528/0*7RShgPcm9nvT5IBK.jpg" /></figure><p>Los aires brasileños empiezan a invadir a EasyBroker, y para muestra de esto nuestra más reciente plantilla: <strong>Ipanema</strong>. Con un look moderno, limpio y colorido, esta plantilla se une a las ya existentes para brindarte un total de <strong>6 opciones</strong> distintas de diseño para tu sitio web. Recuerda que tu opinión siempre nos interesa, así que si tienes alguna duda o sugerencia ponte en contacto con nosotros.</p>]]></content:encoded>
        </item>
        <item>
            <title><![CDATA[zuKsa usa EasyBroker para impulsar su negocio inmobiliario]]></title>
            <link>https://blog.easybroker.com/zuksa-usa-easybroker-para-impulsar-su-negocio-inmobiliario-6a5b1bb1ed7f</link>
            <guid isPermaLink="false">https://medium.com/p/6a5b1bb1ed7f</guid>
            <category><![CDATA[casos-de-estudio]]></category>
            <dc:creator><![CDATA[Isaac Vázquez]]></dc:creator>
            <pubDate>Thu, 27 Oct 2011 18:05:41 GMT</pubDate>
            <atom:updated>2016-12-28T20:06:59.455Z</atom:updated>
            <content:encoded><![CDATA[<figure><img alt="" src="https://cdn-images-1.medium.com/max/300/0*LgAMcjAW_PJB4_TN.jpg" /></figure><p><em>Platicamos con Jorge Zúñiga, Director General de zuKsa, una empresa con más de 18 años de experiencia en el ramo inmobiliario, y Vicepresidente de Tecnología de la Asociación Mexicana de Profesionales Inmobiliarios (AMPI). Él nos compartió un poco de la historia de cómo llegó a EasyBroker y cómo le ha servido a él y a su equipo a través de estos más de 2 años de uso.</em></p><p>Administrar una empresa de bienes raíces no es tarea sencilla, y mucho menos cuando ésta es de las más importantes del área de Tijuana, México. Precisamente por eso, Jorge necesitaba encontrar una herramienta que le ayudara a él y a su equipo a publicar su inventario de propiedades en línea, administrar sus contenidos, gestionar de una manera sencilla a sus clientes potenciales, y sobretodo tener una página amigable que le diera confianza a los usuarios y clientes potenciales. Encontrar el software que le ofreciera todo eso no fue una misión sencilla, y después de analizar otras opciones que no se adaptaron a lo que ellos necesitaban, eligieron EasyBroker. Las razones según lo platicado, comenzaron por el lado estético, ya que como inmobiliaria es muy importante tener una imagen que sea atractiva para los clientes potenciales y que se sientan cómodos usándola. También influyó el hecho que fuera sencillo de utilizar, permitiendo que la capacitación a los asesores se volviera más rápida. Finalmente, otra cosa que le llamó la atención a Jorge fue la calidad del servicio, ya que sus dudas fueron resueltas rápidamente y se logró ofrecer una solución exacta a lo que buscaba.</p><p>[caption id=”attachment_3581&quot; align=”aligncenter” width=”500&quot; caption=”Jorge (de corbata verde) y el equipo de zuKsa”]</p><figure><img alt="" src="https://cdn-images-1.medium.com/max/500/0*Mvg8BEWktgKqvwTV.jpg" /></figure><p>[/caption]</p><p>Al ir usando EasyBroker, rápidamente surgieron algunas características que destacaban de acuerdo al tipo de usuario en zuKsa. Por ejemplo, desde el punto de vista del Director General, es importante tener el control de la información y saber que está resguardada correctamente, así se asegura que no haya malos manejos de lo que es uno de los activos más importantes de las inmobiliarias, ya que sin éste no habría qué vender ni a quién venderles: su portafolio de propiedades y contactos. A los asesores les resulta más sencillo el proceso de captura de los clientes, así como el poder ver y editar de manera rápida y fácil los detalles de los clientes y atender sus necesidades; y por supuesto, les gusta el saber que su información está disponible las 24 horas del día sin importar en el lugar en el que estén. A través de estos años, zuKsa ha incrementado entre un 10 y 15 por ciento las visitas a su sitio y prospectos de venta mensuales, así como también ha crecido el equipo de asesores. Esto se debe en parte a que la gente que usa la página de Internet de la empresa puede encontrar fácilmente toda la información relevante de las propiedades que ofrecen, además de que internamente permite a los asesores concentrarse más en la parte de atención al cliente y ofrecerles soluciones más cercanas a lo que realmente necesitan.</p><p>[caption id=”attachment_3582&quot; align=”aligncenter” width=”531&quot; caption=”Página principal de zuKsa.net”]</p><figure><img alt="" src="https://cdn-images-1.medium.com/max/531/0*QnyyNNNz6QWTQ1nm.png" /></figure><p>[/caption]</p><p>Cambiar de hojas de cálculo de Excel u otras soluciones poco elegantes a un sistema como EasyBroker requiere de cierta cultura organizacional, una que esté dispuesta a adaptar su manera de trabajar y aprovechar las herramientas tecnológicas actuales. El caso de zuKsa nos muestra que se pueden dejar atrás los viejos métodos de manejar a los clientes y brindarles un servicio aún mejor, mientras al mismo tiempo se controla la información y se alcanza a un mercado que cada vez está más conectado a la red.</p><p>Nos encantaría escuchar tu historia de cómo usas EasyBroker en tu organización, si nos la quieres compartir ponte en contacto con nosotros.</p>]]></content:encoded>
        </item>
        <item>
            <title><![CDATA[Los nuevos reportes de actividades te permiten conocer más de tus propiedades y contactos]]></title>
            <link>https://blog.easybroker.com/los-nuevos-reportes-de-actividades-te-permiten-conocer-m%C3%A1s-de-tus-propiedades-y-contactos-8d5777f6ed5</link>
            <guid isPermaLink="false">https://medium.com/p/8d5777f6ed5</guid>
            <category><![CDATA[novedades]]></category>
            <category><![CDATA[easybroker]]></category>
            <dc:creator><![CDATA[Isaac Vázquez]]></dc:creator>
            <pubDate>Tue, 25 Oct 2011 22:16:10 GMT</pubDate>
            <atom:updated>2016-12-28T20:03:57.673Z</atom:updated>
            <content:encoded><![CDATA[<p>Sabemos que la información que manejas día con día en tu inmobiliaria es muy valiosa, por eso decidimos introducir una nueva característica a EasyBroker para que la puedas utilizar de mejor manera. A partir de ahora puedes generar reportes de actividades, tanto en tus propiedades como en tus contactos, lo que te permitirá conocer puntualmente cuántas <strong>llamadas </strong>has realizado, <strong>emails </strong>has enviado, <strong>reuniones </strong>has llevado a cabo y <strong>pedidos via web</strong>, has recibido por cada una de tus propiedades y contactos. Recuerda que en caso que desees medir alguna otra categoría que sea importante para tu empresa, ya puedes <strong>crear tus propias categorías </strong>(tal como lo detallamos en este <a href="http://www.easybroker.com/es/blog/2011-09-el-nuevo-tablero-muestra-el-desempeno-de-tu-equipo/">artículo de la nueva funcionalidad del Tablero</a>), y de esta manera también las puedes incluir en los reportes.</p><p>La manera de generar un reporte es muy sencilla, sólo tienes que seleccionar las propiedades o contactos que desees tener en el reporte y elegir la opción de <em>Generar reporte — Actividad</em>, tal como se muestra en la siguiente imagen:</p><figure><img alt="" src="https://cdn-images-1.medium.com/max/520/0*JbHbvm8uZkmsOJCP.png" /></figure><p>Una vez que hayas hecho esto, obtendrás un reporte en el que de un vistazo podrás darte cuenta cuál de tus propiedades o contacto ha recibido más llamadas, emails, visitas, pedidos via web o cualquier otra categoría de tu creación, lo que te permitirá saber a cuáles propiedades o personas vale más la pena enfocar los mayores esfuerzos de venta y obtener así mejores resultados.</p><p>Si tienes algún comentario al respecto de esta nueva funcionalidad, por favor, comunícate con nosotros.</p>]]></content:encoded>
        </item>
        <item>
            <title><![CDATA[Archetype estrena nuevos colores]]></title>
            <link>https://blog.easybroker.com/archetype-estrena-nuevos-colores-808e209d385b</link>
            <guid isPermaLink="false">https://medium.com/p/808e209d385b</guid>
            <category><![CDATA[novedades]]></category>
            <category><![CDATA[easybroker]]></category>
            <category><![CDATA[diseño-web]]></category>
            <dc:creator><![CDATA[Isaac Vázquez]]></dc:creator>
            <pubDate>Thu, 20 Oct 2011 18:22:38 GMT</pubDate>
            <atom:updated>2016-12-28T20:05:00.246Z</atom:updated>
            <content:encoded><![CDATA[<figure><img alt="" src="https://cdn-images-1.medium.com/max/530/0*JEWabZo7mJtX8HE7.jpg" /></figure><p>Sabemos que Archetype es una de las plantillas favoritas de nuestros clientes, es por eso que decidimos darle una retocada. A partir de ahora puedes elegir entre <strong>nueve </strong>paletas nuevas, por lo que tendrás un total de quince opciones entre las cuales seguramente encontrarás alguna que vaya con tus gustos y con la imagen de tu empresa. Como siempre en EasyBroker estamos para escucharte, por lo que si tienes alguna sugerencia acerca de un nuevo color comunícate con nosotros.</p>]]></content:encoded>
        </item>
        <item>
            <title><![CDATA[Paga tu cuenta de EasyBroker con PayPal]]></title>
            <link>https://blog.easybroker.com/paga-tu-cuenta-de-easybroker-con-paypal-b40d846e9066</link>
            <guid isPermaLink="false">https://medium.com/p/b40d846e9066</guid>
            <category><![CDATA[easybroker]]></category>
            <category><![CDATA[general]]></category>
            <dc:creator><![CDATA[Isaac Vázquez]]></dc:creator>
            <pubDate>Mon, 10 Oct 2011 17:20:54 GMT</pubDate>
            <atom:updated>2016-12-28T20:04:16.518Z</atom:updated>
            <content:encoded><![CDATA[<figure><img alt="" src="https://cdn-images-1.medium.com/max/300/0*Z8qCRBNh5MKWuzR_.png" /></figure><p><strong>PayPal</strong>, la empresa de <em>e-commerce </em>más importante a nivel mundial, te permite realizar pagos y transferencias de dinero en muchos comercios afiliados a través de Internet. Además de eso, si vives en México te da la posibilidad de pagar fácil y rápidamente (y sin cargos adicionales) tu cuenta de EasyBroker por medio de una transferencia bancaria en línea, sin la necesidad de salir de tu casa u oficina.</p><p>Abrir una cuenta es muy fácil y sólo te tomará unos minutos, los cuales te garantizamos que vas a recuperar al realizar tus pagos por este medio en el futuro.</p><p>1. Ingresa a <a href="http://www.paypal.com/mx/">http://www.paypal.com/mx/</a></p><p>2. Selecciona la opción <em>Registrarse</em></p><p>3. Elige si deseas abrir una cuenta Individual o de Empresa (si deseas pagar usando el nombre de tu empresa) y haz clic en <em>Abrir una cuenta</em></p><p>4. Llena las formas, introduce una contraseña segura y haz clic en <em>Aceptar y abrir cuenta</em></p><p>5. Selecciona la opción <em>Recargar saldo a mi cuenta PayPal</em></p><figure><img alt="" src="https://cdn-images-1.medium.com/max/561/0*EA6BfNex121nkWGb.png" /></figure><p>6. Busca tu banco en la lista de opciones</p><p>7. Realiza la transferencia electrónica con el saldo que tú creas conveniente a tu cuenta de PayPal, poniendo especial atención a la <em>Referencia Alfanumérica</em>, ya que ésta será la manera en la que PayPal relacionará el pago con tu cuenta (en algunos bancos la tendrás que colocar en el campo de <em>Concepto</em>)</p><p>Nota: Si no deseas tener límites en tus envíos y pagos te recomendamos que confirmes tu cuenta con PayPal</p><p>Una vez que tengas lista tu cuenta de PayPal podrás configurar tu cuenta de EasyBroker para pagar por este medio. Sólo tienes que ir a <em>Configuraciones</em>, elegir la pestaña de P<em>lanes y Facturación</em>, y seleccionar la opción de <em>Cambiar método de pago. </em>Una vez ahí, selecciona la opción de <strong>PayPal</strong>, ingresa a tu cuenta, ¡y listo! Podrás pagar a través de este sistema que es muy sencillo de usar y te ahorra tiempo.</p><figure><img alt="" src="https://cdn-images-1.medium.com/max/560/0*S0cb9nNajnh7YAiL.png" /></figure><p>Es importante mencionar que <strong>no hay cargos </strong>adicionales por realizar tu pago por este medio y tu información está protegida por los más altos estándares de seguridad electrónica a nivel internacional. Aprovecha la conveniencia y facilidad de uso que este medio de pago te ofrece. Si quieres saber más de PayPal puedes entrar a su <a href="https://www.paypal.com/mx/cgi-bin/webscr?cmd=_home">sitio</a> para México.</p><p>Si tienes alguna duda respecto a este proceso, <a href="http://www.easybroker.com/es/contact">contáctanos </a>y con mucho gusto te ayudaremos.</p>]]></content:encoded>
        </item>
    </channel>
</rss>