<?xml version="1.0" encoding="UTF-8"?><rss xmlns:dc="http://purl.org/dc/elements/1.1/" xmlns:content="http://purl.org/rss/1.0/modules/content/" xmlns:atom="http://www.w3.org/2005/Atom" version="2.0" xmlns:cc="http://cyber.law.harvard.edu/rss/creativeCommonsRssModule.html">
    <channel>
        <title><![CDATA[EasyBroker - Medium]]></title>
        <description><![CDATA[Consejos, noticias y mejores prácticas para hacer más competitiva tu inmobiliaria. - Medium]]></description>
        <link>https://blog.easybroker.com</link>
        <image>
            <url>https://cdn-images-1.medium.com/proxy/1*TGH72Nnw24QL3iV9IOm4VA.png</url>
            <title>EasyBroker - Medium</title>
            <link>https://blog.easybroker.com</link>
        </image>
        <generator>Medium</generator>
        <lastBuildDate>Mon, 03 Dec 2018 18:45:57 GMT</lastBuildDate>
        <atom:link href="https://blog.easybroker.com/feed" rel="self" type="application/rss+xml"/>
        <webMaster><![CDATA[yourfriends@medium.com]]></webMaster>
        <atom:link href="http://medium.superfeedr.com" rel="hub"/>
        <item>
            <title><![CDATA[Ahora puedes ver Gravatars en tus contactos y clientes potenciales]]></title>
            <link>https://blog.easybroker.com/ahora-puedes-ver-gravatars-en-tus-contactos-y-clientes-potenciales-679350b0268c</link>
            <guid isPermaLink="false">https://medium.com/p/679350b0268c</guid>
            <category><![CDATA[easybroker]]></category>
            <category><![CDATA[novedades]]></category>
            <dc:creator><![CDATA[Isaac Vázquez]]></dc:creator>
            <pubDate>Tue, 26 Apr 2011 23:09:24 GMT</pubDate>
            <atom:updated>2016-12-28T20:04:43.357Z</atom:updated>
            <content:encoded><![CDATA[<figure><img alt="" src="https://cdn-images-1.medium.com/max/269/0*runSzBnG2Aox2m4j.jpg" /></figure><p>¿Has visto aparecer imágenes para tus contactos y clientes potenciales automáticamente en tu cuenta de EasyBroker? Ahora si ellos tienen una cuenta de Gravatar asociada con su dirección de email, su imagen de perfil aparecerá automáticamente. Puedes probarlo creando un contacto para EasyBroker con la dirección de email support@easybroker.com.</p><p>Los Gravatars son <em>Globally Recognized Avatars</em> (Avatares reconocidos globalmente) que muchos blogs y redes sociales usan para mostrar imagenes de perfíl de manera que no tengas que subir manualmente tu foto cada vez que te inscribes en un nuevo sitio web. Si todavía no tienes una, deberías <a href="http://www.gravatar.com">inscribirte para tener una cuenta de Gravatar gratis</a> para subir tu imagen o la de tu negocio. Cualquier otro agente inmobiliario que también esté usando EasyBroker verá automaticamente tu foto o logo si te tiene como contacto en su cuenta de EasyBroker.</p>]]></content:encoded>
        </item>
        <item>
            <title><![CDATA[5 pasos para mejorar el SEO de tu sitio web de EasyBroker]]></title>
            <link>https://blog.easybroker.com/5-pasos-para-mejorar-el-seo-de-tu-sitio-web-de-easybroker-7465ff47bd75</link>
            <guid isPermaLink="false">https://medium.com/p/7465ff47bd75</guid>
            <category><![CDATA[easybroker]]></category>
            <category><![CDATA[marketing]]></category>
            <category><![CDATA[seo-inmobiliario]]></category>
            <dc:creator><![CDATA[Isaac Vázquez]]></dc:creator>
            <pubDate>Thu, 21 Apr 2011 15:29:02 GMT</pubDate>
            <atom:updated>2016-12-28T20:04:24.245Z</atom:updated>
            <content:encoded><![CDATA[<p>Los sitios web de EasyBroker están optimizados para que los motores de búsqueda como Google puedan encontrar e interpretar fácilmente todas las páginas. Cada sitio web de EasyBroker incluye un mapa de sitio (sitemap) que los motores de búsqueda utilizan para descubrir cada una de las páginas en tu sitio y nos aseguramos de que cada página sea fácil de leer y entender para los motores de búsqueda. Desafortunadamente no podemos hacer que todo sea automático pero con EasyBroker es fácil hacer cambios en tu sitio web. A continuación hay 5 pasos que deberías tomar para mejorar el <a href="http://www.easybroker.com/es/blog/category/seo-inmobiliario/">SEO (Optimización para Motores de Búsqueda)</a> para que sea más probable que los motores de búsqueda encuentren antes tu página que la de tus competidores.</p><h4>Paso 1: Fijate si tu sitio web esta actualmente en Google</h4><p>Puedes probar si tu sitio web esta publicado en Google yendo a <a href="http://www.google.com">google.com</a> y buscando “sitio:www.&lt;tu-nombre-de-dominio&gt; por ejemplo: “site:www.easybroker.com&quot;. El resultado contendrá todas las páginas que Google ha indexado para tu sitio web. Si no ves ningún resultado, es por que tu sitio todavía no se encuentra publicado en Google. Puedes <a href="http://www.google.com/addurl/?continue=/addurl">solicitar que tu sitio sea agregado a Google</a> pero Google no promete nada acerca de cuando tu sitio será efectivamente agregado al buscador. Por lo general los sitios web de nuestros clientes son agregados a Google dentro de las tres semanas después de haber creado el nuevo sitio con el nuevo dominio.</p><p>La siguiente imagen muestra los resultados por la búsqueda “site:www.easybroker.com&quot; y en cada resultado puede verse el título y descripción de cada página web como lo muestran las flechas rojas.</p><figure><img alt="" src="https://cdn-images-1.medium.com/max/500/0*oPXzUMehJ3skbqD6.jpg" /></figure><p>Deberías verificar que los resultados aparezcan como esperabas y también puede ser que encuentres páginas web que no deseas que se vean en los resultados. Si mueves un nombre de dominio ya existente a EasyBroker, Google remplazará las nuevas páginas web por las viejas, pero puede tomar algunas semanas para actualizar cada una de las páginas de tu sitio web.</p><p>Sin importar si tu sitio web aparece en los motores de búsqueda o no, deberías continuar optimizandolo para que cuando lo empiecen a detectar lo hagan con las páginas actualizadas. De lo contrario tendrás que esperar días y hasta semanas después de hacer los cambios por que los motores de búsqueda no actualizan la información inmediatamente.</p><h4>Paso 2: Optimizar tus meta etiquetas (meta tags) y títulos de páginas.</h4><p>La descripción de las meta etiquetas y títulos de páginas son habitualmente mostrados en las búsquedas de diferentes sitios webs como muestra la imagen arriba. Aparte de asegurarte que tu sitio web aparezca de forma correcta, las palabras en el título son los elementos más importantes que los motores de búsqueda usan para determinar la relevancia de una página web para una búsqueda especifica. Las palabras en la descripción también impactan en la búsqueda, de manera que debes asegurarte de que la misma describa correctamente tu sitio con palabras bien especificas. Desafortunadamente la mayoría de nuestros clientes se preocupan en agregar palabras clave (meta keywords). Las palabras clave son rara vez usadas por los motores de búsqueda en estos días y de acuerdo con las declaraciones de Google las mismas son completamente ignoradas. No esta mal especificar algunas palabras clave, pero no esperes que eso mejore significativamente to SEO.</p><p>Puedes especificar la descripción, título de página y palabras clave al editar tu sitio web en la pestaña <a href="http://www.easybroker.com/agent/menu_items">Páginas</a>. Haz click en la página que deseas editar en la barra del lado izquierdo y luego clickea en el link <em>Mostrar opciones avanzadas</em>. Trata de incluir sólo la información más relevante y no pongas títulos largos, descripciones ni un montón de palabras clave ya es más probable que los motores de búsqueda los ignoren por completo si haces eso. Como regla general deberías mantener los títulos de las páginas por debajo de los 120 caracteres y las meta descripciones por debajo de los 160 caracteres.</p><figure><img alt="" src="https://cdn-images-1.medium.com/max/500/0*2_-K64WSyLwDLpEj.jpg" /></figure><h4>Paso 3: Añadir contenido especifico</h4><p>Asegurate de actualizar la información de cada página con contenido especifico. Cuando creas un sitio web, EasyBroker automaticamente incluye textos predeterminados, pero estos son los mismos para todos nuestros clientes y no son especialmente interesantes. Deberías actualizar los textos principales en cada una de las páginas para que sea más relevante con tu ubicación y negocio. Por ejemplo, si sólo trabajas con propiedades de lujo en Manhattan, deberías asegurarte que estas palabras aparezcan en varias páginas y hasta podrías crear una nueva página dedicada a Propiedades Lujosas en Manhattan.</p><h4>Paso 4: Optimiza los anuncios de tus inmuebles</h4><p>Finalmente, no te olvides de optimizar tus anuncios teniendo en cuenta los conceptos sobre SEO. Cada propiedad que publicas tiene su propia página web y usamos el nombre y descripción de cada propiedad como el título de la página y la descripción. Asegurate de incluir palabras que creas que la gente buscará. Algunos de nuestros clientes especifican descripciones muy cortas o simplemente repiten la información del tipo habitaciones y baños que ya se encuentra en algún otro lado de la publicación. Tomate el tiempo de escribir al menos algunos párrafos que describan la propiedad correctamente para cada descripción. No sólo tus visitantes te lo agradecerán, además te ayudará con el SEO.</p><h4>Paso 5: Consigue que otra gente ponga links a tu página</h4><p>Esto es uno de los pasos que más tiempo te van a demandar, pero también es uno de los más importantes. Deberías tratar de convencer o fomentar a la mayor cantidad de gente posible de que pongan un link de tu sitio web, ya que la mayoría de los motores de búsqueda utilizan la cantidad de links para determinar el ranking en los resultados de búsquedas. Ten en cuenta que la calidad de los links es también es muy importante y que la mayoría de los programas de intercambio de links en los que alguien pone un link de tu página a cambio de que tu pongas un link de su página en tu sitio son completamente inútiles.</p><p>Deberías empezar a buscar en tu área servicios de directorios o guías locales para tratar de que ellos pongan un link de tu página en su sitio web. Por ejemplo, podrías tratar de hacer que tu sitio sea publicado en los directorios o guías de inmobiliarias o si eres miembro de una asociación de agentes de inmobiliarias, muchas veces ellos tienen un sitio web donde los miembros tienen perfiles que incluyen links a sus respectivos sitios web.</p><h4>Conclusión</h4><p>Estos pasos deberían ayudarte a comenzar y hasta podrían hacerte aparecer como el primer resultado en las búsquedas de Google. Ten presente que lo más importante para tu sitio web es asegurarte que satisfaga lo que tus visitantes están buscando, que por lo general es un sitio web que les permita comprar o rentar una propiedad de forma sencilla. Tus esfuerzos por mejorar tu SEO no deberían sobrepasar tus esfuerzos para construir un sitio web que tenga una excelente calidad de anuncios y propiedades que puedan ser encontradas con facilidad.</p>]]></content:encoded>
        </item>
        <item>
            <title><![CDATA[Nueva presentación de diapositivas compatible con iPhone y iPad en todas las plantillas de nuestros sitios web]]></title>
            <link>https://blog.easybroker.com/nueva-presentaci%C3%B3n-de-diapositivas-compatible-con-iphone-y-ipad-en-todas-las-plantillas-de-nuestros-96d370c04507</link>
            <guid isPermaLink="false">https://medium.com/p/96d370c04507</guid>
            <category><![CDATA[gestión-de-inmuebles]]></category>
            <category><![CDATA[easybroker]]></category>
            <category><![CDATA[novedades]]></category>
            <dc:creator><![CDATA[Isaac Vázquez]]></dc:creator>
            <pubDate>Tue, 05 Apr 2011 21:54:52 GMT</pubDate>
            <atom:updated>2016-12-28T20:05:37.389Z</atom:updated>
            <content:encoded><![CDATA[<figure><img alt="" src="https://cdn-images-1.medium.com/max/500/0*unz076m3B8Z4Lzez.png" /></figure><p>Chequea la nueva presentación de diapositivas que acabamos de añadir a todas las plantillas de nuestros sitios web inmobiliarios. La nueva presentación de diapositivas aparece en algunas de las plantillas y en los detalles de cada propiedad en todas las plantillas. En los detalles de la propiedad ahora hay una barra de vista previa que se muestra debajo de la presentación de diapositivas que contiene imágenes en miniatura de todas las fotos de la propiedad. Si clickeas en la imagen en la presentación de diapositivas una nueva ventana se abrirá y podrás ver las fotos en una presentación de diapositivas en tamaño completo. Esta nueva presentación de diapositivas no sólo se ve mucho mejor que la anterior, sino que además esta más optimizada para los motores de búsqueda y es compatible con iPhone y iPad.</p><p>[caption id=”attachment_2258&quot; align=”aligncenter” width=”500&quot; caption=”Imagen completa”]</p><figure><img alt="" src="https://cdn-images-1.medium.com/max/500/0*Fb6aByD4ty_he99-.png" /></figure><p>[/caption]</p><p>Gracias a nuestro cliente <a href="http://www.molokophuket.com/">Moloko Property Phuket</a> por dejarnos utilizar imágenes de su sitio web.</p>]]></content:encoded>
        </item>
        <item>
            <title><![CDATA[Como añadir un Panel de Fans (ó Like Box) de Facebook en tu sitio web]]></title>
            <link>https://blog.easybroker.com/como-a%C3%B1adir-un-panel-de-fans-%C3%B3-like-box-de-facebook-en-tu-sitio-web-4b81421400e4</link>
            <guid isPermaLink="false">https://medium.com/p/4b81421400e4</guid>
            <category><![CDATA[herramientas-tecnológicas]]></category>
            <category><![CDATA[marketing]]></category>
            <category><![CDATA[consejos]]></category>
            <category><![CDATA[easybroker]]></category>
            <category><![CDATA[diseño-web]]></category>
            <dc:creator><![CDATA[Isaac Vázquez]]></dc:creator>
            <pubDate>Fri, 25 Mar 2011 21:37:17 GMT</pubDate>
            <atom:updated>2018-07-18T22:15:48.279Z</atom:updated>
            <content:encoded><![CDATA[<h3>Como añadir un Panel de Fans (Like Box) de Facebook en tu sitio web</h3><figure><img alt="" src="https://cdn-images-1.medium.com/max/352/1*Ee7koeVNQsznQhs8uzsSmQ.png" /></figure><p>Al crear tu página con EasyBroker puedes hacer uso de las herramientas que brinda Facebook como el plugin de páginas, que te permite promocionar tu página de fans directamente en tu sitio web.</p><p>De esta manera, los visitantes te podrán dar like o compartir tus publicaciones sin salir de tu sitio. Agregarlo a tu página web es muy sencillo:</p><h4>Instrucciones</h4><ul><li>Haz click en este link para acceder al <a href="https://developers.facebook.com/docs/plugins/page-plugin">Plugin de páginas de Facebook</a></li><li>Ingresa la dirección o URL de tu página de Fans de Facebook en la primera casilla. Por ejemplo: <a href="http://www.facebook/easybroker">http://www.facebook/easybroker</a></li><li>Personaliza el ancho, color y las cosas que quieras que aparezcan en el Panel de Fans que va a aparecer en tu sitio web</li></ul><figure><img alt="" src="https://cdn-images-1.medium.com/max/830/1*oCjF6RCx1XehlWi7E3kP8Q.png" /></figure><ul><li>Da clic en el botón &quot;Obtener código&quot; y da clic en la pestaña IFrame, copia el código que aparece</li></ul><figure><img alt="" src="https://cdn-images-1.medium.com/max/727/1*JjJ6IM7Pg2WwoDjiu8sDEA.png" /></figure><ul><li>Ahora, ingresa a tu cuenta de EasyBroker y abre el <a href="http://www.easybroker.com/agent/web_pages">Editor de EasyBroker</a></li><li>Navega a la página y edita la sección donde deseas agregar el Panel de Fans</li><li>Da clic en el botón <em>HTML</em> (el último botón en la barra de herramientas del editor)</li></ul><figure><img alt="" src="https://cdn-images-1.medium.com/max/769/1*oaC21WzMvLHZRipitMD6Rg.png" /></figure><ul><li>Pega el código que copiaste de Facebook al final del texto mostrado en el diálogo</li><li>Da clic en el botón de <em>Actualizar</em> y luego <em>Guardar</em> en el editor para salvar los cambios</li></ul><p>Lo siguiente es un ejemplo del Plugin con un ancho de 260px en una plantilla Milán</p><figure><img alt="" src="https://cdn-images-1.medium.com/max/1024/1*obe001tZNYXIRzDckfFEQg.png" /></figure><p>Si deseas hacer cambios en el diseño seleccionando el tamaño de ancho y alto, agregando más pestañas o seleccionando casillas, sin embargo, no olvides borrar el código que previamente tenías para no duplicar tu Plugin.</p>]]></content:encoded>
        </item>
        <item>
            <title><![CDATA[Usa permisos para administrar tu equipo]]></title>
            <link>https://blog.easybroker.com/usa-permisos-para-administrar-tu-equipo-f295049899a0</link>
            <guid isPermaLink="false">https://medium.com/p/f295049899a0</guid>
            <category><![CDATA[easybroker]]></category>
            <dc:creator><![CDATA[Isaac Vázquez]]></dc:creator>
            <pubDate>Wed, 26 Jan 2011 16:03:22 GMT</pubDate>
            <atom:updated>2016-12-28T20:04:20.289Z</atom:updated>
            <content:encoded><![CDATA[<p>Si administras un equipo grande con EasyBroker probablemente quieras limitar lo que tus usuarios pueden ver y hacer. Uno de nuestros clientes tiene muchos agentes de ventas independientes que no son empleados de su empresa y trabajan de forma remota. Proveer acceso irrestricto a todos los contactos, propiedades, notas y otra información importante en EasyBroker no es necesario, puede ser riesgoso y hasta podría causar conflictos entre distintos agentes inmobiliarios.</p><p>Ahora puedes editar los permisos de tus usuarios para limitar lo que están autorizados a ver. EasyBroker provee varios permisos y puedes decidir usuario por usuario lo que cada uno tiene permitido hacer. Por ejemplo, estas son algunas de las tareas que un agente de los que mencionamos arriba debería tener permitido realizar.</p><ul><li>Ver y editar solo los contactos que tienen asignados</li><li>Crear contactos</li><li>Ver todas las propiedades</li></ul><p>pero no deberian poder</p><ul><li>Ver o editar contactos no asignados, o que son de otro agente</li><li>Editar propiedades</li><li>Exportar datos</li><li>Editar el sitio web</li></ul><figure><img alt="Usa permisos para administrar tu equipo" src="https://cdn-images-1.medium.com/max/250/0*pZeOXAOGPdCHOlHI.png" /></figure><p>Este es solo un conjunto de permisos de ejemplo. Puedes seleccionar o cambiar los permisos dependiendo de lo que mejor funcione para tu empresa o hacer algo para algún individuo en particular. Un gerente de ventas por ejemplo puede necesitar aceder y ver todos los contactos para poder asignarlos o reasignarlos a los distintos vendedores.</p><p>Para modificar los permisos de un usuario ingresa a la página <a href="https://www.easybroker.com/agent/users"><em>Usuarios</em></a> luego de ingresar a tu cuenta de EasyBroker. Puedes restringir los permisos de un usuario seleccionando y deseleccionando los que quieras en la lista de casillas debajo de la opción <em>Restringir lo que este usuario puede ver y hacer</em> y luego haciendo click en el botón <em>Actualizar</em>.</p><p>Los permisos te permiten agregar nuevos miembros a tu equipo de ventas sin perder la seguridad de tus datos y asegurando que cada miembro de tu equipo solo ve lo que necesita ver.</p>]]></content:encoded>
        </item>
        <item>
            <title><![CDATA[Nuevos colores para el nuevo año]]></title>
            <link>https://blog.easybroker.com/nuevos-colores-para-el-nuevo-a%C3%B1o-1bd94d833f43</link>
            <guid isPermaLink="false">https://medium.com/p/1bd94d833f43</guid>
            <category><![CDATA[novedades]]></category>
            <category><![CDATA[easybroker]]></category>
            <category><![CDATA[diseño-web]]></category>
            <dc:creator><![CDATA[Isaac Vázquez]]></dc:creator>
            <pubDate>Thu, 23 Dec 2010 18:20:09 GMT</pubDate>
            <atom:updated>2016-12-28T20:04:17.712Z</atom:updated>
            <content:encoded><![CDATA[<figure><img alt="Nuevas paletas de colores" src="https://cdn-images-1.medium.com/max/500/0*HJpin_RXLGSAz0Jw.jpg" /></figure><p>Esperamos que hayas tenido un año maravilloso y con mucho éxito, y te deseamos la mejor de las suertes para el próximo año. Como un regalo de último momento para terminar el año agregamos algunas nuevas paletas de colores a la plantilla <em>Clean &amp; Simple</em>. Si ya has creado un sitio web ten en cuenta que puedes elegir una nueva plantilla y paleta de colores en cualquier momento para darle a tu empresa una nueva imagen.</p><p>Felices fiestas de parte de todo el equipo de EasyBroker.</p>]]></content:encoded>
        </item>
        <item>
            <title><![CDATA[Define el precio de tus propiedades comerciales por m²]]></title>
            <link>https://blog.easybroker.com/define-el-precio-de-tus-propiedades-comerciales-por-m%C2%B2-24f649f78613</link>
            <guid isPermaLink="false">https://medium.com/p/24f649f78613</guid>
            <category><![CDATA[gestión-de-inmuebles]]></category>
            <category><![CDATA[novedades]]></category>
            <category><![CDATA[easybroker]]></category>
            <dc:creator><![CDATA[Isaac Vázquez]]></dc:creator>
            <pubDate>Thu, 02 Dec 2010 20:49:31 GMT</pubDate>
            <atom:updated>2016-12-28T20:04:17.280Z</atom:updated>
            <content:encoded><![CDATA[<p>Los espacios comerciales y terrenos son vendidos frecuentemente por metro cuadrado o hectárea en vez de un precio total por la propiedad o lote. Anteriormente solo era posible especificar un precio para una propiedad en su totalidad, pero ahora hemos agregado un campo nuevo para que puedas especificar el precio de venta o alquiler por metro cuadrado o hectárea (pies y acres en los Estados Unidos). Los precios luego se muestran claramente en relación al tamaño en tu sitio web y en tu cuenta de EasyBroker, por ejemplo <em>$50 por m²</em>.</p><figure><img alt="Precio de propiedad por metro cuadrado" src="https://cdn-images-1.medium.com/max/406/0*0AO5eghclKI5CV67.png" /></figure><p>Para especificar un precio por tamaño, edita cualquier propiedad y al lado del campo de precio de venta o alquiler encontraras un nuevo campo donde puedes seleccionar la unidad de espacio que quieres usar para definir el precio de la propiedad.</p>]]></content:encoded>
        </item>
        <item>
            <title><![CDATA[9 tips para un gran sitio web inmobiliario]]></title>
            <link>https://blog.easybroker.com/9-tips-para-un-gran-sitio-web-inmobiliario-29bc58496293</link>
            <guid isPermaLink="false">https://medium.com/p/29bc58496293</guid>
            <category><![CDATA[general]]></category>
            <category><![CDATA[consejos]]></category>
            <dc:creator><![CDATA[Isaac Vázquez]]></dc:creator>
            <pubDate>Mon, 15 Nov 2010 14:15:34 GMT</pubDate>
            <atom:updated>2016-12-28T20:05:19.470Z</atom:updated>
            <content:encoded><![CDATA[<figure><img alt="9_tips_es" src="https://cdn-images-1.medium.com/max/456/0*B9M5PwffqCwly8Se.png" /></figure><p>Luego de configurar cientos de sitios web inmobiliarios y trabajar junto a muchos agentes inmobiliarios que migraron su sitio web existente a <a href="http://www.easybroker.com/es">EasyBroker</a> hemos visto muchas cosas buenas y malas. Aquí hay algunos consejos para <a href="http://www.easybroker.com/es/blog/ayuda/crear-actualizar-y-configurar-su-sitio-web/">crear un gran sitio web</a> inmobiliario enfocado en capturar clientes potenciales.</p><h4>1. ¡Nunca uses presentaciones!</h4><p>Jamás debes mostrar presentaciones animadas o películas en tu página principal. Si haces esperar a tu visitante para descargar una película antes de poder ingresar al contenido real de tu sitio lo estas forzando a hacer algo que no quiere o no le interesa. Seguro puedes poner un botón para saltear la presentación, pero sigues forzándolos a encontrar el link y hacerle click. Es como si una tienda pusiera un anuncio enorme en sus puertas dificultando el acceso a la misma. Debes llevar a tus visitantes al contenido que les interesa lo más rápido posible. Además las presentaciones suelen no ser visibles por los buscadores y pueden dañar el ranking de tu sitio web.</p><h4>2. La música espanta clientes potenciales</h4><p>Hay muchísimas razones por las cuales nunca deberías reproducir audio automáticamente en tu sitio web. ¿Que sucede si el visitante no comparte tus gustos musicales? ¿Que tal si ya están escuchando música y tu sitio los interrumpe y se superpone con lo que están escuchando? ¿Que tal si el visitante está en su trabajo y tu sitio web delata a todos que está navegando por internet?<br>¿Que sucede si la persona abre dos ventanas o pestañas de tu sitio web al mismo tiempo y ambas comienzan a reproducir la música a destiempo? La respuesta a cada una de esas preguntas seguro afecta tu capacidad de captar clientes potenciales. Si todavía no te convencimos, aquí hay <a href="http://translate.google.com/translate?js=n&amp;prev=_t&amp;hl=en&amp;ie=UTF-8&amp;layout=2&amp;eotf=1&amp;sl=en&amp;tl=es&amp;u=http%3A%2F%2Fwww.zigpress.com%2F2009%2F10%2F30%2F10-reasons-websites-should-not-play-music%2F">10 razones más para no usar música en tu sitio web.</a> (traducido automáticamente).</p><h4>3. Asegúrate de que puedan contactarte</h4><p>Tienes un gran sitio y ahora alguien quiere contactarte, pero no pueden encontrar la forma. Asegúrate de poner tu número de teléfono y dirección de correo electrónico en cada página de tu sitio web e incluye un link prominente en alguna parte como por ejemplo en tu menú principal para que puedan contactarte. Lo último que quieres es perder clientes potenciales porque no pudieron encontrar la forma de contactarte.</p><h4>4. Encamina las búsquedas</h4><p>Muchos sitios web inmobiliarios te dejan especificar detalladamente que detalles de la propiedad estas buscando en un formulario gigantesco y luego te dejan buscar. Si tu cliente especifica un rango de precios, cantidad de baños, ubicación y quiere una alberca, lo mas probable es que no vayan a encontrar ningún resultado. En vez de preguntarles acerca de su propiedad ideal desde un principio, debes encaminarlo por tus propiedades. Es mucho mejor mostrar todas tus inmuebles y dejarlos filtrar los resultados para que siempre vean inmuebles que no hubieran considerado de otro modo. Además es un poco molesto completar un formulario solo para ver que no hay resultados.</p><h4>5. Una imagen vale mil clientes potenciales</h4><p>Buenas imágenes de tus propiedades son mil veces mal valiosas que casi cualquier descripción que puedas escribir. Asegúrate de tomarte todo el tiempo que necesites para obtener las mejores fotos o incluso considera contratar un fotógrafo. Publicar buenas imágenes de tu propiedad es una de las maneras más fáciles de generar más clientes potenciales. Incluso los sitios mejor diseñados pueden terminar viéndose mal si muestran propiedades con fotos feas. Aquí hay más <a href="http://www.easybroker.com/es/blog/2008-10-consejos-para-las-fotos-de-sus-propiedades/">consejos para las fotos en tus propiedaed</a>.</p><h4>6. La usabilidad vale más que la belleza</h4><p>¿Pueden tus padres o abuelos darse cuenta de como encontrar una propiedad en tu sitio web? Muchos sitios web inmobiliarios intentan ganar premios de diseño a expensas de hacer que su sitio sea difícil de usar para la mayoría de sus visitantes. No importa si tu sitio se ve hermoso si tus visitas no pueden entender como encontrar una propiedad o contactarte. Para tener una idea de que tan fácil de usar es tu sitio, invita a tus clientes, colegas o amigos a tu oficina y pídeles que encuentren una propiedad e intenten contactarte. No los ayudes a navegar tu sitio. Solo mira por sobre su hombro para tener una idea de como usan tu sitio, podrías sorprenderte de los problemas con los que se encuentran.</p><h4>7. Cuidado con los marcos (frames)</h4><p>Los marcos son esas pequeñas páginas que están dentro de otra página. Muchos sitios web inmobiliarios los utilizan porque publican sus inmuebles en algún MLS (sistema de múltiples publicaciones), usan algún sistema para gestionar sus inmuebles que no está integrado con su sitio web, o tienen malos diseñadores. Los marcos son malos porque echan por tierra la forma en la que los usuarios navegan típicamente, ya que no les permiten agregar la página que están viendo a sus favoritos, y los botones de ‘anterior’ y ‘siguiente’ se comportan de manera extraña. Los marcos también suelen ocupar un espacio fijo en la pantalla lo que hace que aparezcan bandas de desplazamiento dentro de tu página, eso además de ser feo hace que tu sitio se mucho mas difícil de navegar.</p><h4>8. Menos es mejor</h4><p>No hagas que tus visitantes completen una tonelada de campos del formulario para contactarte acerca de una propiedad. Mientras menos información les pidas, más probable es que te contacten. Seguro vas a tener que preguntarle a tu cliente potencial algunas preguntas más la primera vez que lo contactes, pero el trabajo extra termina pagando en más clientes potenciales.</p><h4>9. ¡Deja de gritar!</h4><p>Esta tiene que ser la cosa que más fastidia. Con el excepcional uso en títulos, escribir todo en mayúsculas quiere decir que estás gritando. Es también difícil de leer. Asegúrate de usar las mayúsculas correctamente, y si sueles tener errores ortográficos o gramaticales, contrata un redactor o al menos pídele a algún familiar o amigo que lea tu texto antes de publicarlo al mundo. La gente va a juzgarte basándose en el profesionalismo de tu sitio web. Si tienes errores editoriales a lo largo de tu sitio, mucha gente puede preferir no usar tus servicios.</p><p>Los de arriba son 9 sugerencias que vienen de errores frecuentes que vemos a nuestros clientes hacer todo el tiempo. Por favor déjanos saber si crees que nos olvidamos alguno o cual es tu fastidio personal escribiendo un comentario abajo.</p>]]></content:encoded>
        </item>
        <item>
            <title><![CDATA[Dale la bienvenida al nuevo EasyBroker Editor]]></title>
            <link>https://blog.easybroker.com/dale-la-bienvenida-al-nuevo-easybroker-editor-dd01bb1ea045</link>
            <guid isPermaLink="false">https://medium.com/p/dd01bb1ea045</guid>
            <category><![CDATA[novedades]]></category>
            <category><![CDATA[easybroker]]></category>
            <category><![CDATA[diseño-web]]></category>
            <dc:creator><![CDATA[Isaac Vázquez]]></dc:creator>
            <pubDate>Thu, 11 Nov 2010 22:01:38 GMT</pubDate>
            <atom:updated>2016-12-28T20:04:43.398Z</atom:updated>
            <content:encoded><![CDATA[<figure><img alt="Nuevo Editor EasyBroker" src="https://cdn-images-1.medium.com/max/500/0*LYOuMZrS8WuKjb1S.png" /></figure><p>Hemos estado muy ocupados últimamente trabajando en el nuevo “EasyBroker Editor” que ayer terminamos y lanzamos. El nuevo editor es mucho más intuitivo, permite editar tu sitio web de forma más fácil y rápida y se ve muy bonito.</p><p>Ahora puedes navegar entre las paginas que deseas editar simplemente haciendo clic en los links del menu. También agregamos soporte para menues con sub-items y creamos una nueva sección para manejar todas tus páginas y menues en un único lugar. Para probar el nuevo editor visita el link de <a href="http://www.easybroker.com/agent/site_builder">Sitio web</a> dentro de tu cuenta de EasyBroker y haz clic en el botón de <em>Editar sitio web</em>.</p><p>Actualizamos, también, la sección de ayuda de <a href="http://www.easybroker.com/es/blog/ayuda/crear-actualizar-y-configurar-su-sitio-web/">Crear, actualizar y configurar tu sitio web</a> así que no dejes de visitarla si tienes alguna duda o quieres más información sobre como comenzar a usar el nuevo EasyBroker Editor.</p>]]></content:encoded>
        </item>
        <item>
            <title><![CDATA[Sube las fotos de tus propiedades en cualquier tamaño]]></title>
            <link>https://blog.easybroker.com/sube-las-fotos-de-tus-propiedades-en-cualquier-tama%C3%B1o-8926472e6ead</link>
            <guid isPermaLink="false">https://medium.com/p/8926472e6ead</guid>
            <category><![CDATA[gestión-de-inmuebles]]></category>
            <category><![CDATA[easybroker]]></category>
            <category><![CDATA[novedades]]></category>
            <dc:creator><![CDATA[Isaac Vázquez]]></dc:creator>
            <pubDate>Fri, 08 Oct 2010 21:25:37 GMT</pubDate>
            <atom:updated>2016-12-28T20:04:09.819Z</atom:updated>
            <content:encoded><![CDATA[<figure><img alt="Select Multiple Photos of Any Size" src="https://cdn-images-1.medium.com/max/500/0*BKrTv1q2tuIfN8BA.png" /></figure><p>Ahora puedes subir imágenes directamente desde tu cámara sin preocuparte de achicarlas antes. Varios de nuestros clientes mencionaron que no podían subir fotos que habían tomado debido al gran tamaño de los archivos. Antes tenías que achicar tus fotos manualmente para que no excedieran el límite de 3 megabytes, una tarea molesta que tomaba mucho tiempo</p><p>Ahora mejoramos nuestro subidor de imágenes para que achique las imágenes automáticamente antes de subirlas, haciendo que las transferencias sean más rápidas y ahorrándote mucho trabajo extra.</p><p>No olvides que puedes seleccionar múltiples imágenes y subirlas todas juntas utilizando las teclas SHIFT o CTRL (COMMAND si tienes una Mac) para elegirlas.</p>]]></content:encoded>
        </item>
    </channel>
</rss>