<?xml version="1.0" encoding="UTF-8"?><rss xmlns:dc="http://purl.org/dc/elements/1.1/" xmlns:content="http://purl.org/rss/1.0/modules/content/" xmlns:atom="http://www.w3.org/2005/Atom" version="2.0" xmlns:cc="http://cyber.law.harvard.edu/rss/creativeCommonsRssModule.html">
    <channel>
        <title><![CDATA[EasyBroker - Medium]]></title>
        <description><![CDATA[Consejos, noticias y mejores prácticas para hacer más competitiva tu inmobiliaria. - Medium]]></description>
        <link>https://blog.easybroker.com</link>
        <image>
            <url>https://cdn-images-1.medium.com/proxy/1*TGH72Nnw24QL3iV9IOm4VA.png</url>
            <title>EasyBroker - Medium</title>
            <link>https://blog.easybroker.com</link>
        </image>
        <generator>Medium</generator>
        <lastBuildDate>Mon, 03 Dec 2018 18:45:57 GMT</lastBuildDate>
        <atom:link href="https://blog.easybroker.com/feed" rel="self" type="application/rss+xml"/>
        <webMaster><![CDATA[yourfriends@medium.com]]></webMaster>
        <atom:link href="http://medium.superfeedr.com" rel="hub"/>
        <item>
            <title><![CDATA[Rediseño del editor del sitio web]]></title>
            <link>https://blog.easybroker.com/redise%C3%B1o-del-editor-del-sitio-web-ab10cde4c597</link>
            <guid isPermaLink="false">https://medium.com/p/ab10cde4c597</guid>
            <category><![CDATA[diseño-web]]></category>
            <category><![CDATA[novedades]]></category>
            <category><![CDATA[easybroker]]></category>
            <dc:creator><![CDATA[Isaac Vázquez]]></dc:creator>
            <pubDate>Thu, 03 Jun 2010 14:31:02 GMT</pubDate>
            <atom:updated>2016-12-28T20:04:40.474Z</atom:updated>
            <content:encoded><![CDATA[<p>Ayer lanzamos un diseño más sencillo y mejorado para visualizar la página para manejar tu sitio web. También sacamos un administrador de imágenes y archivos integrado, que es más intuitivo y rápido de usar.</p><p>Aquí hay una vista de cómo era antes:</p><figure><img alt="Resumen del editor anterior" src="https://cdn-images-1.medium.com/max/300/0*Wu9MhS8pyqrVE7Un.png" /></figure><p>Nota que la información es confusa y es difícil de saber qué es importante y qué es lo que deberías hacer después si es la primera vez que visitas esta página. Quitamos las incomodidades y dejamos los ítems más esenciales. Aquí está la nueva página:</p><figure><img alt="Resumen del editor nuevo" src="https://cdn-images-1.medium.com/max/300/0*Dr2lV2HOTXi5xV6d.png" /></figure><p>Unimos los dos enlaces de configuración en uno que te lleva a una página separada con todas las configuraciones en un lugar. Quitamos la información que no era esencial o que no era probable que usarías más de una vez. El viejo diseño de esta página siempre me molestó y creo que los cambios hacen la página más limpia y fácil de usar.</p><p>Habrás notado que no está más el link <em>suba archivos e imágenes para su sitio web</em>. Ahora podrás manejar tus archivos directamente desde el editor. Cuando editas una página verás que hay un botón nuevo que dice <em>Manejar archivos</em>.</p><figure><img alt="manejar-archivos" src="https://cdn-images-1.medium.com/max/500/0*8-5YmjdIrFUGfjcO.png" /></figure><p>Si le das click al botón aparecerá una ventana donde puedes subir o borrar archivos como imágenes que puedes usar en tu sitio web. Está mucho mejor ubicado y debería ahorrarte tiempo cuando editas tus páginas web, porque no tienes que abandonar la página actual.</p>]]></content:encoded>
        </item>
        <item>
            <title><![CDATA[Nuevas políticas de publicación para la Red de EasyBroker]]></title>
            <link>https://blog.easybroker.com/nuevas-pol%C3%ADticas-de-publicaci%C3%B3n-para-la-red-de-easybroker-23569dc7728d</link>
            <guid isPermaLink="false">https://medium.com/p/23569dc7728d</guid>
            <category><![CDATA[easybroker]]></category>
            <category><![CDATA[red-de-easybroker]]></category>
            <dc:creator><![CDATA[Isaac Vázquez]]></dc:creator>
            <pubDate>Tue, 01 Jun 2010 18:36:57 GMT</pubDate>
            <atom:updated>2016-12-28T20:03:59.234Z</atom:updated>
            <content:encoded><![CDATA[<p>Hace poco actualizamos los términos para publicar los avisos inmobiliarios en nuestra red de EasyBroker, porque uno de nuestros nuevos asociados no permite publicar ningún tipo de información o URLs de sitios web en el nombre o descripción de ningún aviso. Próximamente, estamos seguros que tendremos otros socios que impondrán las mismas políticas o más estrictas, así que decidimos revisar nuestras condiciones de publicación para la red de EasyBroker y comenzar a quitar los avisos que no cumplan. Ten en cuenta que las propiedades sacadas de la red todavía estarán publicadas en tu sitio web.</p><p>Como siempre, sólo podrás publicar propiedades que realmente existan y que contengan información precisa de precios y otros detalles del estado o de las características de la propiedad. Además, las nuevas condiciones de publicación no te permiten incluir ningún tipo de información de contacto o URLs de sitios web en el nombre o descripción de la propiedad. No podrás incluir números de teléfono, direcciones de email o nombres de usuarios instantáneos, por ejemplo.</p><p>Ahora estamos revisando todas las propiedades publicadas y sacaremos de las red de EasyBroker las que no cumplan y enviaremos un email notificando del no cumplimiento del aviso. Si encontramos que alguna de tus propiedades no cumple puedes quitar la información de contacto y publicarla otra vez en la red.</p><p>Los cambios nos ayudarán a asegurarnos que podemos seguir añadiendo socios a la red de EasyBroker y facilitarte el conseguir clientes potenciales a medida que nuestra red crezca.</p>]]></content:encoded>
        </item>
        <item>
            <title><![CDATA[¡Nueva plantilla enfocada en el agente!]]></title>
            <link>https://blog.easybroker.com/nueva-plantilla-enfocada-en-el-agente-86de0de0315d</link>
            <guid isPermaLink="false">https://medium.com/p/86de0de0315d</guid>
            <category><![CDATA[novedades]]></category>
            <category><![CDATA[easybroker]]></category>
            <dc:creator><![CDATA[Isaac Vázquez]]></dc:creator>
            <pubDate>Thu, 27 May 2010 19:15:01 GMT</pubDate>
            <atom:updated>2016-12-28T20:04:57.373Z</atom:updated>
            <content:encoded><![CDATA[<figure><img alt="Nueva plantilla para tu sitio web" src="https://cdn-images-1.medium.com/max/500/0*Ad368PSNPEoTQibi.jpg" /></figure><p>Tenemos una nueva plantilla llamada Anthemius que es perfecta para agentes inmobiliarios que trabajan en grandes compañías o franquicias. Este tema está diseñado para que puedas mostrar el logo de tu compañía, pero enfatizar a la persona, a ti mismo o al equipo a través de una foto en la página inicial. Para probarla ve a <a href="http://www.easybroker.com/agent/site_configuration/edit">Configuración del sitio web</a> y elige uno de los cinco colores disponibles por ahora, pero con otros que están por venir.</p><p>Emil Montas, de República Dominicana, creó un lindo sitio web utilizando Anthemius para su compañía <a href="http://www.lacostadr.com/">La Costa Destinations</a>. Visita su sitio para que veas en la plantilla en acción.</p><p>Déjanos saber qué piensas del nuevo tema o si tienes recomendaciones para <a href="http://www.easybroker.com/es/blog/2010-12-nuevos-colores-para-el-2011/">otros colores</a> que podamos aplicar.</p>]]></content:encoded>
        </item>
        <item>
            <title><![CDATA[Pequeños cambios en tu cuenta de EasyBroker]]></title>
            <link>https://blog.easybroker.com/peque%C3%B1os-cambios-en-tu-cuenta-de-easybroker-b0fc61824440</link>
            <guid isPermaLink="false">https://medium.com/p/b0fc61824440</guid>
            <category><![CDATA[easybroker]]></category>
            <category><![CDATA[novedades]]></category>
            <dc:creator><![CDATA[Isaac Vázquez]]></dc:creator>
            <pubDate>Wed, 26 May 2010 21:36:39 GMT</pubDate>
            <atom:updated>2016-12-28T20:05:20.104Z</atom:updated>
            <content:encoded><![CDATA[<p>Como estamos en constante mejora y los cambios son alimentados gracias a los comentarios de nuestros clientes, hicimos unos pequeños cambios en tu cuenta de EasyBroker para facilitar la gestión de tu cuenta y permitirte concentrar todas las configuraciones necesarias en un mismo lugar.</p><p>Para ello, el cambio principal lo encuentras en la parte superior dentro de tu cuenta. Antes habían varios enlaces que te llevaban a distintas funciones y finalmente podrías perderte en tantos clicks. Ahora hay un par de enlaces que contienen todo lo necesario.</p><figure><img alt="Tu cuenta de EasyBroker" src="https://cdn-images-1.medium.com/max/454/0*SAfgARxuOhHFQl4I.PNG" /></figure><p>En <em>Configuraciones</em> podrás cambiar las características generales de tu empresa (como logo, nombre, correo, etc), los tipos de propiedad (Departamentos, casa, loft, oficina), las comodidades, los usuarios y la suscripción (subir, bajar de plan o dar de baja la cuenta). Al lado también sale el correo del usuario con el que ingresaste.</p><figure><img alt="Pantalla de Configuraciones" src="https://cdn-images-1.medium.com/max/500/0*RtmX-TT6GBCC-OsZ.jpg" /></figure><p>En <em>Mi perfil</em> cambias la configuración de tu propia cuenta. Ésta sólo afectará a tu vista, por ejemplo si quieres que tu cuenta esté en inglés o español y que esto no afecte a los demás usuarios de tu cuenta.</p><p>Luego puedes presionar <em>Salir</em> para cerrar tu cuenta de forma segura o <em>Ayuda</em> para ver nuestra página de ayuda donde podrás resolver muchas inquietudes, y si no encuentras lo que buscas podrás escribirnos un email a Soporte y con gusto te ayudaremos.</p><p>Esperamos que estos cambios sean útiles y que ahora la gestión sean mucho más fácil. Si tienes más sugerencias en cómo podemos mejorar no dudes en avisarnos.</p>]]></content:encoded>
        </item>
        <item>
            <title><![CDATA[Cómo hacer encuestas por Internet y gratis]]></title>
            <link>https://blog.easybroker.com/c%C3%B3mo-hacer-encuestas-por-internet-y-gratis-ba0369a64ce2</link>
            <guid isPermaLink="false">https://medium.com/p/ba0369a64ce2</guid>
            <category><![CDATA[consejos]]></category>
            <category><![CDATA[herramientas-tecnológicas]]></category>
            <category><![CDATA[general]]></category>
            <dc:creator><![CDATA[Isaac Vázquez]]></dc:creator>
            <pubDate>Wed, 12 May 2010 18:17:54 GMT</pubDate>
            <atom:updated>2016-12-28T20:04:10.024Z</atom:updated>
            <content:encoded><![CDATA[<p>Existen diferentes herramientas que te permiten hacer encuestas en línea, unas económicas, otras no tanto y algunas gratis. Hay algunas conocidas como <a href="http://www.surveymonkey.com/">SurveyMonkey</a>, <a href="http://www.e-encuesta.com">e-encuestas</a> o <a href="http://polldaddy.com/">Poll Daddy</a> pero es de <a href="http://docs.google.com">Google Docs</a> de la que vamos a hablar ahora. Es muy sencillo crear una encuesta utilizando esta herramienta, que puedes enviarla a la cantidad de personas que quieras o ponerla en tu sitio web, además es gratuita y no tienes que dañar ningún árbol gastando papel. La tabulación de resultados es inmediata, se completan los datos apenas las personas presionan enviar.</p><h4>¿Quieres saber cómo hacerlo?</h4><ul><li>Si tienes una cuenta de Google, tipo Gmail, en la parte superior de la página de tu correo hay un enlace que dice <em>Docs</em>, le das click ahí y se abre una nueva ventana con el panel de control de los documentos.</li></ul><figure><img alt="Ubicacion de enlace Documents" src="https://cdn-images-1.medium.com/max/328/0*rjvJCWRCzICnqCAB.PNG" /></figure><ul><li>Presionas en la casilla <em>Crear Nuevo</em> y seleccionas <em>Formulario</em>.</li></ul><figure><img alt="Elegir Formulario en la casilla" src="https://cdn-images-1.medium.com/max/363/0*U-XjryuHRMuhJPva.PNG" /></figure><p>Después aparecerá una ventana con una hoja de edición. Coloca el nombre de la encuesta, tipo <em>Encuesta de Satisfacción</em> y una pequeña descripción de lo que el usuario va a contestar. Antes de armarla deberías pensar las preguntas que te gustaría hacer y la opción de respuesta que más se ajuste. Por ejemplo, si quieres saber si el cliente obtuvo lo que buscaba puedes hacer una pregunta cuya respuesta sea Sí o No:</p><figure><img alt="Vista edicion de cada pregunta" src="https://cdn-images-1.medium.com/max/500/0*OxkxOfb7qcAYfPHw.jpg" /></figure><ul><li>En el punto 1 escribes la pregunta que quieres formular.</li><li>En el 2 puedes escribir información adicional sobre la pregunta para ampliarla y hacer más claro para el encuestado lo que está respondiendo.</li><li>Seleccionas el tipo de respuesta que necesitas del encuestado en el punto 3 (ej: opción múltiple tipo test, párrafo largo, párrafo corto, puntajes, comparación, casillas de selección). Puedes incluir en la misma encuesta más de un tipo de pregunta.</li><li>Cuando termines de hacer la pregunta presionas <em>Finalizado</em> para guardar. Si no quieres que ningún cliente deje de responder ciertas preguntas, puedes marcarlas como obligatorias, para que no envíen el formulario sin contestarlas, como se ve en el punto 4.</li></ul><p>Puedes jugar y probar con el orden de las preguntas, el tipo de respuestas o el diseño de la plantilla. Te recomiendo que cuando lo tengas listo, antes de enviarlo a tu cliente, lo envíes a un colega o compañero de trabajo, para verificar que no haya nada fuera de lugar y comprobar que está llegando todo como quieres.</p><p>Así se verá la encuesta que realices:<br><a href="https://spreadsheets.google.com/viewform?formkey=dHNzcGRfR25ycWc0UFhFNng0dXUxQVE6MQ">Utilidad de la información</a><br>¿Nos ayudas contestándola?</p><p>Para revisar los resultados, sólo entra en tu Google Docs y abre el documento que se crea automáticamente. Si conoces otras herramientas útiles para hacer encuestas o sabes de más tips, déjanos tus comentarios.</p><p><strong>También puedes leer estos recursos para ayudarte a planificar tu encuesta:</strong></p><ul><li><a href="http://www.crecenegocios.com/como-hacer-una-encuesta/">Cómo hacer una encuesta</a></li><li><a href="http://www.rrppnet.com.ar/comohacerunaencuesta.htm">Cómo preparar una encuesta</a></li><li><a href="http://www.waldweb.com.ar/medirlasatisfaccion.html">Cómo medir la satisfacción del cliente</a></li></ul>]]></content:encoded>
        </item>
        <item>
            <title><![CDATA[Publica tus inmuebles automáticamente en OLX]]></title>
            <link>https://blog.easybroker.com/publica-tus-inmuebles-autom%C3%A1ticamente-en-olx-37945fb5fa2f</link>
            <guid isPermaLink="false">https://medium.com/p/37945fb5fa2f</guid>
            <category><![CDATA[gestión-de-inmuebles]]></category>
            <category><![CDATA[novedades]]></category>
            <category><![CDATA[easybroker]]></category>
            <category><![CDATA[red-de-easybroker]]></category>
            <dc:creator><![CDATA[Isaac Vázquez]]></dc:creator>
            <pubDate>Fri, 07 May 2010 20:06:21 GMT</pubDate>
            <atom:updated>2016-12-28T20:05:18.578Z</atom:updated>
            <content:encoded><![CDATA[<figure><img alt="Publique tus inmuebles automáticamente en OLX" src="https://cdn-images-1.medium.com/max/220/0*O5vawlj74XYVAH6l.jpg" /></figure><p><a href="http://www.olx.com">OLX</a> es uno de los sitios de clasificados más grandes y populares, ahora tus inmuebles son publicados automáticamente en OLX cuando eliges publicar en la red de EasyBroker.</p><p>Estamos orgullosos de agregar un portal inmobiliario tan reconocido como lo es OLX a nuestra red. Sabemos que la relación va a ayudar a nuestros clientes a captar más prospectos y no gastar tiempo en subir sus inmuebles en múltiples lugares.</p>]]></content:encoded>
        </item>
        <item>
            <title><![CDATA[Newsletter: Une contactos, nuevos asociados, fechas importantes y más.]]></title>
            <link>https://blog.easybroker.com/newsletter-une-contactos-nuevos-asociados-fechas-importantes-y-m%C3%A1s-99a32780d6e1</link>
            <guid isPermaLink="false">https://medium.com/p/99a32780d6e1</guid>
            <category><![CDATA[easybroker]]></category>
            <dc:creator><![CDATA[Isaac Vázquez]]></dc:creator>
            <pubDate>Thu, 06 May 2010 19:56:49 GMT</pubDate>
            <atom:updated>2016-12-28T20:03:58.213Z</atom:updated>
            <content:encoded><![CDATA[<figure><img alt="Enormo and Vast" src="https://cdn-images-1.medium.com/max/208/0*6nQRpfR4QcRoCRWv.jpg" /></figure><h4><a href="http://www.easybroker.com/es/blog/2010-04-publique-sus-inmuebles-en-vast-y-enormo/">Publica tus avisos en más lugares</a></h4><p>Publica tus avisos en más portales de búsqueda sin costo adicional. Añadimos dos grandes sitios al red de EasyBroker: Enormo y Vast. Juntos publicitan avisos inmobiliarios en más de 80 países. <a href="http://www.easybroker.com/es/blog/2010-04-publique-sus-inmuebles-en-vast-y-enormo/">Aprende más»</a></p><figure><img alt="Origen del cliente potencial" src="https://cdn-images-1.medium.com/max/209/0*xvEBoFMbizzEaxmj.jpg" /></figure><h4><a href="http://www.easybroker.com/es/blog/2010-04-mejora-en-rastreo-de-prospectos-inmobiliario/">Mejora en rastreo de prospectos</a></h4><p>Ahora puedes ver exactamente cuáles sitios están refiriendo clientes potenciales a tu sitio web. Los prospectos que te contacten por tu web de EasyBroker incluirán automáticamente su Origen con la URL del sitio de referencia. <a href="http://www.easybroker.com/es/blog/2010-04-mejora-en-rastreo-de-prospectos-inmobiliario/">Aprende más »</a></p><figure><img alt="Unir contactos duplicados" src="https://cdn-images-1.medium.com/max/187/0*cCn4cPIKfHyUNSz_.jpg" /></figure><h4><a href="http://www.easybroker.com/es/blog/2010-04-une-tus-contactos-yclientes-potenciales-repetidos/">Une clientes potenciales y contactos</a></h4><p>¿Tienes contactos o clientes potenciales duplicados en tu base de datos? Ahora puedes unir dos contactos o clientes potenciales, esto permite que puedas deshacerte de personas duplicadas sin tener que copiar manualmente todas las notas, correos, tareas o detalles de contacto de una persona a otra. <a href="http://www.easybroker.com/es/blog/2010-04-une-tus-contactos-yclientes-potenciales-repetidos/">Aprende más »</a></p><figure><img alt="Nueva Construccion" src="https://cdn-images-1.medium.com/max/229/0*1a-oXRbsjVtGVrLo.jpg" /></figure><h4><a href="http://www.easybroker.com/es/blog/2010-05-nuevo-en-easybroker-muestra-desarrollo-de-nuevas-casa-en-tu-sitio-web/">Muestra nuevas obras y desarrollos</a></h4><p>Marca cuáles de tus inmuebles son nuevas o están bajo construcción y crea una página web separada para mostrarlas en tu sitio web. Puedes filtrar las nuevas casas igual que los otros inmuebles, por lo que tus visitantes pueden encontrar fácilmente lo que buscan. <a href="http://www.easybroker.com/es/blog/2010-05-nuevo-en-easybroker-muestra-desarrollo-de-nuevas-casa-en-tu-sitio-web/">Aprende más »</a></p><figure><img alt="Fechas importantes" src="https://cdn-images-1.medium.com/max/191/0*aai140wPF7GAlDyT.jpg" /></figure><h4><a href="http://www.easybroker.com/es/blog/2010-03-fechas-importantes-para-clientes-potenciales-contactos-e-inmuebles/">Recibe recordatorios de fechas importantes</a></h4><p>Podrás recordar fechas importantes como el aniversario o cumpleaños de cualquier contacto o cliente, o cuándo fue firmado un contrato o deberá ser cobrada la renta de algunos de tus inmuebles. <a href="http://www.easybroker.com/es/blog/2010-03-fechas-importantes-para-clientes-potenciales-contactos-e-inmuebles/">Aprende más »</a></p><figure><img alt="Ocultar precio de venta" src="https://cdn-images-1.medium.com/max/176/0*SwXvBRz7dkEdTsJf.jpg" /></figure><h4><a href="http://www.easybroker.com/es/blog/2010-03-elige-mostrar-los-precios-de-inmuebles-inmobiliarios/">No muestres los precios de los avisos</a></h4><p>¿Quieres gestionar los precios de tus avisos en EasyBroker, pero no publicarlos? Ahora puedes especificar para cada propiedad si quieres publicar el precio del inmueble o no. <a href="http://www.easybroker.com/es/blog/2010-03-elige-mostrar-los-precios-de-inmuebles-inmobiliarios/">Aprende más »</a></p><h4>Dinos lo que piensas</h4><p>Déjanos saber lo que piensas de estas novedades, de nuestro servicio o si tienes una historia genial sobre cómo usas EasyBroker para manejar mejor tu negocio. Puedes enviar retroalimentación o sugerencias a info@easybroker.com.</p>]]></content:encoded>
        </item>
        <item>
            <title><![CDATA[Muestra propiedades en desarrollo en tu sitio web]]></title>
            <link>https://blog.easybroker.com/muestra-propiedades-en-desarrollo-en-tu-sitio-web-85eaf328b79b</link>
            <guid isPermaLink="false">https://medium.com/p/85eaf328b79b</guid>
            <category><![CDATA[easybroker]]></category>
            <category><![CDATA[novedades]]></category>
            <category><![CDATA[gestión-de-inmuebles]]></category>
            <dc:creator><![CDATA[Isaac Vázquez]]></dc:creator>
            <pubDate>Tue, 04 May 2010 21:41:02 GMT</pubDate>
            <atom:updated>2016-12-28T20:04:58.165Z</atom:updated>
            <content:encoded><![CDATA[<p>Muchos clientes nos han consultado respecto a cómo crear páginas donde publicar propiedades que están aún en desarrollo o lotes para inversión, una cuestión muy común en los negocios inmobiliarios.</p><p>A partir de la incorporación de los listados personalizados en EasyBroker, ahora es posible mostrar páginas con listados de propiedades que respondan a ciertas características. Pero ¿cómo funciona y cuáles son sus utilidades para lo que queremos hacer?</p><p>Se trata básicamente de crear una nueva página para tu sitio web, ya sea para ventas, alquileres o alquileres temporales, donde en vez de mostrar todas las propiedades disponibles mostremos únicamente las que cumplan con alguna característica en particular, como por ejemplo en este caso, que sean nuevos desarrollos.</p><p>Lo único que tienes que hacer, es seguir las instrucciones que encontrarás aquí: <a href="http://www.easybroker.com/es/blog/2012-11-%C2%A1ya-puedes-crear-paginas-con-listados-personalizados-y-ordenar-tus-inmuebles-a-tu-gusto-dentro-de-tu-sitio-web/">¡Ya puedes crear páginas con listados personalizados y ordenar tus inmuebles a tu gusto dentro de tu sitio web!</a></p><p>Es muy sencillo y te permitirá crear una página totalmente nueva para mostar únicamente propiedades en desarrollo.</p>]]></content:encoded>
        </item>
        <item>
            <title><![CDATA[Nuevo en EasyBroker: Une tus contactos y clientes potenciales repetidos]]></title>
            <link>https://blog.easybroker.com/nuevo-en-easybroker-une-tus-contactos-y-clientes-potenciales-repetidos-80b00ee37231</link>
            <guid isPermaLink="false">https://medium.com/p/80b00ee37231</guid>
            <category><![CDATA[easybroker]]></category>
            <category><![CDATA[novedades]]></category>
            <dc:creator><![CDATA[Isaac Vázquez]]></dc:creator>
            <pubDate>Wed, 28 Apr 2010 19:56:49 GMT</pubDate>
            <atom:updated>2016-12-28T20:04:04.315Z</atom:updated>
            <content:encoded><![CDATA[<p>¿Tienes contactos o clientes potenciales duplicados en tu base de datos? Ahora puedes unir dos contactos o clientes potenciales, esto permite que puedas deshacerte de personas duplicadas sin tener que copiar manualmente todas las notas, correos, tareas o detalles de contacto de una persona a otra.</p><p>Para unir un contacto o prospecto sólo selecciona dos personas y elige la opción <em>Unir</em> en la caja de <em>Acciones</em>. Después de seleccionada la acción verás la previsualización de la persona que quedará activa. Deberás chequear que todo los datos que te interesan estén ahí. Luego presiona el botón <em>Unir</em> para completar la acción.</p><figure><img alt="Unir tus contactos y prospectos" src="https://cdn-images-1.medium.com/max/500/0*d6N8ZgqlYUT8WkKw.png" /></figure>]]></content:encoded>
        </item>
        <item>
            <title><![CDATA[Usa Google Analytics para optimizar tu sitio web inmobiliario]]></title>
            <link>https://blog.easybroker.com/usa-google-analytics-para-optimizar-tu-sitio-web-inmobiliario-57c08848fa81</link>
            <guid isPermaLink="false">https://medium.com/p/57c08848fa81</guid>
            <category><![CDATA[consejos]]></category>
            <category><![CDATA[general]]></category>
            <dc:creator><![CDATA[Isaac Vázquez]]></dc:creator>
            <pubDate>Thu, 22 Apr 2010 22:09:28 GMT</pubDate>
            <atom:updated>2016-12-28T20:05:18.131Z</atom:updated>
            <content:encoded><![CDATA[<figure><img alt="Optimize your Real Estate Website with Google Analytics " src="https://cdn-images-1.medium.com/max/269/0*aDF_zwHY69iG8XR-.png" /></figure><p>Google Analytics es <strong>una de las mejores herramientas para determinar que tan bien tu sitio web está funcionando y como optimizarlo para aumentar las conversiones y el tráfico</strong>. Puedes usar Google Analytics paa determinar cuántos visitantes ven tu sitio web, cuáles páginas visitan, varios detalles acerca de la demografía como dónde están ubicados, qué buscaron para llegar a tu sitio web y cuál explorador web utilizaron.</p><p>Google Analytics es completamente gratis. Sólo necesitas instalar código pequeño en tu sitio web o si utilizas EasyBroker para alojarlo sólo ve a las opciones avanzadas para tu sitio web y pega tu ID de rastreo de Google Analytics en el campo de la sección de Google Analytics. Después de pegar el código necesitas esperar en promedio 12 horas para que Google comience a rastrear visitantes a tu sitio web.</p><p>Una vez Google Analytics está activado y corriendo deberías crear un objetivo para determinar si tu sitio está cumpliendo con los objetivos de tu negocio. <strong>Muchos agentes inmobiliarios se enfocan en hacer sitios web muy llamativos, pero olvidan que es una herramienta para generar clientes potenciales</strong>. Si tu sitio se ve bien, pero es difícil navegar en él y los usuarios no pueden encontrar los listados que buscan o no encuentran cómo pedir más información, entonces no está cumpliendo con los objetivos de tu empresa. Crear una meta en Google Analytics puede ayudarte de forma objetiva a analizar si tu sitio está funcionando o no.</p><p><strong>El objetivo principal de tu sitio debería ser convertir la mayor cantidad de visitantes en clientes potenciales</strong>, lo que sucede cuando el visitante compelta un formulario en tu sitio web para pedir más información o para ver un aviso. Puedes usar el objetivo en Google Analytics para rastrear envíos de formularios y analizar la tasa de conversión de tus visitantes, que es la cantidad de visitantes que cumplen la meta dividido por el número total de visitantes de tu sitio web. Mientras más alta sea la tasa de conversión, tu sitio web está generando prospectos con mayor efectividad.</p><p>También puedes conectar tu cuenta de Google Analytics a la de Google Adwords si la estás usando, y ver cuáles son las tasas de conversión para cada campaña de Adwords y las palabras claves. No entraré en detalles acerca de Google Adwords, pero si estás usándolo deberías usar Google Analytics para optimizar tus campañas.</p><p>[caption id=”attachment_1141&quot; align=”aligncenter” width=”500&quot; caption=”Cambie el título y leyenda porfis”]</p><figure><img alt="Cambie el título y leyenda porfis" src="https://cdn-images-1.medium.com/max/500/0*IhqyZ7_d8cu-D_p5.png" /></figure><p>[/caption]</p><p>Para crear un objetivo ve a la página de configuración principal de analytics y edita el perfil del sitio al que le crear el objetivo. Si estás usando un sitio web de EasyBroker, elige <em>URL de Destino</em> como <em>Tipo de Objetivo</em>, luego elige la <em>Concordancia de Expresiones Regulares</em> y especifica el <em>contact-successful</em> como el <em>URL Objetivo </em>que es cargado cuando un visitante completa un formulario. El URL puede cambiar basado en cuál formulario es completado y podrías necesitar a tu diseñador web para hacer algunos cambios en orden de estandarizar los URL que son cargadas.</p><p>Ahora puedes analizar fácilmente el tráfico de tu sitio web y ver cuán efectivo es convirtiendo tus visitantes en clientes potenciales. Antes de que te emociones, necesitas asegurarte que tengas suficiente tráfico para que hagas un análisis preciso sobre cómo los visitantes lo están usando. Si el promedio de visitantes es 5 por día (150 al mes) no tienes una muestra lo suficientemente grande de visitantes para tomar muchas decisiones diferentes a que necesitas más tráfico.</p><p>Una vez que tengas un par de días de recolección de datos deberías revisar tu cuenta de Analytics para que tengas una idea de cuáles páginas las personas están viendo, de dónde vienen tus visitantes y cuál es tu tasa de conversión. Podrás ver que nadie pasa de tu página principal que podría indicar que es difícil para tus visitantes encontrar lo que están buscando. Si gastas tiempo escribiendo contenido para tu sitio web, deberías chequear para ver si alguien en realidad lee. Si no lo están puede indicar que el contenido is difícil de encontrar o que no es interesante, por lo que deberías cambiar le enfoque del contenido invertir el tiempo en otra parte.</p><p>Revisa qué sitios están refiriendo tráfico y qué palabras claves están buscando en google que dirigen a los visitantes a tu sitio. Si estás pagando por anuncios o enlaces puedes ver si alguna de las personas que fueron referida de esos sitios completan el formulario para contactarte. <strong>Si no estás convirtiendo visitantes probablemente estarás gastando dinero</strong>. También te encontrarás con que deberías invertir más en avisos que están convirtiendo a los visitantes.</p><p>Continúa analizando tu sitio web cada tantas semanas para ver si algunos cambios que haces ayudan a mejorar tus tasas de conversión o si aumentan la cantidad de tráfico a tu sitio web. Podrás ver saltos en visitas un día si alguien te mencionó tu sitio en un blog o si publicaste un aviso atractivo. Deberías comenzar a ver tendencias de lo que funciona y ser capaz de determinar cómo ajustar su sitio para aumentar el tráfico y conversiones.</p><p>Esta entrada es una introducción rápida para que comiences, pero Google provee algunos recursos muy buenos por usar Google Analytics y consejos para optimizar tu sitio web. Definitivamente revisa su <a href="http://www.google.com/support/googleanalytics/?hl=es">sección de ayuda</a> para más información.</p><p>Usa Google Analytics para hacer de tu sitio web inmobiliario más útil, generar más clientes potenciales y asegurar que estás sacando el mejor provecho de tus pesos para marketing y sitio web.</p>]]></content:encoded>
        </item>
    </channel>
</rss>