<?xml version="1.0" encoding="UTF-8"?><rss xmlns:dc="http://purl.org/dc/elements/1.1/" xmlns:content="http://purl.org/rss/1.0/modules/content/" xmlns:atom="http://www.w3.org/2005/Atom" version="2.0" xmlns:cc="http://cyber.law.harvard.edu/rss/creativeCommonsRssModule.html">
    <channel>
        <title><![CDATA[EasyBroker - Medium]]></title>
        <description><![CDATA[Consejos, noticias y mejores prácticas para hacer más competitiva tu inmobiliaria. - Medium]]></description>
        <link>https://blog.easybroker.com</link>
        <image>
            <url>https://cdn-images-1.medium.com/proxy/1*TGH72Nnw24QL3iV9IOm4VA.png</url>
            <title>EasyBroker - Medium</title>
            <link>https://blog.easybroker.com</link>
        </image>
        <generator>Medium</generator>
        <lastBuildDate>Mon, 03 Dec 2018 18:45:57 GMT</lastBuildDate>
        <atom:link href="https://blog.easybroker.com/feed" rel="self" type="application/rss+xml"/>
        <webMaster><![CDATA[yourfriends@medium.com]]></webMaster>
        <atom:link href="http://medium.superfeedr.com" rel="hub"/>
        <item>
            <title><![CDATA[Ver clientes potenciales en tus propiedades]]></title>
            <link>https://blog.easybroker.com/ver-clientes-potenciales-en-tus-propiedades-fa08a51e2987</link>
            <guid isPermaLink="false">https://medium.com/p/fa08a51e2987</guid>
            <category><![CDATA[gestión-de-inmuebles]]></category>
            <category><![CDATA[easybroker]]></category>
            <category><![CDATA[novedades]]></category>
            <dc:creator><![CDATA[Isaac Vázquez]]></dc:creator>
            <pubDate>Thu, 23 May 2013 15:27:59 GMT</pubDate>
            <atom:updated>2016-12-28T20:04:46.975Z</atom:updated>
            <content:encoded><![CDATA[<p>¿Has usado las búsquedas guardadas? Esta herramienta te permite guardar exactamente lo que un cliente busca en EasyBroker y además, si así lo deseas, recibir alertas cada mañana por email cuando alguna de las propiedades publicadas el día anterior coincide con lo que buscaban tus clientes.</p><p>Las búsquedas guardadas son útiles, pero a veces vas a querer saber si alguno de tus contactos podría estar interesado en alguna propiedad específica. Por ello, añadimos recientemente una nueva pestaña llamada <em>Clientes potenciales</em> a la ficha general de cada propiedad para que puedas ver a todos los contactos que pueden estar interesados en esa propiedad. Para que los contactos aparezcan en esta pestaña debes tener contactos con búsquedas guardadas que coincidan con los detalles de la propiedad.</p><figure><img alt="Encuentra los clientes potenciales de cada propiedad" src="https://cdn-images-1.medium.com/max/1024/0*fbJvOn-wucWBGFVM.jpg" /></figure><p>Por ejemplo si creas y guardas una búsqueda para José Alberto Perez, que está buscando comprar un departamento en la colonia Roma en 7 millones de pesos o menos, cuando mires en la pestaña de Clientes Potenciales de una propiedad que coincida con esos parámetros José Alberto aparecerá allí. De esa manera puedes llamarlo o enviarle la ficha de la propiedad que ya cumple con las características que él había solicitado. Esta nueva utilidad debería ayudarte a ti o a tu equipo a brindar un servicio más proactivo y a concretar más negocios.</p>]]></content:encoded>
        </item>
        <item>
            <title><![CDATA[La interrupción del servicio del 18 y 19 de marzo]]></title>
            <link>https://blog.easybroker.com/la-interrupci%C3%B3n-del-servicio-del-18-y-19-de-marzo-ac3b014a8519</link>
            <guid isPermaLink="false">https://medium.com/p/ac3b014a8519</guid>
            <category><![CDATA[easybroker]]></category>
            <dc:creator><![CDATA[Isaac Vázquez]]></dc:creator>
            <pubDate>Thu, 11 Apr 2013 22:44:06 GMT</pubDate>
            <atom:updated>2016-12-28T20:04:59.071Z</atom:updated>
            <content:encoded><![CDATA[<p>A continuación se presenta un resumen detallado de las causas del corte de servicio que ocurrió el 18 y 19 de marzo, así como nuestra respuesta ante el problema y las acciones a adoptar para garantizar que un corte de servicio no vuelva a ocurrir. En total hubo alrededor de 8 horas de tiempo de inactividad para los sitios web de nuestros clientes y 2 horas de tiempo de inactividad para la parte del CRM de EasyBroker. La última vez que tuvimos una interrupción imprevista fue el 14 de febrero de 2012, hace ya más de un año. Durante este último año hemos mantenido un tiempo activo de más de 99%. Sin embargo, entendemos que EasyBroker es fundamental para su negocio por lo cual planeamos tomar medidas para garantizar una respuesta rápida y adecuada en una situación similar.</p><p><strong>El problema y los varios intentos para solucionarlo</strong></p><p>El 18 de marzo nuestro servidor principal de producción empezó a comportarse de forma extraña. Después de reiniciarlo y hacer algunos ajustes -los cuales tomaron alrededor de una hora- éste volvió a estar en línea. Durante el día estuvimos investigando con nuestro host Rackspace sin poder encontrar la causa de lo sucedido.</p><p>Lamentablemente en la mañana del 19 el problema reapareció; esta vez no logramos que el servidor volviera a estar en línea. Tratamos de cambiar a un servidor virtual, pero desafortunadamente, mientras migrábamos el servidor, Rackspace tuvo un corte con su servidor de Cloud Files que causó que nuestra migración se congelara. Al tratar de resolver el problema de la migración con Rackspace lanzamos un nuevo servidor con una dirección IP diferente. Dentro de poco tiempo el CRM de EasyBroker estaba funcionando de nuevo. Por desgracia, todos los nombres de dominio de los sitios web de nuestros clientes estaban apuntando a la dirección IP del servidor antiguo. Probablemente tomaría de 4 a 8 horas para migrar a la nueva IP. Por otro lado, Rackspace nos comentó que tardaría unos 30 minutos en arreglar el problema con el servicio de Cloud Files así que decidimos que sería mejor esperar.</p><p>Desafortunadamente, después de que el servicio Cloud Files regresó, Rackspace no pudo descongelar el proceso de migración. Después de 5 horas de trabajo Rackspace se dio cuenta de que había un problema con el hardware, lo más probable con el disco duro, el cuál también era la causa principal de los problemas ocurridos hasta ahora. Rackspace hizo un cambio de hardware después de lo cual se pudo completar la migración del servidor.</p><p><strong>Medidas para mitigar interrupciones futuras</strong></p><p>El mayor problema que tuvimos con este corte es que no se podía hacer el cambio a un nuevo servidor porque la dirección IP estaba “atada” al servidor actual. Esto no habría sido un factor si se hubieran utilizado registros CNAME en lugar de registros A para cada uno de los dominios de nuestros clientes. Un simple cambio de DNS habría solucionado todo. Ya hemos actualizado todos los nombres de dominio de todos los dominios de nuestros clientes que gestionamos para usar CNAME.</p><p>Otra manera en que se podría haber resuelto el problema es mediante el uso de un “equilibrador de carga” de modo que fácilmente se pudiera cambiar a un nuevo servidor sin tener que desmontar EasyBroker. Un equilibrador de carga nos permitiría utilizar una sola dirección IP para múltiples servidores. Actualmente estamos en el proceso de agregar un equilibrador de carga para que en el futuro podamos resolver este problema sin, o con al menos muy poco, tiempo de inactividad.</p><p><strong>Conclusión</strong></p><p>Lamentamos mucho el tiempo de inactividad ya que sabemos afecta a cada uno de nuestros clientes. En los últimos años hemos mantenido un tiempo activo de más de 99%, sin embargo, seguiremos tomando medidas adicionales para reducir la posibilidad de cortes de este tipo en el futuro.</p>]]></content:encoded>
        </item>
        <item>
            <title><![CDATA[¡Publica tus propiedades en EasyAviso!]]></title>
            <link>https://blog.easybroker.com/publica-tus-propiedades-en-easyaviso-e96fbe4ab799</link>
            <guid isPermaLink="false">https://medium.com/p/e96fbe4ab799</guid>
            <category><![CDATA[red-de-easybroker]]></category>
            <category><![CDATA[novedades]]></category>
            <category><![CDATA[marketing]]></category>
            <category><![CDATA[easybroker]]></category>
            <dc:creator><![CDATA[Isaac Vázquez]]></dc:creator>
            <pubDate>Fri, 15 Feb 2013 19:32:04 GMT</pubDate>
            <atom:updated>2016-12-28T20:04:06.996Z</atom:updated>
            <content:encoded><![CDATA[<figure><img alt="logo easyaviso" src="https://cdn-images-1.medium.com/max/264/0*1LFGhcIH8PGMBITK.png" /></figure><p><a href="http://easyaviso.com/">EasyAviso</a> es un sitio inmobiliario enfocado en brindar la mejor experiencia posible a la hora de buscar una propiedad en México. De ahora en adelante EasyAviso estará incluido dentro de la red de sitios asociados a EasyBroker. Eso quiere decir que cada vez que decidas publicar una propiedad en nuestra red de sitios asociados, si tu propiedad se encuentra en México, ésta será automáticamente publicada en EasyAviso.</p><figure><img alt="El nuevo portal inmobiliario EasyAviso" src="https://cdn-images-1.medium.com/max/500/0*HRcmqHzuToaYlH_S.png" /></figure><p>Totalmente visual, <a href="http://easyaviso.com">EasyAviso</a> es un portal inmobiliario fácil y divertido de usar que hace de la tarea de buscar una propiedad toda una experiencia agradable. A la par, EasyAviso es todo lo que necesitas para ofertar tus propiedades. Incluye fotos, mapas, y todo lo necesario para promocionar tu casa, departamento, terreno, rancho y… bueno, cualquier cosa habitable. Ideal para las personas que ofertan un inmueble propio o para las inmobiliarias que necesitan un lugar para promocionar toda su cartera inmobiliaria.</p><p>Así que pasa la voz. ¡De ahora en adelante tus propiedades también se publican en EasyAviso!</p>]]></content:encoded>
        </item>
        <item>
            <title><![CDATA[¡EasyBroker ahora disponible en versión móvil!]]></title>
            <link>https://blog.easybroker.com/easybroker-ahora-disponible-en-versi%C3%B3n-m%C3%B3vil-86ba3281619d</link>
            <guid isPermaLink="false">https://medium.com/p/86ba3281619d</guid>
            <category><![CDATA[gestión-de-inmuebles]]></category>
            <category><![CDATA[easybroker]]></category>
            <category><![CDATA[novedades]]></category>
            <dc:creator><![CDATA[Isaac Vázquez]]></dc:creator>
            <pubDate>Mon, 28 Jan 2013 22:51:33 GMT</pubDate>
            <atom:updated>2016-12-28T20:04:15.984Z</atom:updated>
            <content:encoded><![CDATA[<figure><img alt="collage versión móvil EasyBroker" src="https://cdn-images-1.medium.com/max/408/0*ZXuM5vBo7O5A8sHk.png" /></figure><p>¡Broker! De hoy en adelante puedes usar la versión móvil de EasyBroker en tu teléfono o tableta para acceder a tus propiedades, contactos y tareas mientras estás en movimiento. El CRM se ajusta a cualquier dispositivo.</p><p>Revisa tus propiedades y muestra a tus clientes las galerías de fotos y ubicaciones de los inmuebles directo desde tu celular o tableta. Revisa las tareas del día ahora mientras tomas un café por la mañana o añade contactos al sistema en el momento en el que los conoces. ¡Usa tu CRM inmobiliario de EasyBroker para mantenerte al tanto de tu negocio, ahora lo mismo en la oficina que en movimiento!</p><p>Puedes además usar la opción de <em>Añadir a pantalla de inicio</em> -usuarios iOS- o <em>Añadir atajo a inicio</em> -usuarios Android- para contar con el botón de EasyBroker en tu celular o tableta.</p>]]></content:encoded>
        </item>
        <item>
            <title><![CDATA[Personaliza el acceso de tu equipo al Tablero]]></title>
            <link>https://blog.easybroker.com/personaliza-el-acceso-de-tu-equipo-al-tablero-845bcda5edb9</link>
            <guid isPermaLink="false">https://medium.com/p/845bcda5edb9</guid>
            <category><![CDATA[easybroker]]></category>
            <category><![CDATA[novedades]]></category>
            <dc:creator><![CDATA[Isaac Vázquez]]></dc:creator>
            <pubDate>Wed, 16 Jan 2013 01:08:39 GMT</pubDate>
            <atom:updated>2016-12-28T20:04:40.135Z</atom:updated>
            <content:encoded><![CDATA[<figure><img alt="Imagen permisos EasyBroker" src="https://cdn-images-1.medium.com/max/361/0*5RSulpTlI88xzRX-.png" /></figure><p>Hemos añadido la opción de mostrar/ocultar las actividades -notas, llamadas, chats, tareas terminadas ect.- de tu equipo del <em>Tablero</em> para aquellos usuarios que no son administradores. Si eres un usuario administrador puedes editar las restriciones para usuarios limitados dando clic en el botón de <em>Configuraciones/Usuarios</em> dentro de la pantalla de inicio de tu cuenta de EasyBroker.</p><p>Los usuarios administradores tendrán, como de costumbre, acceso a toda la información de las actividades del equipo dentro del <em>Tablero</em>. Los usuarios limitados en principio, sólo podran ver el listado de sus propias actividades, al menos claro, que un usuario administrador habilite el acceso completo al <em>Tablero</em>.</p>]]></content:encoded>
        </item>
        <item>
            <title><![CDATA[Un año más… gracias a ustedes. ¡Feliz año nuevo!]]></title>
            <link>https://blog.easybroker.com/un-a%C3%B1o-m%C3%A1s-gracias-a-ustedes-feliz-a%C3%B1o-nuevo-b8efd3da3d7d</link>
            <guid isPermaLink="false">https://medium.com/p/b8efd3da3d7d</guid>
            <category><![CDATA[general]]></category>
            <category><![CDATA[easybroker]]></category>
            <dc:creator><![CDATA[Isaac Vázquez]]></dc:creator>
            <pubDate>Mon, 31 Dec 2012 23:16:26 GMT</pubDate>
            <atom:updated>2016-12-28T20:04:21.189Z</atom:updated>
            <content:encoded><![CDATA[<figure><img alt="2013" src="https://cdn-images-1.medium.com/max/180/0*q-CKtT0-i1sfH8wM.jpg" /></figure><p>El 2012 se va. Hemos disfrutado mucho de este año al trabajar para ayudarlos a crecer por medio de EasyBroker, felicidades a todos por su gran esfuerzo. A la vez estamos muy agradecidos por la confianza que nos han brindado al permitirnos trabajar en conjunto. Gracias a todos los brokers que día a día nos impulsan a ser mejores.</p><p>Muchas cosas han pasado en el año que está por terminar. A mitad de año el rápido crecimiento de clientes en México nos llevó a la apertura de oficinas físicas en la capital de ese país. También hemos seguido añadiendo mejoras a nuestro software aplicables para todos nuestros usuarios. Dejamos un resumen de las actualizaciones en 2012 para usedes:</p><ul><li><a href="http://www.easybroker.com/es/blog/2012-02-nueva-informacion-en-los-pedidos-via-web/">Añadimos información a los pedidos vía web</a></li><li><a href="http://www.easybroker.com/es/blog/2012-03-dos-nuevos-reportes-de-clientes-potenciales-y-otras-mejoras-a-los-reportes/">Añadimos reportes de clientes potenciales y mejoramos otros tantos</a></li><li><a href="http://www.easybroker.com/es/blog/2012-04-oculta-la-ubicacion-exacta-de-tus-avisos-inmobiliarios/">Añadimos la función de ocultar la ubicación exacta de tu propiedad en tu sitio web</a></li><li><a href="http://www.easybroker.com/es/blog/2012-05-ahora-puedes-publicar-tu-sitio-web-en-italiano/">Habilitamos tu sitio para usarse en italiano</a></li><li><a href="http://www.easybroker.com/es/blog/2012-05-ahora-puedes-anadir-archivos-a-tus-propiedades-facilmente/">Agregamos espacio para que subas archivos a tus propiedades</a></li><li><a href="http://www.easybroker.com/es/blog/2012-07-ahorra-tiempo-copiando-facilmente-tus-propiedades/">Habilitamos la opción de copiar una propiedad</a></li><li><a href="http://www.easybroker.com/es/blog/2012-08-revisa-el-origen-de-todos-tus-prospectos-en-una-grafica-de-pastel/">Creamos una nueva gráfica de pastel para mostrar tus prospectos</a></li><li><a href="http://www.easybroker.com/es/blog/2012-10-%c2%a1revisa-el-desempeno-de-tus-anuncios-desde-el-reporte-de-actividades-de-propiedades/">Añadimos campos al reporte de actividades de tus propiedades para ayudarte a evaluar el rendimiento de tus anuncios</a></li><li><a href="http://www.easybroker.com/es/blog/2012-11-con-videos-ahora-lo-facil-es-mas-facil/">Hicimos videos para mejorar tu experiencia con nosotros</a></li><li><a href="http://www.easybroker.com/es/blog/2012-11-%c2%a1ya-puedes-crear-paginas-con-listados-personalizados-y-ordenar-tus-inmuebles-a-tu-gusto-dentro-de-tu-sitio-web/">Mejoramos la manera en la que muestras tus listados en tu sitio</a></li></ul><p>Les deseamos a todos un muy feliz y próspero año nuevo. Recuerden que siempre estamos abiertos a escuchar sus sugerencias… ¡Un gran abrazo del equipo de EasyBroker!</p><p><em>Imagen cortesía de </em><a href="http://onewaystock.com/"><em>One Way Stock</em></a></p>]]></content:encoded>
        </item>
        <item>
            <title><![CDATA[MercadoPago, una nueva opción para pagar tu subscripción de EasyBroker]]></title>
            <link>https://blog.easybroker.com/mercadopago-una-nueva-opci%C3%B3n-para-pagar-tu-subscripci%C3%B3n-de-easybroker-46b013cf80e5</link>
            <guid isPermaLink="false">https://medium.com/p/46b013cf80e5</guid>
            <category><![CDATA[easybroker]]></category>
            <category><![CDATA[novedades]]></category>
            <dc:creator><![CDATA[Isaac Vázquez]]></dc:creator>
            <pubDate>Wed, 12 Dec 2012 00:34:40 GMT</pubDate>
            <atom:updated>2016-12-28T20:04:59.452Z</atom:updated>
            <content:encoded><![CDATA[<figure><img alt="Metodos de pago" src="https://cdn-images-1.medium.com/max/457/0*4_-FxWgCvcrubkD9.png" /></figure><p>Estamos cambiando los pagos en efectivo de DineroMail a <a href="https://www.mercadopago.com/mp-mexico/">MercadoPago</a> para todos nuestros subscriptores mexicanos. MercadoPago es un versátil método de pago por internet que desde hace unos días funciona con EasyBroker. A través de MercadoPago nuestros clientes en México podrán pagar su subscripción en efectivo, por transferencia bancaria o con tarjetas de crédito o débito nacionales.</p><p>Para pagar tu subscripción de EasyBroker usando MercadoPago ingresa a tu cuenta y selecciona el botón de <em>Configuración/Planes y Facturación</em> que aparece en la parte superior derecha de la pantalla de inicio. Una vez en la página de <em>Planes y Facturación</em> da clic a <em>Cambiar método de pago </em>y elige la opción de pago por medio de MercadoPago. Al finalizar da clic en <em>Actualizar</em>. A continuación deberás llenar la información requerida y proceder a realizar tu pago.</p><p>¡Ya sabes!, si estás en México y quieres pagar en efectivo o pagar en pesos en vez de dólares usando tus tarjetas de crédito o débito nacionales usa MercadoPago.</p>]]></content:encoded>
        </item>
        <item>
            <title><![CDATA[¡Ya puedes crear páginas con listados personalizados y ordenar tus inmuebles a tu gusto dentro de…]]></title>
            <link>https://blog.easybroker.com/ya-puedes-crear-p%C3%A1ginas-con-listados-personalizados-y-ordenar-tus-inmuebles-a-tu-gusto-dentro-de-tu-1fd6e5912c4f</link>
            <guid isPermaLink="false">https://medium.com/p/1fd6e5912c4f</guid>
            <category><![CDATA[easybroker]]></category>
            <category><![CDATA[novedades]]></category>
            <dc:creator><![CDATA[Isaac Vázquez]]></dc:creator>
            <pubDate>Thu, 22 Nov 2012 19:02:54 GMT</pubDate>
            <atom:updated>2017-04-19T00:07:42.704Z</atom:updated>
            <content:encoded><![CDATA[<h3>¡Ya puedes crear páginas con listados personalizados y ordenar tus inmuebles a tu gusto dentro de tu sitio web!</h3><p>Ahora ya puedes añadir páginas con listados específicos en tu sitio web de forma rápida y sencilla. Además ahora puedes ordenar tus listados por precio, fecha de publicación o relevancia. Juntas estas dos características constituyen una de las mayores mejoras hechas a nuestro software jamás, así que presta atención que aquí te tengo el ABC de los nuevos ‘features’.</p><p>Anteriormente sólo podías agrupar tus inmuebles bajo cuatro páginas dentro de tu sitio; ventas, rentas, rentas temporales y nuevas construcciones. ¡Ya no más! Sigue estos sencillos pasos para usar nuestras nuevas características y promociona tus inmuebles bajo apartados personalizados en tu sitio web:</p><figure><img alt="" src="https://cdn-images-1.medium.com/max/1024/1*0tP_FPWx-Q-irKcbjJEkcA.jpeg" /></figure><p>1. Después de iniciar sesión en tu cuenta de EasyBroker abre el editor y da clic a la pestaña de <em>Páginas</em>.</p><p>2. Ya en la pestaña da clic al botón de <em>Agregar Página Web</em>. En el lado derecho aparecerá un formulario para crear la nueva página en tu sitio web.</p><p>3. Dale un nombre a la página y selecciona el formato <em>Lista de Propiedades</em>.</p><p>4. Selecciona un tipo de listado -venta, renta, renta temporal, nueva construcción- así como una etiqueta particular -¡remates, locales comerciales, casas embrujadas, castillos flotantes o cualquier otro tipo de inmueble que desees promocionar!</p><p>5. Para terminar selecciona el orden en el que deseas aparezcan los inmuebles dentro de tu nuevo listado -recuerda que esto también es nuevo y puede aplicarse en cualquier página con listados dentro de tu web- y da clic en <em>Crear</em>.</p><figure><img alt="" src="https://cdn-images-1.medium.com/max/900/1*3WEtlE3EBKqh0qNl3Pu5BA.jpeg" /></figure><p>¡Ta-da! ¡Has creado una nueva página en tu sitio web que sólo mostrará los inmuebles con la(s) etiqueta(s) seleccionada(s) en el orden de tu preferencia! Recuerda que deberás agregar las etiquetas correspondientes a las propiedades que quieras aparezcan bajo tus nuevos listados.</p><figure><img alt="" src="https://cdn-images-1.medium.com/max/842/1*rm9wUCrxX9Pu-M6tYSt8ew.jpeg" /></figure><p>¡Estas nuevas características son infinitamente versátiles y poderosas! A partir de ahora puedes promocionar fácilmente todo tipo de propiedad nítidamente desde tu sitio web. Pronto subiré un nuevo video para enseñarte de primera mano cómo usar esta nueva herramienta. Hasta entonces recibe un gran saludo de tus amigos de EasyBroker.</p>]]></content:encoded>
        </item>
        <item>
            <title><![CDATA[¡Con videos ahora lo fácil es más fácil!]]></title>
            <link>https://blog.easybroker.com/con-videos-ahora-lo-f%C3%A1cil-es-m%C3%A1s-f%C3%A1cil-9e838a9d57d4</link>
            <guid isPermaLink="false">https://medium.com/p/9e838a9d57d4</guid>
            <category><![CDATA[easybroker]]></category>
            <category><![CDATA[novedades]]></category>
            <category><![CDATA[videos]]></category>
            <dc:creator><![CDATA[Isaac Vázquez]]></dc:creator>
            <pubDate>Fri, 09 Nov 2012 14:50:05 GMT</pubDate>
            <atom:updated>2016-12-28T20:05:01.145Z</atom:updated>
            <content:encoded><![CDATA[<p>A petición de ustedes hemos comenzado con la producción de videos en los que resolvemos y explicamos de primera mano algunos de los temas más recurrentes en nuestro chat y correo de soporte. Les dejo aquí los primeros videos esperando sus comentarios sobre lo que les gustaría ver por aquí. Por ahora hemos comenzado con algunos de los temas más básicos. ¡Semana con semana estaremos subiendo algunos videos más, espérenlos!</p><p>*Configuren la calidad a HD desde la ventana de YouTube para una óptima resolución.</p><p><a href="https://www.youtube.com/watch?v=JoqyFjNh3_U">Cómo editar tu sitio web de EasyBroker</a></p><iframe src="https://cdn.embedly.com/widgets/media.html?url=http%3A%2F%2Fwww.youtube.com%2Fwatch%3Fv%3DJoqyFjNh3_U&amp;src=https%3A%2F%2Fwww.youtube.com%2Fembed%2FJoqyFjNh3_U&amp;type=text%2Fhtml&amp;key=d04bfffea46d4aeda930ec88cc64b87c&amp;schema=youtube" width="854" height="480" frameborder="0" scrolling="no"><a href="https://medium.com/media/e8d5d3729180586ed3b5dd11de7aeeb5/href">https://medium.com/media/e8d5d3729180586ed3b5dd11de7aeeb5/href</a></iframe><p><a href="https://www.youtube.com/watch?v=_VoI0LJFKHo">Cómo editar el menú de tu sitio web de EasyBroker</a></p><iframe src="https://cdn.embedly.com/widgets/media.html?url=http%3A%2F%2Fwww.youtube.com%2Fwatch%3Fv%3D_VoI0LJFKHo&amp;src=https%3A%2F%2Fwww.youtube.com%2Fembed%2F_VoI0LJFKHo&amp;type=text%2Fhtml&amp;key=d04bfffea46d4aeda930ec88cc64b87c&amp;schema=youtube" width="854" height="480" frameborder="0" scrolling="no"><a href="https://medium.com/media/2fc2dcfa8a51df45838ce2a76024af96/href">https://medium.com/media/2fc2dcfa8a51df45838ce2a76024af96/href</a></iframe><p><a href="https://www.youtube.com/watch?v=rp3tuK3l7Hs">Cómo agregar/editar una propiedad en EasyBroker</a></p><iframe src="https://cdn.embedly.com/widgets/media.html?url=http%3A%2F%2Fwww.youtube.com%2Fwatch%3Fv%3Drp3tuK3l7Hs&amp;src=https%3A%2F%2Fwww.youtube.com%2Fembed%2Frp3tuK3l7Hs&amp;type=text%2Fhtml&amp;key=d04bfffea46d4aeda930ec88cc64b87c&amp;schema=youtube" width="854" height="480" frameborder="0" scrolling="no"><a href="https://medium.com/media/d0518e683e10a36915e1ba4c406513eb/href">https://medium.com/media/d0518e683e10a36915e1ba4c406513eb/href</a></iframe>]]></content:encoded>
        </item>
        <item>
            <title><![CDATA[¡Recordatorios para las fechas importantes de tus contactos y propiedades!]]></title>
            <link>https://blog.easybroker.com/recordatorios-para-las-fechas-importantes-de-tus-contactos-y-propiedades-fbed0ed91af7</link>
            <guid isPermaLink="false">https://medium.com/p/fbed0ed91af7</guid>
            <category><![CDATA[gestión-de-inmuebles]]></category>
            <category><![CDATA[consejos]]></category>
            <category><![CDATA[easybroker]]></category>
            <category><![CDATA[tarea]]></category>
            <dc:creator><![CDATA[Isaac Vázquez]]></dc:creator>
            <pubDate>Thu, 01 Nov 2012 18:39:43 GMT</pubDate>
            <atom:updated>2016-12-28T20:05:19.723Z</atom:updated>
            <content:encoded><![CDATA[<figure><img alt="" src="https://cdn-images-1.medium.com/max/500/0*_oYQuLhYgfMZB-0X.png" /></figure><p>¿Alguna vez has olvidado alguna fecha importante sobre alguna propiedad o contacto? ¡Qué pena llegar a la oficina y olvidar que es el cumpleaños de uno de tus colaboradores y qué fastidio el olvidar renovar un contrato anual! Por suerte tu cuenta EasyBroker te permite crear tareas para fechas importantes directamente desde la ficha de la propiedad o contacto en cuestión. ¡Usa los <em>recordatorios de fechas importantes</em> de EasyBroker y vuelve a tomar el control de tu negocio!</p><p>Puedes añadir las fechas importantes a tus contactos y propiedades directamente desde sus fichas. En el lado derecho de la ficha de tu contacto o propiedad encontrarás un cuadro titulado <em>Fechas</em>. Si das clic en <em>agregar</em> se abrirá una página como la que aparece arriba en donde podrás seleccionar el nombre de la ocasión, la fecha de la misma y la opción de crear un recordatorio. La fecha registrada quedará adicionada en la ficha del contacto y, de haber seleccionado la opción de <em>Recordatorio</em>, se incluirá en tu calendario de tareas. ¡Deja atrás los Post-its y profesionaliza tu negocio ya!</p><p>Recuerda que también puedes añadir tu agenda de negocios EasyBroker a tus demás agendas ya del celular, tableta o computador, ¡revisa nuestro post sobre <a href="http://www.easybroker.com/es/blog/2009-12-vea-sus-tareas-en-outlook-ical-google-calendar-y-otros/"><em>Ver tus tareas en Outlook, iCal, Google y más</em></a> al igual que él de <a href="http://www.easybroker.com/es/blog/ayuda/primeros-pasos-tareas-notas-relaciones/como-veo-mis-tareas-de-easybroker-en-el-calendario-de-mi-iphone-o-ipad/"><em>Ver mis tareas en el iPhone o iPad</em></a> para más información al respecto!</p>]]></content:encoded>
        </item>
    </channel>
</rss>