<?xml version="1.0" encoding="UTF-8"?><rss xmlns:dc="http://purl.org/dc/elements/1.1/" xmlns:content="http://purl.org/rss/1.0/modules/content/" xmlns:atom="http://www.w3.org/2005/Atom" version="2.0" xmlns:cc="http://cyber.law.harvard.edu/rss/creativeCommonsRssModule.html">
    <channel>
        <title><![CDATA[EasyBroker - Medium]]></title>
        <description><![CDATA[Consejos, noticias y mejores prácticas para hacer más competitiva tu inmobiliaria. - Medium]]></description>
        <link>https://blog.easybroker.com</link>
        <image>
            <url>https://cdn-images-1.medium.com/proxy/1*TGH72Nnw24QL3iV9IOm4VA.png</url>
            <title>EasyBroker - Medium</title>
            <link>https://blog.easybroker.com</link>
        </image>
        <generator>Medium</generator>
        <lastBuildDate>Mon, 03 Dec 2018 18:45:57 GMT</lastBuildDate>
        <atom:link href="https://blog.easybroker.com/feed" rel="self" type="application/rss+xml"/>
        <webMaster><![CDATA[yourfriends@medium.com]]></webMaster>
        <atom:link href="http://medium.superfeedr.com" rel="hub"/>
        <item>
            <title><![CDATA[Mejora en rastreo de prospectos ]]></title>
            <link>https://blog.easybroker.com/mejora-en-rastreo-de-prospectos-f2f7cbdb5529</link>
            <guid isPermaLink="false">https://medium.com/p/f2f7cbdb5529</guid>
            <category><![CDATA[novedades]]></category>
            <category><![CDATA[red-de-easybroker]]></category>
            <dc:creator><![CDATA[Isaac Vázquez]]></dc:creator>
            <pubDate>Mon, 19 Apr 2010 20:25:22 GMT</pubDate>
            <atom:updated>2016-12-28T20:04:36.460Z</atom:updated>
            <content:encoded><![CDATA[<h3>Mejora en rastreo de prospectos</h3><p>Hoy añadimos la funcionalidad de rastrear de qué sitios vienen originalmente los clientes potenciales que se generan en tu sitio web. Antes, si un prospecto visitaba un asociado de la red de EasyBroker, como <a href="http://www.trovit.com">Trovit</a>, y luego hacía click en tu aviso, sería enviado a tu sitio web, pero si llenaba un formulario el <em>Origen </em>del prospecto aparecería como <em>Web</em>. Ahora la fuente será establecida con el sitio web específico que dirigió al cliente potencial, por ejemplo: casas.trovitmexico.com.mx.</p><p>Esta mejora te ayuda a determinar cual asociado de EasyBroker está generándote prospectos o puedes usarlo para rastrear cualquier cliente potencial que sea generado desde cualquier sitio web que enlace a tu sitio web. Si estás usando Google Adwords, por ejemplo, cuando alguien haga click en un aviso mostrado en google y luego complete un formulario en tu sitio web, EasyBroker marcará el <em>Origen </em>como proveniente de google.com</p><figure><img alt="Vista fuente de prospectos" src="https://cdn-images-1.medium.com/max/332/0*kAET3rqIyzZH5Kci.PNG" /></figure><p>Ahora podrás tener una mejor idea de cuáles sitios web están generando mayor cantidad de clientes potenciales y dónde deberías enfocarte en mercadear.</p>]]></content:encoded>
        </item>
        <item>
            <title><![CDATA[Software para inmobiliarias en Colombia]]></title>
            <link>https://blog.easybroker.com/software-para-inmobiliarias-en-colombia-ca3f1824f928</link>
            <guid isPermaLink="false">https://medium.com/p/ca3f1824f928</guid>
            <dc:creator><![CDATA[Isaac Vázquez]]></dc:creator>
            <pubDate>Wed, 14 Apr 2010 17:06:47 GMT</pubDate>
            <atom:updated>2016-12-28T20:04:23.259Z</atom:updated>
            <content:encoded><![CDATA[<p>Siguiendo en nuestra línea de investigación sobre el mercado de software para inmobiliarias en los países donde tenemos más influencia, ésta vez nos enfocamos en <strong>Colombia</strong>. Recordamos que estos resultados están basados en la información que encontramos en los motores de búsqueda y filtramos por productos que ofrecieran un paquete mínimo de <a href="http://www.easybroker.com/es/crm-para-inmobiliarias">CRM</a> y gestión de cartera de inmuebles. Si te preguntas dónde conseguir un software para inmobiliarias, puedes remitirte a <a href="http://www.easybroker.com/es/blog/2010-03-software-para-inmobiliarias-en-chile/">Software para inmobiliarias en Chile</a> y <a href="http://www.easybroker.com/es/blog/2010-02-software-para-inmobiliarias-en-mexico/">Software para inmobiliarias en México</a>, o bien a nuestra recopilación de <a href="http://www.easybroker.com/es/blog/2009-10-cuales-son-los-mejores-software-para-inmobiliarias/">Software para inmobiliarias</a> en general.</p><figure><img alt="Software para inmobiliarias en Colombia" src="https://cdn-images-1.medium.com/max/347/0*ctu5hxCordqWG71u.jpg" /></figure><p>Dentro de los resultados se encuentra <a href="http://www.software-inmobiliario.com">InmoSoft — CIPCO</a>, una aplicación que trabaja con plataforma Windows y que ofrece un sistema para la gestión de la cartera de inmuebles y un básico CRM. Ofrece la posibilidad de incluir los inmuebles en un SLM (Sistema de Listado Múltiple) que se comparte con otros usuarios de este mismo sistema, un buscador de inmuebles que aparecerá en el sitio web y la actualización automática en la web, por un costo adicional. No provee el alojamiento del sitio web.</p><p>Luego tenemos <a href="http://www.inmopcx.com">InmopcX</a>, que funciona también con plataforma Windows o web, dependiendo de la necesidad y elección del cliente. Tiene un sistema para el manejo de inmuebles y un básico CRM. Permite visualizar el estado de las propiedades y asignar tareas recordatorias.</p><p>Por supuesto, debemos hablar de <a href="http://www.easybroker.com">EasyBroker</a>, que trabaja con plataforma online, es decir, una aplicación web que no precisa ser instalada en los computadores y puede ser usada con cualquier sistema operativo (MAC, PC, Linux, etc). Permite la gestión de inmuebles y un CRM que relaciona las propiedades con los clientes, guarda búsquedas de acuerdo a necesidades, recuerda fechas importantes como firma de contratos o cumpleaños de los contactos o prospectos, y además provee un sitio web optimizado para los motores de búsqueda.</p><p>Aquí está el cuadro de resultados completo de software inmobiliario para Colombia. Si hace falta alguna información adicional, pueden contactarnos que agregaremos el nuevo dato si cumple con los requisitos básicos.</p><p>[table id=5 /]</p><p><em>*Solicitamos la información, pero a la fecha de publicación de esta entrada no obtuvimos respuesta.</em></p>]]></content:encoded>
        </item>
        <item>
            <title><![CDATA[Enormo y Vast, ahora parte de nuestra red]]></title>
            <link>https://blog.easybroker.com/enormo-y-vast-ahora-parte-de-nuestra-red-75ef4c7cb5bc</link>
            <guid isPermaLink="false">https://medium.com/p/75ef4c7cb5bc</guid>
            <category><![CDATA[easybroker]]></category>
            <category><![CDATA[gestión-de-inmuebles]]></category>
            <dc:creator><![CDATA[Isaac Vázquez]]></dc:creator>
            <pubDate>Thu, 08 Apr 2010 19:25:16 GMT</pubDate>
            <atom:updated>2016-12-28T20:05:00.606Z</atom:updated>
            <content:encoded><![CDATA[<figure><img alt="Enormo - Vast" src="https://cdn-images-1.medium.com/max/208/0*fmwfsfWcJgPkWXVG.jpg" /></figure><p>Cada vez son más los portales inmobiliarios asociados a nuestra red de EasyBroker en los que nuestros clientes publican sus avisos inmobiliarios sin costo alguno. Ésta vez hemos hecho asociación con dos grandes portales: <a href="http://www.enormo.com">Enormo </a>y <a href="http://www.vast.com">Vast</a>. Enormo publica exclusivamente avisos inmobiliarios en más de 80 países y Vast, además de los inmobiliarios, también tiene clasificados de automóviles.</p><p>Si tienes una propiedad en México, Argentina, Colombia, Chile, Perú, Ecuador, Estados Unidos, España o hasta en Andorra, y eliges la opción de publicar en la red de EasyBroker, automáticamente tus avisos serán publicados en estos dos sitios nuevos de nuestra red, lo que te permite aumentar la exposición en el mercado, y si eres un usuario con plan pago, <strong>generará </strong><a href="http://www.easybroker.com/es/blog/2010-03-aumenta-el-trafico-a-tu-sitio-web-con-la-red-de-easybroker/"><strong>más tráfico a tu sitio web</strong></a> si el cliente potencial da click sobre tu anuncio. Después de eso dependerá de ti hacer llamativos anuncios para capturar la atención de los interesados.</p><p>Esta lista de portales asociados a nuestra red continúa en aumento y seguramente más adelante tendremos más sorpresas para darles.</p>]]></content:encoded>
        </item>
        <item>
            <title><![CDATA[La importancia de la fotografía en un aviso inmobiliario]]></title>
            <link>https://blog.easybroker.com/la-importancia-de-la-fotograf%C3%ADa-en-un-aviso-inmobiliario-c235817a1c95</link>
            <guid isPermaLink="false">https://medium.com/p/c235817a1c95</guid>
            <category><![CDATA[consejos]]></category>
            <dc:creator><![CDATA[Isaac Vázquez]]></dc:creator>
            <pubDate>Tue, 06 Apr 2010 15:03:40 GMT</pubDate>
            <atom:updated>2016-12-28T20:03:59.484Z</atom:updated>
            <content:encoded><![CDATA[<p>¿Quién no ha prestado más atención a las fotos de un anuncio que al texto? Todas las veces que busqué un departamento para vivir utilicé 100% el recurso web para ver las ofertas del mercado, es decir, buscaba en los portales inmobiliarios y los sitios web de las inmobiliarias que me recomendaban, las características de los departamentos que me interesaba ver. Los filtraba por zona, precios, tamaño, en fin, las opciones eran muchas.</p><p>Además, principalmente descartaba las opciones por sus fotografías. Si se veía sucio, viejo, mal arreglado, en mal estado, feo, etc, cerraba el aviso e iba al siguiente de forma automática. Si además de esto, el aviso no tenía fotografía ni siquiera lo abría. Como este, por ejemplo:</p><figure><img alt="Ejemplo de anuncio sin foto" src="https://cdn-images-1.medium.com/max/500/0*StNgMYPIVb37exfX.jpg" /></figure><p>Por esto, encontramos una guía para sacar fotografías enfocada para negocios inmobiliarios que desarrolló el equipo de <strong>Globaliza </strong>con consejos útiles para mejorar la forma de tomar las fotos de los anuncios inmobiliarios, y aquí la estamos compartiendo con nuestros colegas.</p><p>Globaliza es el <a href="http://www.globaliza.com/">portal inmobiliario</a> más veterano de España y ha desarrollado un <a href="http://blog.globaliza.com">blog</a> con las noticias para el sector inmobiliario español, y consejos muy útiles y prácticos que cualquier inmobiliaria puede tener en cuenta. Además, para nuestros usuarios de <strong>EasyBroker</strong>, es muy útil tener en cuenta éstas recomendaciones a la hora de destacar sus avisos en nuestra <a href="http://www.easybroker.com/es/blog/2010-03-aumenta-el-trafico-a-tu-sitio-web-con-la-red-de-easybroker/">red de sitios asociados</a>.</p><p>En esta guía que han elaborado explican que es importante saber, por ejemplo, el encuadre que debe tener la foto, teniendo en cuenta las dimensiones del departamento o la casa.</p><figure><img alt="Cómo hago las fotos" src="https://cdn-images-1.medium.com/max/500/0*fzz4SMOl8tzxomMh.jpg" /></figure><p>Hay que además tener en cuenta la luz que tiene el lugar y aprovecharla de la mejor forma posible para que nuestro inmueble capture la mirada de los futuros clientes.</p><figure><img alt="la luz" src="https://cdn-images-1.medium.com/max/500/0*bSzswhuX_hOunF3h.jpg" /></figure><p>Como estos, hay más tips de uso del flash, el ángulo, y mucho más. Puedes descargar esta guía haciendo click en este enlace: <a href="http://www.easybroker.com/es/blog/wp-content/uploads/2010/04/sacar_fotos_2.pdf">Pequeña Guía para sacar fotografías Vol II</a>. En el blog también está la <a href="http://blog.globaliza.com/pequena-guia-de-retoque-fotografico-para-tus-anuncios-inmobiliarios/">versión I</a> de estas ayudas y además podrán visitarlo para estar enterados de este y otros consejos de suma importancia para el negocio inmobiliario.</p><p>Aquí hay más notas relacionadas al respecto:</p><ul><li><a href="http://www.easybroker.com/es/blog/2008-10-consejos-para-las-fotos-de-sus-propiedades/">Consejos para las fotos de sus propiedades</a></li><li><a href="http://webcast.vivareal.com/2010/03/30/algunos-tips-para-mejorar-la-visibilidad-de-su-inmueble/">Algunos tips para mejorar la visibilidad de su inmueble</a></li></ul>]]></content:encoded>
        </item>
        <item>
            <title><![CDATA[Elige mostrar los precios de tus inmuebles]]></title>
            <link>https://blog.easybroker.com/elige-mostrar-los-precios-de-tus-inmuebles-2285796ee50e</link>
            <guid isPermaLink="false">https://medium.com/p/2285796ee50e</guid>
            <category><![CDATA[easybroker]]></category>
            <category><![CDATA[novedades]]></category>
            <category><![CDATA[gestión-de-inmuebles]]></category>
            <dc:creator><![CDATA[Isaac Vázquez]]></dc:creator>
            <pubDate>Mon, 29 Mar 2010 19:59:23 GMT</pubDate>
            <atom:updated>2016-12-28T20:04:19.447Z</atom:updated>
            <content:encoded><![CDATA[<figure><img alt="Selecciona si deseas publicarlo" src="https://cdn-images-1.medium.com/max/518/0*WVvMFFcsA3gPzD1a.PNG" /></figure><p>Hoy lanzamos una característica que permite ocultar el precio de venta, renta o alquiler temporario de un aviso para tu sitio web o la red de EasyBroker. Recomendamos que publiques el precio de los inmuebles, porque las personas por lo general intentarán contactarte si lo saben en principio, sin embargo tenemos clientes que, o bien prefieren hablar de eso directamente con el cliente potencial, o están inseguros del valor o prefieren que su competencia no sepa el precio del inmueble.</p><figure><img alt="Consulte precio" src="https://cdn-images-1.medium.com/max/296/0*yY-wi1oOyYMJGR2y.PNG" /></figure><p>Si quieres ocultar el precio de una propiedad específica, crea o edita la propiedad y en el paso 1 selecciona o quita la selección en la casilla <em>Publicar el precio de alquiler y renta</em>, y luego guarda los cambios. Los precios para esta propiedad no serán publicados en adelante, pero aún podrás buscar por precios y verlos en tu cuenta de EasyBroker. En tu sitio web, EasyBroker pedirá al visitante contactarte para saber el precio, en lugar de mostrar alguna información relacionada.</p>]]></content:encoded>
        </item>
        <item>
            <title><![CDATA[Software para inmobiliarias en Chile]]></title>
            <link>https://blog.easybroker.com/software-para-inmobiliarias-en-chile-a31948d8a24e</link>
            <guid isPermaLink="false">https://medium.com/p/a31948d8a24e</guid>
            <category><![CDATA[gestión-de-inmuebles]]></category>
            <dc:creator><![CDATA[Isaac Vázquez]]></dc:creator>
            <pubDate>Fri, 26 Mar 2010 21:56:59 GMT</pubDate>
            <atom:updated>2016-12-28T20:04:32.840Z</atom:updated>
            <content:encoded><![CDATA[<p>Tal como hicimos con la investigación sobre <a href="http://www.easybroker.com/es/blog/2010-02-software-para-inmobiliarias-en-mexico/">software para inmobiliarias ofrecidos en México</a>, hemos extendido la búsqueda a <strong>Chile</strong>, teniendo en cuenta que los productos encontrados cumplieran con un servicio básico de <a href="http://www.easybroker.com/es/crm-para-inmobiliarias">CRM</a> (Software para la administración de la relación con los clientes) y un sistema para el manejo de la cartera de inmuebles.</p><figure><img alt="Software para inmobiliarias en Chile" src="https://cdn-images-1.medium.com/max/328/0*GqJdT0WtD214aBc4.jpg" /></figure><p>Ésta vez, el resultado hallado en los motores de búsqueda fue de menor cantidad. Encontramos algunos software originarios de un país diferente al investigado, pero que igual ofrecen los servicios para este país. Si hemos dejado alguno por fuera agradecemos nos envíen sus comentarios para completar la tabla de resultados. Aclaramos que este resumen está basado en la información encontrada en cada sitio web.</p><p>De origen chileno tenemos al modelo <a href="http://www.mussa.cl">Mussa</a>, un software que funciona con plataforma Windows, desarrollado por la Universidad de Chile y que ofrece un servicio de predicción de la oferta y la demanda del mercado inmobiliario de la ciudad, especialmente enfocado en Santiago de Chile. Permite la interacción entre otros agentes inmobiliarios, pero no ofrece un servicio completo de CRM o marketing del listado de inmuebles.</p><p><a href="http://www.edigraph.cl">Edigraph</a> es otra opción que funciona también con plataforma Windows. Permite el manejo de los inmuebles, crea reportes y actualiza la información de precios entre distintas sucursales de la misma empresa, utilizando el mismo sistema. Además tiene una administración básica de prospectos y contactos.</p><p>Otra alternativa con plataforma Windows es <a href="http://www.noteges.com">Noteges</a>, de la cual hablamos en al entrada sobre México, y ofrece CRM y manejo del listado de inmuebles. Aplica para Chile, sin embargo hasta el momento no tienen clientes en este país.</p><p>Para concluir este resumen había que mencionar a <a href="http://www.easybroker.com/es">EasyBroker</a>, un software inmobiliario que trabaja también con plataforma online y que ofrece un sistema para la gestión de la cartera de inmuebles y los clientes potenciales. Además, otorga la posibilidad de publicar el listado en diferentes portales inmobiliarios para mercadear no sólo el inmueble, sino también la inmobiliaria.</p><p>Este es el cuadro completo de <strong>software para inmobiliarias ofrecidos para Chile</strong>. Pedimos nuevamente si alguien tiene mayor información sobre otros productos nos informen.</p><p>[table id=4 /]</p><p><em>*Los precios fueron solicitados, pero al momento de la publicación no habíamos obtenido respuesta.</em></p>]]></content:encoded>
        </item>
        <item>
            <title><![CDATA[Fechas importantes para clientes potenciales, contactos e inmuebles]]></title>
            <link>https://blog.easybroker.com/fechas-importantes-para-clientes-potenciales-contactos-e-inmuebles-ba62726897d5</link>
            <guid isPermaLink="false">https://medium.com/p/ba62726897d5</guid>
            <category><![CDATA[easybroker]]></category>
            <category><![CDATA[novedades]]></category>
            <category><![CDATA[gestión-de-inmuebles]]></category>
            <dc:creator><![CDATA[Isaac Vázquez]]></dc:creator>
            <pubDate>Tue, 23 Mar 2010 19:36:27 GMT</pubDate>
            <atom:updated>2016-12-28T20:04:46.989Z</atom:updated>
            <content:encoded><![CDATA[<p>Hoy lanzamos algunas novedades para ayudarte a estar en sintonía con tus clientes potenciales, contactos y listado de inmuebles. Ahora podrás recordar fechas importantes como el aniversario o cumpleaños de cualquier contacto o cliente, o cuándo fue firmado un contrato o deberá ser cobrada la renta de algunos de tus inmuebles.</p><figure><img alt="Fechas importantes para clientes potenciales, contactos o propiedades" src="https://cdn-images-1.medium.com/max/505/0*-ME8SarxGfTIeA1j.PNG" /></figure><p>Para cada fecha importante puedes especificar si quieres que se repita por mes o por año. También puedes pedir para crearte una tarea una semana antes de la fecha. Por ejemplo, si quieres contactar a tus clientes en sus cumpleaños, puedes usar EasyBroker para crear una tarea cada año, una semana antes de sus cumpleaños. EasyBroker te enviará un correo cuando la tarea sea creada y también en el día de cumpleaños por el correo de tareas diarias.</p><p>También puedes utilizar las fechas importantes para registrar eventos que ocurren una vez, como la primera vez que conociste a alguien, cuando un contrato fue firmado o cuando el precio fue reducido en un inmueble.</p><p>Para crear una fecha importante abre cualquier cliente potencial, contacto o inmueble y mira en la barra lateral derecha. Hay una nueva caja llamada <em>Fechas Importantes</em>. Para añadir una, presiona el enlace <em>Agregar</em>. Selecciona el tipo de ocasión o selecciona <em>Otro </em>para crear una propia. Elige la fecha, especifica si deseas que EasyBroker cree una tarea una semana antes del evento y a quién se le debe asignar.</p><figure><img alt="Campos para fechas importantes" src="https://cdn-images-1.medium.com/max/543/0*z0K7KyCe3EF9590z.PNG" /></figure><p>Las Fechas importantes te ayudan a estar más en contacto con tus prospectos, contactos, inmuebles y te aseguran que nunca olvides lo que es importante. Por favor, déjanos saber si tienes algún comentario o sugerencias, y espero que disfrutes de las novedades.</p>]]></content:encoded>
        </item>
        <item>
            <title><![CDATA[Aumenta el tráfico a tu sitio web con la red de EasyBroker]]></title>
            <link>https://blog.easybroker.com/aumenta-el-tr%C3%A1fico-a-tu-sitio-web-con-la-red-de-easybroker-5fd6ece4fa4e</link>
            <guid isPermaLink="false">https://medium.com/p/5fd6ece4fa4e</guid>
            <category><![CDATA[gestión-de-inmuebles]]></category>
            <category><![CDATA[easybroker]]></category>
            <category><![CDATA[red-de-easybroker]]></category>
            <dc:creator><![CDATA[Isaac Vázquez]]></dc:creator>
            <pubDate>Thu, 18 Mar 2010 17:26:47 GMT</pubDate>
            <atom:updated>2016-12-28T20:04:00.073Z</atom:updated>
            <content:encoded><![CDATA[<figure><img alt="Tráfico a tu sitio web" src="https://cdn-images-1.medium.com/max/488/0*tb34V8Z7wus9a_Ff.jpg" /></figure><p>¿Quieres aumentar el tráfico de tu sitio web? hace poco hablé con dos clientes de EasyBroker <a href="http://www.arquitectamoriello.com/">Arquitecta Moriello</a> y <a href="http://www.zuksa.net/">Zuksa.net</a> para revisar su tráfico de Google Analytics y ver qué tan bien estaba ayudando EasyBroker a direccionar visitas a sus sitios web. En ambos casos, <strong>más del 25%</strong> de éstas fueron originadas de la red de sitios asociados de EasyBroker.</p><p>Uno de los beneficios de publicar tu listado de inmuebles a la red si estás en un plan pago es que nuestros asociados <strong>enlazarán directamente a tu sitio web</strong>. Por cada aviso que publiques recibes un enlace hacia tu sitio, así que cuando alguien busca una propiedad, por ejemplo en Trovit, Sumavisos, Yakaz u Oodle y luego hace click en cualquiera de tus avisos serán llevados a tu sitio web.</p><p>Una vez en tu sitio será más probable que busquen tus otras propiedades o que te contacten. Los visitantes también podrán considerar agregarte a sus favoritos o visitar otras páginas de tu sitio web para aprender más acerca de tu negocio, lo que te da más exposición.</p><p>[caption id=”attachment_1060&quot; align=”aligncenter” width=”500&quot; caption=”Ejemplo de aviso de Trovit que enlaza a Zuksa.net”]</p><figure><img alt="An example Trovit ad that links to Zuksa.net - Please don&#39;t type in all caps" src="https://cdn-images-1.medium.com/max/500/0*iFK1cGl3XpAmZtt7.png" /></figure><p>[/caption]</p><p>Por supuesto, obtener visitantes que hagan click sobre tu aviso en primer lugar es bastante importante. Asegúrate de colocar un título atractivo, una foto agradable, una descripción que no tenga errores de tipografía y por favor, no escribas el título o el contenido todo en mayúsculas.</p><p>La red de EasyBroker es una efectiva y fácil forma de dirigir más tráfico a tu sitio web, así que asegúrate de incluir tu listado en la red.</p>]]></content:encoded>
        </item>
        <item>
            <title><![CDATA[Newsletter: nuevos asociados y gestión de prospectos mejorado]]></title>
            <link>https://blog.easybroker.com/newsletter-nuevos-asociados-y-gesti%C3%B3n-de-prospectos-mejorado-9a3c11548562</link>
            <guid isPermaLink="false">https://medium.com/p/9a3c11548562</guid>
            <category><![CDATA[novedades]]></category>
            <category><![CDATA[easybroker]]></category>
            <category><![CDATA[consejos]]></category>
            <dc:creator><![CDATA[Isaac Vázquez]]></dc:creator>
            <pubDate>Tue, 16 Mar 2010 12:57:29 GMT</pubDate>
            <atom:updated>2016-12-28T20:04:17.420Z</atom:updated>
            <content:encoded><![CDATA[<figure><img alt="Sumavisos y Yakaz" src="https://cdn-images-1.medium.com/max/435/0*ZG9iA3_UURozDUw3.jpg" /></figure><p>Este mes que pasó agregamos a <a href="http://www.easybroker.com/es/blog/2010-02-yakaz-es-ahora-parte-de-la-red-easybroker/">Yakaz</a> y <a href="http://www.easybroker.com/es/blog/2010-02-tus-propiedades-ahora-en-sumavisos/">Sumavisos</a> a la red de portales inmobiliarios asociados de EasyBroker, así que ahora tendrás más lugares para publicar tu listado de inmuebles. Recientemente me encontré con Claudia Moriello de Arquitecta Moriello, quien compartió algunas ideas sobre la impresionante forma de cómo la red de EasyBroker está funcionando para ella. <strong>Un cuarto</strong>, es decir, el 25% del tráfico a su sitio web se origina desde uno de nuestros sitios asociados. Más aún, ¡su tráfico se ha <strong>duplicado </strong>desde que movió su sitio web hacia EasyBroker!</p><p>¿Sabías que si tu cuenta está en un plan pago, cualquier persona que haga un click sobre tu inmueble en uno de nuestros socios será direccionado a tu sitio web? No sólo estás publicitando tu listado, sino que también estás <strong>dirigiendo más tráfico</strong> a tu sitio. Publica tu cartera de inmuebles a la red de EasyBroker para generar más clientes potenciales y comercializar tu negocio.</p><figure><img alt="Mejoras de los clientes potenciales" src="https://cdn-images-1.medium.com/max/500/0*WZvph0uoRHedtAu-.png" /></figure><p>Hemos también hecho varias mejoras en la forma de manejar tus clientes potenciales en EasyBroker. Ahora puedes encontrar fácil y rápido los prospectos que no han sido contactados últimamente o que no tienen ninguna tarea pendiente. Además, tu última búsqueda será recordada para que no tengas que especificar todo el tiempo lo que buscas. Los clientes potenciales son el alma de tu negocio y si careces de un sistema de manejo decente, seguro estás perdiendo oportunidades para generar más ventas.</p><p>EasyBroker provee un fácil y completo sistema de manejo de prospectos que te permite:</p><ul><li>grabar emails, llamadas, conversaciones entre tu equipo, tus clientes y tú.</li><li>asignar prospectos a agentes y reasignar los que no están siendo seguidos.</li><li>ver qué clientes no tienen tareas pendientes o no han sido contactados recientemente.</li><li>guardar el tipo de inmueble que busca un cliente potencial y recibir alertas cuando un inmueble de esas características aparezca en la red de EasyBroker.</li><li>importar y exportar clientes potenciales desde y hacia Outlook.</li><li>ver en qué inmuebles está interesado el prospecto o de cuál es propietario.</li></ul><p>En caso de que no estés siguiendo nuestro blog, aquí hay algunas entradas recientes con las nuevas características y tips.</p><ul><li><a href="http://www.easybroker.com/es/blog/2010-03-no-descuides-tus-prospectos-y-analiza-la-actividad-de-tu-equipo/">No descuides tus prospectos y analiza la actividad de tu equipo</a></li><li><a href="http://www.easybroker.com/es/blog/2010-03-manten-tu-cordura-con-la-busqueda-por-filtros-guardada/">Mantén tu cordura con la búsqueda por filtros guardada</a></li><li><a href="http://www.easybroker.com/es/blog/2010-03-maneja-tus-prospectos-inmobiliarios-con-mas-eficiencia/">Maneja tus prospectos inmobiliarios con más eficiencia</a></li><li><a href="http://www.easybroker.com/es/blog/2010-03-email-de-tareas-mejorado/">Email de tareas diarias mejorado</a></li><li><a href="http://www.easybroker.com/es/blog/2010-02-novedades-descripciones-facil-de-editar-y-mejoras-de-diseno/">Novedades: descripciones fácil de editar y mejoras de diseño</a></li><li><a href="http://www.easybroker.com/es/blog/2010-02-como-crear-una-pagina-web-inmobiliaria-en-5-minutos/">Cómo crear una página web inmobiliaria en 5 minutos</a></li><li><a href="http://www.easybroker.com/es/blog/2010-02-nueva-pagina-para-atraer-propietarios/">Nueva Página para Atraer Propietarios</a></li></ul><p>Como siempre, avísanos si tienes comentarios o sugerencias. Disfruta las novedades.</p><p><em>Eric Northam<br>Fundador &amp; CEO de EasyBroker</em></p>]]></content:encoded>
        </item>
        <item>
            <title><![CDATA[No descuides tus prospectos y analiza la actividad de tu equipo]]></title>
            <link>https://blog.easybroker.com/no-descuides-tus-prospectos-y-analiza-la-actividad-de-tu-equipo-72caa67b3c15</link>
            <guid isPermaLink="false">https://medium.com/p/72caa67b3c15</guid>
            <category><![CDATA[novedades]]></category>
            <category><![CDATA[easybroker]]></category>
            <dc:creator><![CDATA[Isaac Vázquez]]></dc:creator>
            <pubDate>Thu, 11 Mar 2010 20:40:43 GMT</pubDate>
            <atom:updated>2016-12-28T20:04:58.399Z</atom:updated>
            <content:encoded><![CDATA[<figure><img alt="Order your real estate leads by the last email, note or task completed." src="https://cdn-images-1.medium.com/max/500/0*CRcL-E_3b0TmVFO3.png" /></figure><p>Ahora puedes ordenar tus clientes potenciales, contactos, propiedades y reservas por la última vez que alguien completó una tarea, envió un correo, o escribió una nota. Entérate cuáles prospectos necesitan seguimiento ordenándolos de tal forma que esos que no tienen ninguna actividad aparezcan de primero. Ve qué propiedades tienen nuevas notas o con cuáles de tus clientes ha hablado tu equipo.</p><p>También añadimos un filtro para que puedas quitar o mostrar los resultados de acuerdo a si tienen o no tareas pendientes. La combinación de ordenar por última actividad y por los que no tienen ninguna tarea pendiente te permite contestar una pregunta muy importante en el manejo de clientes potenciales:</p><p><em>¿A quién debería darle seguimiento que no haya contactado hace mucho?</em></p><p>Lo que es muy bueno si tienes sólo una hora en la mañana para trabajar con clientes potenciales y necesitas una lista rápida de prospectos a los que hay que seguir. También si estás trabajando con un equipo probablemente te habrás preguntado:</p><p><em>¿Están todos los miembros de mi equipo haciendo seguimiento de sus prospectos?</em></p><p>Puedes dar un rápido vistazo a lo que tu equipo está trabajando o a quiénes está fallando en seguir analizando las últimas actividades de sus prospectos. Podrás reasignar clientes potenciales si un miembro del equipo tiene muchos o si los está descuidando.</p><p>Espero que con estas mejoras, junto con las otras recientes de clientes potenciales, hayamos ayudado a perfeccionar tu forma de gestionar los prospectos y aumentar tus conversiones.</p>]]></content:encoded>
        </item>
    </channel>
</rss>