<?xml version="1.0" encoding="UTF-8"?><rss xmlns:dc="http://purl.org/dc/elements/1.1/" xmlns:content="http://purl.org/rss/1.0/modules/content/" xmlns:atom="http://www.w3.org/2005/Atom" version="2.0" xmlns:cc="http://cyber.law.harvard.edu/rss/creativeCommonsRssModule.html">
    <channel>
        <title><![CDATA[EasyBroker - Medium]]></title>
        <description><![CDATA[Consejos, noticias y mejores prácticas para hacer más competitiva tu inmobiliaria. - Medium]]></description>
        <link>https://blog.easybroker.com</link>
        <image>
            <url>https://cdn-images-1.medium.com/proxy/1*TGH72Nnw24QL3iV9IOm4VA.png</url>
            <title>EasyBroker - Medium</title>
            <link>https://blog.easybroker.com</link>
        </image>
        <generator>Medium</generator>
        <lastBuildDate>Mon, 03 Dec 2018 18:45:57 GMT</lastBuildDate>
        <atom:link href="https://blog.easybroker.com/feed" rel="self" type="application/rss+xml"/>
        <webMaster><![CDATA[yourfriends@medium.com]]></webMaster>
        <atom:link href="http://medium.superfeedr.com" rel="hub"/>
        <item>
            <title><![CDATA[¡Envía propiedades por email desde EasyAviso!]]></title>
            <link>https://blog.easybroker.com/env%C3%ADa-propiedades-por-email-desde-easyaviso-e03fda30ad5</link>
            <guid isPermaLink="false">https://medium.com/p/e03fda30ad5</guid>
            <category><![CDATA[novedades]]></category>
            <category><![CDATA[easyaviso]]></category>
            <dc:creator><![CDATA[Isaac Vázquez]]></dc:creator>
            <pubDate>Thu, 29 Oct 2015 23:15:10 GMT</pubDate>
            <atom:updated>2016-12-28T20:05:22.524Z</atom:updated>
            <content:encoded><![CDATA[<figure><img alt="Comparte propiedades por email!" src="https://cdn-images-1.medium.com/max/669/0*zsZ74ig69GaPx0RM.jpg" /></figure><p>Para esos momentos en el que encuentras el anuncio de una propiedad increíble y quieres enviársela a un amigo, un conocido o incluso un posible interesado, ahora puedes compartir los anuncios de inmuebles de <a href="https://easyaviso.com/">EasyAviso</a> para que lleguen directamente al correo electrónico de quien tú quieras. Esta es una manera sencilla y veloz de mostrarle a tus conocidos el anuncio de un inmueble que puede ser de su interés, lo que es perfecto cuando sabes que alguien está buscando un nuevo hogar y descubres una propiedad que crees que les gustará. Además, si eres asesor inmobiliario y estás anunciándote en EasyAviso, ya tienes la herramienta perfecta para enviarle a tus posibles clientes el anuncio completo de tus inmuebles, para que lo tengan en su correo y puedan contactarte más fácilmente, además de que se sentirán muy bien atendidos al ver que les enviaste la información completa de la propiedad que les gustó.</p><p>Para enviar propiedades por email, lo único que tienes que hacer es dar clic en el pequeño botón con el ícono de un sobre que encontrarás en todos los anuncios. Así verás este botón en tu cuenta de EasyAviso, en la sección en la que administras tus anuncios:</p><figure><img alt="Así puedes enviar fácilmente tus propios anuncios" src="https://cdn-images-1.medium.com/max/780/0*nsF8q1sZur3M5krg.jpg" /></figure><p>Y así lo verás justo debajo de la sección en la que puedes contactar al anunciante, sin importar si tienes cuenta o no:</p><figure><img alt="Con un sólo clic puedes compartir el anuncio" src="https://cdn-images-1.medium.com/max/431/0*AwXEqlfqvgSM_1a-.jpg" /></figure><p>En cuanto des clic se desplegará una sencilla ventana que te permitirá seleccionar a quiénes les enviarás este inmueble colocando sus direcciones de email. También puedes ponerles un pequeño mensaje para que sepan que pensaste en ellos al ver esa propiedad, o puedes dejar el que colocamos por default para ahorrarte el tener que teclear un poco. Recuerda: si eres asesor inmobiliario, no tienes que entrar a cada uno de tus inmuebles: desde tu listado de anuncios puedes ver el ícono del sobre, para que puedas enviar muy rápidamente las propiedades a tus posibles compradores.</p><figure><img alt="EA mail 1" src="https://cdn-images-1.medium.com/max/487/0*_UGnRiif5loXK6ag.jpg" /></figure><p>Esperamos que esta nueva característica sea de tu agrado, ya que con ella queremos que EasyAviso se vuelva tu sitio consentido a la hora de buscar propiedades para venta o renta. Cuéntale a tus amigos que están buscando mudarse y a tus clientes potenciales lo sencillo que es utilizar <a href="https://easyaviso.com/">EasyAviso</a>, o mejor aún: ¡envíales un anuncio por mail y ayúdales en su búsqueda!</p>]]></content:encoded>
        </item>
        <item>
            <title><![CDATA[Realizaremos una actualización de colonias en México y necesitamos tu ayuda]]></title>
            <link>https://blog.easybroker.com/realizaremos-una-actualizaci%C3%B3n-de-colonias-en-m%C3%A9xico-y-necesitamos-tu-ayuda-514a7c235377</link>
            <guid isPermaLink="false">https://medium.com/p/514a7c235377</guid>
            <category><![CDATA[easybroker]]></category>
            <dc:creator><![CDATA[Isaac Vázquez]]></dc:creator>
            <pubDate>Thu, 22 Oct 2015 17:23:25 GMT</pubDate>
            <atom:updated>2016-12-28T20:04:17.605Z</atom:updated>
            <content:encoded><![CDATA[<p>Quizás recuerdes cuando era posible crear colonias personalizadas directamente en EasyBroker, y recordarás que después ya no fue posible agregar más. Existe una razón muy importante para ello: la mayor parte de los sitios afiliados se rige por el portal oficial del gobierno, <a href="http://www.sepomex.gob.mx/lservicios/servicios/descarga.aspx">Sepomex</a>, y si ese portal no tiene registrada una colonia los portales tampoco. Esto quiere decir que tus propiedades corren el riesgo de mostrarse sin colonia, o en casos extremos pueden no aparecer en los portales afiliados, reduciendo considerablemente su exposición a los posibles clientes interesados. Además, las propiedades con colonias inválidas no se muestran en la Red de EasyBroker, por lo que no tienes los beneficios de colaborar con otros clientes de EasyBroker.</p><p>Actualmente ya no es posible agregar colonias personalizadas, pero: ¿qué pasa con mis propiedades que se quedaron con una colonia personalizada? ¿Cómo puedo distinguir una propiedad con una colonia inválida? ¿Cómo corrijo la colonia y coloco una que sí sea válida y me permita tener un anuncio con mayor alcance?</p><p>Con esto en mente, en EasyBroker debemos eliminar las colonias personalizadas creadas en las cuentas de México, pero lo último que queremos es que tengas que revisar propiedad por propiedad y tener que verificar que se trate de una colonia válida. Para ayudarte en este proceso hemos agregado una etiqueta llamada “Revisar colonia” a las propiedades que tenían una colonia inválida. Para que puedas recordar fácilmente cuál era, en la descripción colocamos la leyenda “Colonia inválida anterior:” y el nombre de la colonia que tenías.</p><figure><img alt="Revisa las colonias que eran inválidas" src="https://cdn-images-1.medium.com/max/867/0*ktSzPGPvFuj2k7WU.jpg" /></figure><p>Lo que debes hacer es dar clic sobre el botón de Editar y cambiar la colonia a una de las que te aparecerán en la lista: todas las que verás ahí son válidas y hemos actualizado nuestra base de datos para que sea muy poco probable que no encuentres la colonia que estás buscando. Sin embargo, si no encuentras el nombre de una colonia, por favor <a href="https://www.easybroker.com/es/contact">contáctanos</a>, con todo gusto te ayudaremos a revisar esos casos particulares.</p><p>Es muy importante que realices estos cambios si tienes propiedades con la etiqueta antes mencionada, pues dentro de dos semanas la colonias personalizadas se eliminarán definitivamente de EasyBroker y queremos que en ese momento todas tus propiedades estén ubicadas correctamente, para que tengas más beneficios al llegar a más clientes potenciales.</p>]]></content:encoded>
        </item>
        <item>
            <title><![CDATA[¡Estrenamos la sección “Aprende”!]]></title>
            <link>https://blog.easybroker.com/estrenamos-la-secci%C3%B3n-aprende-285f254606dc</link>
            <guid isPermaLink="false">https://medium.com/p/285f254606dc</guid>
            <category><![CDATA[easybroker]]></category>
            <category><![CDATA[novedades]]></category>
            <dc:creator><![CDATA[Isaac Vázquez]]></dc:creator>
            <pubDate>Mon, 19 Oct 2015 19:53:12 GMT</pubDate>
            <atom:updated>2016-12-28T20:04:26.237Z</atom:updated>
            <content:encoded><![CDATA[<figure><img alt="Estrena la sección Aprende" src="https://cdn-images-1.medium.com/max/1024/0*nBMV45SOms2aJtcD.jpg" /></figure><p>Queremos que obtengas todo el provecho posible de EasyBroker, por lo que inauguramos una nueva sección: <a href="https://www.easybroker.com/agent/manager/learn/"><em>Aprende</em></a>. En ella colocaremos contenido que te ayudará a ser un experto en el uso del CRM, te compartiremos trucos y estrategias y te explicaremos cada una de las nuevas características que lanzamos. Esta sección será tu propia videoteca y en ella podrás convertirte en un experto autodidacta en EasyBroker, por lo que nos esforzaremos en darte nuevos contenidos regularmente. Para llegar a ella sólo tienes que ingresar a tu cuenta y buscar este apartado en el menú principal, que aparecerá a la izquierda en tu pantalla.</p><figure><img alt="La nueva sección siempre estará en tu menú" src="https://cdn-images-1.medium.com/max/528/0*M1bVmrqXovdOcz-b.jpg" /></figure><p>Aprovechamos para recordarte que nos tienes de tu lado para esos momentos en los que tienes una duda, una consulta o una sugerencia. También nos gustaría saber qué clase de contenido quieres ver en la sección de <a href="https://www.easybroker.com/agent/manager/learn/"><em>Aprende</em></a> pues tus sugerencias son nuestra principal guía, tanto para generar nuevas características como para explicar lo que ya existe en EasyBroker. ¡Esperamos que esta sección se vuelva tu aliada y que nos ayudes a hacerla crecer!</p>]]></content:encoded>
        </item>
        <item>
            <title><![CDATA[Administra más fácilmente las fotografías de tus propiedades]]></title>
            <link>https://blog.easybroker.com/administra-m%C3%A1s-f%C3%A1cilmente-las-fotograf%C3%ADas-de-tus-propiedades-f25beaf0809</link>
            <guid isPermaLink="false">https://medium.com/p/f25beaf0809</guid>
            <category><![CDATA[novedades]]></category>
            <category><![CDATA[easybroker]]></category>
            <category><![CDATA[fotografía]]></category>
            <dc:creator><![CDATA[Isaac Vázquez]]></dc:creator>
            <pubDate>Fri, 16 Oct 2015 01:28:33 GMT</pubDate>
            <atom:updated>2016-12-28T20:04:05.687Z</atom:updated>
            <content:encoded><![CDATA[<figure><img alt="Ahora tus fotos son más fáciles de modificar" src="https://cdn-images-1.medium.com/max/629/0*NN7rpLso_znfx2gt.jpg" /></figure><p>Las fotografías de una propiedad son uno de los principales atractivos en tus anuncios, por lo que queremos ayudarte a manejarlas mejor con dos pequeños cambios que seguro te serán de utilidad. El primero de ellos viene directamente de tus sugerencias: ahora las fotografías pueden ser rotadas directamente en EasyBroker. De esta manera ya no tienes que preocuparte por la forma en que las tomaste, si en vertical o en horizontal, o la forma en que tu teléfono o cámara las sube, ya que cuentas con las herramientas para girarlas en la posición deseada directamente al subirlas.</p><figure><img alt="Las nuevas herramientas son muy sencillas" src="https://cdn-images-1.medium.com/max/640/0*__kw91mUDzsT8v38.jpg" /></figure><p>La siguiente mejora también está inspirada en tus sugerencias y te ayudará a que tus clientes potenciales sepan con mayor exactitud qué estás mostrando en la fotografía, ya que ahora es posible agregar descripciones a cada una de ellas. De esta manera puedes indicar que una fotografía corresponde a la recámara principal, o al baño de visitas, etcétera. La descripción aparecerá bajo las fotografías en tu sitio web, lo que hará que tus clientes se hagan una imagen más precisa de la propiedad y para ti significará menos trabajo al explicar en dónde fueron tomadas las fotografías.</p><p>Ambos cambios tienen el propósito de facilitar tu día a día. ¡Cuéntanos qué te parecen!</p>]]></content:encoded>
        </item>
        <item>
            <title><![CDATA[¡EasyAviso ahora en versión móvil! ]]></title>
            <link>https://blog.easybroker.com/easyaviso-ahora-en-versi%C3%B3n-m%C3%B3vil-7691a3f876ab</link>
            <guid isPermaLink="false">https://medium.com/p/7691a3f876ab</guid>
            <category><![CDATA[novedades]]></category>
            <category><![CDATA[easyaviso]]></category>
            <dc:creator><![CDATA[Isaac Vázquez]]></dc:creator>
            <pubDate>Thu, 15 Oct 2015 19:00:52 GMT</pubDate>
            <atom:updated>2016-12-28T20:05:39.449Z</atom:updated>
            <content:encoded><![CDATA[<h3>¡EasyAviso ahora en versión móvil!</h3><figure><img alt="EasyAviso ahora en móvil" src="https://cdn-images-1.medium.com/max/666/0*dDA3wsYvurll4mBY.jpg" /></figure><p>EasyAviso quiere convertirse en tu portal inmobiliario favorito y por ello ahora está disponible en cualquier dispositivo móvil. Sabemos que buscar tu nuevo hogar implica mucho movimiento y queremos que tengas la información siempre disponible, por lo que rediseñamos por completo nuestro sitio para que ahora se adapte al dispositivo que tengas. Sin importar de qué marca sea tu celular o tablet, EasyAviso se adaptará automáticamente para que puedas navegar fácilmente. ¡Incluso podrás publicar anuncios y subir fotos directamente desde tu celular!</p><p>Éste es tan sólo uno de los cambios que hemos realizado en EasyAviso. Pronto te contaremos más sobre sus nuevas características.</p>]]></content:encoded>
        </item>
        <item>
            <title><![CDATA[Hoy tendremos mantenimiento en EasyBroker]]></title>
            <link>https://blog.easybroker.com/hoy-tendremos-mantenimiento-en-easybroker-5d45683a309f</link>
            <guid isPermaLink="false">https://medium.com/p/5d45683a309f</guid>
            <category><![CDATA[easybroker]]></category>
            <dc:creator><![CDATA[Isaac Vázquez]]></dc:creator>
            <pubDate>Tue, 22 Sep 2015 20:35:35 GMT</pubDate>
            <atom:updated>2016-12-28T20:05:17.299Z</atom:updated>
            <content:encoded><![CDATA[<p>Queremos informarte que hoy, 22 de septiembre, realizaremos el mantenimiento en nuestros servidores de las 19 a las 24 horas (en horario de la Ciudad de México). En algún momento durante esas horas es posible que EasyBroker no esté disponible durante algunos momentos, por lo que quizás no podrás entrar a tu cuenta brevemente. Te avisamos para que no te sorprendas en caso de que no logres entrar a tu cuenta. Si llega a suceder, ten por seguro que será por un lapso muy breve.</p><p>Lamentamos cualquier inconveniente que podamos llegar a causarte, sabemos que esto puede resultar en una interrupción para ti pero el mantenimiento nos ayudará a que EasyBroker no sufra problemas en el futuro y podamos seguir mejorando. Si tienes alguna pregunta, consulta o sugerencia por favor déjanos saberlo.</p>]]></content:encoded>
        </item>
        <item>
            <title><![CDATA[¡Coloca enlaces a tus redes sociales en tu sitio web!]]></title>
            <link>https://blog.easybroker.com/coloca-enlaces-a-tus-redes-sociales-en-tu-sitio-web-d55887653a9d</link>
            <guid isPermaLink="false">https://medium.com/p/d55887653a9d</guid>
            <category><![CDATA[easybroker]]></category>
            <category><![CDATA[novedades]]></category>
            <dc:creator><![CDATA[Isaac Vázquez]]></dc:creator>
            <pubDate>Fri, 18 Sep 2015 21:54:58 GMT</pubDate>
            <atom:updated>2018-09-07T23:39:20.504Z</atom:updated>
            <content:encoded><![CDATA[<figure><img alt="" src="https://cdn-images-1.medium.com/max/483/1*_9qaOPx0oEX9BQMN_ajuRA.png" /></figure><p>Las redes sociales te permiten interactuar con tus clientes potenciales y promover tu negocio, además de que te brindan un nuevo canal de comunicación para que puedas darte a conocer con amigos, conocidos y posibles clientes. Como entendemos su importancia, ahora puedes colocar enlaces a ellas en tu sitio web de una manera muy sencilla.</p><p>Para colocar los botones que llevarán a tus redes, sólo tienes que entrar a la pestaña de <em>Configuraciones</em>, dentro del editor del sitio web. Verás que hemos agregado una sección que te permitirá agregar la URL de cada una de tus cuentas de redes sociales.</p><figure><img alt="Coloca tus cuentas de redes sociales" src="https://cdn-images-1.medium.com/max/638/0*wDDZ200hHbgPcBgW.jpg" /></figure><p>Sólo debes colocar la URL correspondiente y al dar clic en <em>Guardar</em>, tu sitio mostrará pequeños botones que sirven de enlace a cada una de tus cuentas de redes sociales. Los botones se colocan automáticamente en tu sitio web, y cuando tus clientes hagan clic en ellos serán redirigidos a tus cuentas de redes sociales para que puedan ver el contenido que les compartes.</p><figure><img alt="" src="https://cdn-images-1.medium.com/max/600/1*EuYfFwVLtpweTfGayVeNaA.png" /></figure>]]></content:encoded>
        </item>
        <item>
            <title><![CDATA[¡Aprovecha tu Mailbox para alimentar EasyBroker!]]></title>
            <link>https://blog.easybroker.com/aprovecha-tu-mailbox-para-alimentar-easybroker-75f6ea162c81</link>
            <guid isPermaLink="false">https://medium.com/p/75f6ea162c81</guid>
            <category><![CDATA[novedades]]></category>
            <category><![CDATA[email]]></category>
            <category><![CDATA[consejos]]></category>
            <dc:creator><![CDATA[Isaac Vázquez]]></dc:creator>
            <pubDate>Wed, 26 Aug 2015 19:50:01 GMT</pubDate>
            <atom:updated>2018-07-04T21:15:04.974Z</atom:updated>
            <content:encoded><![CDATA[<iframe src="https://cdn.embedly.com/widgets/media.html?src=https%3A%2F%2Fplayer.vimeo.com%2Fvideo%2F274776629%3Fapp_id%3D122963&amp;dntp=1&amp;url=https%3A%2F%2Fvimeo.com%2F274776629&amp;image=https%3A%2F%2Fi.vimeocdn.com%2Fvideo%2F706892004_1280.jpg&amp;key=a19fcc184b9711e1b4764040d3dc5c07&amp;type=text%2Fhtml&amp;schema=vimeo" width="1280" height="720" frameborder="0" scrolling="no"><a href="https://medium.com/media/93075085c662a3463506dd57109ec54b/href">https://medium.com/media/93075085c662a3463506dd57109ec54b/href</a></iframe><p>¡Lleva un registro exacto de los correos que intercambias con tus clientes con la opción de Mailbox que te ofrece EasyBroker! Con esta función, los correos que envíes se pegarán automáticamente en la ficha de contacto correspondiente, para que quede por escrito cómo va la negociación, junto con toda la información que se ha enviado. Así tendrás toda la comunicación con ellos en un sólo lugar y sabrás exactamente qué pasó en la negociación.</p><p>En el video que está arriba podrás ver cómo se utiliza esta característica. Anteriormente esta sección se llamaba <em>Dropbox</em>, pero decidimos cambiar el nombre a <em>Mailbox</em>. Este cambio se ve reflejado tanto en la parte izquierda, en <em>Configuraciones</em>, como en la dirección que utilizas para ligar tus correos a EasyBroker. Es decir, si tu correo único era dropbox+12345@easybroker.com, ahora es mailbox+12345@easybroker.com. Esto no afecta el funcionamiento y puedes seguir usando tu correo de dropbox, pero recomendamos que lo cambies al correo con mailbox.</p>]]></content:encoded>
        </item>
        <item>
            <title><![CDATA[Retoma antiguas oportunidades de negocio]]></title>
            <link>https://blog.easybroker.com/retoma-antiguas-oportunidades-de-negocio-2faa5847aff3</link>
            <guid isPermaLink="false">https://medium.com/p/2faa5847aff3</guid>
            <category><![CDATA[easybroker]]></category>
            <dc:creator><![CDATA[Isaac Vázquez]]></dc:creator>
            <pubDate>Wed, 26 Aug 2015 18:15:29 GMT</pubDate>
            <atom:updated>2016-12-28T20:04:23.806Z</atom:updated>
            <content:encoded><![CDATA[<p>Seguramente te ha ocurrido que un cliente potencial te contacta, le das seguimiento, te dice que de momento no puede comprar y se despide… pero en un par de meses vuelve a contactarte pues le ha interesado otra propiedad que recién agregaste a tu inventario. Para facilitarte el seguimiento en estos casos hicimos un cambio en el que si un cliente que ya tenías en tu base de datos vuelve a contactarte por una propiedad, lo mostraremos con estatus de cliente nuevo.</p><p>Esto funciona no sólo para esos casos en los que un cliente vuelve después de mucho tiempo, sino también cuanto otro colega te contacta a través de la Red de EasyBroker preguntándote otra vez si quieres compartir la comisión y aunque ese contacto ya lo tienes registrado, es importante darle seguimiento como si fuera la primera vez.</p><p>Para que puedas darte cuenta rápidamente de estos casos, sólo tienes que ir a tus contactos y filtrar por lo que tienen el estatus <em>Nuevo. </em>Antes de este cambio el número al lado de contactos mostraba aquellos que no habías abierto, y ya puedes ver que ese número cambiará: ahora ese número te indicará los clientes nuevos.</p><p>Aquellos clientes que ya te habían contactado en otra ocasión y volvieron a hacerlo estarán ahí, así que no tienes que buscarlos y sabrás exactamente quiénes están esperando tu respuesta!</p>]]></content:encoded>
        </item>
        <item>
            <title><![CDATA[Crea tu red privada y amplía tu oferta con la sección de Inmobiliarias]]></title>
            <link>https://blog.easybroker.com/crea-tu-red-privada-y-ampl%C3%ADa-tu-oferta-con-la-secci%C3%B3n-de-inmobiliarias-5e7dcd0afc7f</link>
            <guid isPermaLink="false">https://medium.com/p/5e7dcd0afc7f</guid>
            <category><![CDATA[novedades]]></category>
            <category><![CDATA[red-de-easybroker]]></category>
            <category><![CDATA[easybroker]]></category>
            <dc:creator><![CDATA[Isaac Vázquez]]></dc:creator>
            <pubDate>Sat, 01 Aug 2015 00:27:09 GMT</pubDate>
            <atom:updated>2018-09-07T23:30:50.881Z</atom:updated>
            <content:encoded><![CDATA[<p>Como inmobiliario seguro te has dado cuenta de la gran importancia de darte a conocer entre tus colegas del sector, crear alianzas y compartir tanto propiedades como contactos.</p><p>A veces tienes el cliente perfecto para la propiedad de alguien más, y en otras ocasiones un amigo inmobiliario te dirá que tienes la casa de los sueños de una persona que lo contactó. En EasyBroker entendemos esto y por ello hemos creado la sección de Inmobiliarias, para que puedas hacer crecer tu red y colaborar con nuestros clientes, ganando clientes potenciales en el proceso y ayudándose mutuamente.</p><figure><img alt="" src="https://cdn-images-1.medium.com/max/812/1*G1m8E25sa-yaodPox5J0nA.png" /></figure><p>Con la nueva sección de <em>Inmobiliarias</em>, puedes buscar por ubicación y conocer a todos los clientes de EasyBroker e invitarlos a ser tus colaboradores. Cuando le envías una solicitud de colaboración a otra inmobiliaria y ellos te aceptan, ambos tienen la oportunidad de mostrar conjuntamente sus propiedades en sus sitios web. Es decir, puedes elegir que las propiedades de tu colaborador se vean en tu sitio web y ayudarle a crear más clientes potenciales, y esa otra persona puede hacer lo mismo por ti. Las solicitudes de contacto que recibas llegarán con la liga a la propiedad, para que rápidamente puedas informarle a tu colega que alguien está interesado en su propiedad y puedan dar seguimiento y cerrar la operación juntos.</p><p>Utilizar esta sección es muy sencillo: en el menú superior de EasyBroker selecciona <em>Más y </em>da clic<em> </em>en<em> Ver inmobiliarias.</em> Dentro de esta sección puedes buscar a nuestros clientes según su ubicación geográfica: junto a su logo y su nombre puedes enviarles una solicitud de colaboración, además de que si das clic sobre su nombre puedes ver qué propiedades tiene.</p><figure><img alt="" src="https://cdn-images-1.medium.com/max/712/1*QgpkEFO4lGLbqWLQviVIkA.png" /></figure><p>Cuando alguien quiera colaborar contigo, del lado derecho verás el ícono de una campanita: si tiene un número significa que tienes nuevas solicitudes de colaboración. Cuando esa inmobiliaria te acepte como colaborador, tendrás la opción de mostrar sus propiedades en tu sitio web, con lo que tu capacidad para captar clientes crecerá muchísimo. Para hacer esto debes entrar a la sección de <em>Mi Sitio Web</em>, ir a <em>Configuraciones</em> y seleccionar la siguiente casilla:</p><figure><img alt="" src="https://cdn-images-1.medium.com/max/857/1*JA3rFehuNntlDxMjAeAC5w.png" /></figure><p>Adicionalmente, tienes la opción de filtrar en la <em>Red de EasyBroker</em> para ver sólo las propiedades de las personas con las que colaboras. Recuerda: lo ideal es que te presentes antes con la inmobiliaria con la que quieres colaborar. Una llamada o un correo electrónico les permitirá saber un poco más de ti y juntos podrán decidir si la colaboración será valiosa para ambos. Además, podrás conocer cómo operan y si tienen la política de promover conjuntamente propiedades.</p><p>Es importante que esta sección la maneje un usuario administrador, ya que sólo ellos tienen el permiso de mandar solicitudes de colaboración y ellos recibirán todos los pedidos de información de las propiedades de la otra agencia. Finalmente, te recomendamos que sólo envíes solicitudes de colaboración a inmobiliarias que estén dentro de tu zona, de lo contrario perderás mucho tiempo atendiendo solicitudes de propiedades ubicadas en ciudades donde no tienes presencia y en las que no puedes dar un buen seguimiento.</p><p>¡Una vez que hayas ubicado inmobiliarias con las que la colaboración tenga potencial envíales una solicitud de colaboración y aprovecha los beneficios de esta nueva sección de EasyBroker!</p>]]></content:encoded>
        </item>
    </channel>
</rss>