<?xml version="1.0" encoding="UTF-8"?><rss xmlns:dc="http://purl.org/dc/elements/1.1/" xmlns:content="http://purl.org/rss/1.0/modules/content/" xmlns:atom="http://www.w3.org/2005/Atom" version="2.0" xmlns:cc="http://cyber.law.harvard.edu/rss/creativeCommonsRssModule.html">
    <channel>
        <title><![CDATA[EasyBroker - Medium]]></title>
        <description><![CDATA[Consejos, noticias y mejores prácticas para hacer más competitiva tu inmobiliaria. - Medium]]></description>
        <link>https://blog.easybroker.com</link>
        <image>
            <url>https://cdn-images-1.medium.com/proxy/1*TGH72Nnw24QL3iV9IOm4VA.png</url>
            <title>EasyBroker - Medium</title>
            <link>https://blog.easybroker.com</link>
        </image>
        <generator>Medium</generator>
        <lastBuildDate>Mon, 03 Dec 2018 18:45:57 GMT</lastBuildDate>
        <atom:link href="https://blog.easybroker.com/feed" rel="self" type="application/rss+xml"/>
        <webMaster><![CDATA[yourfriends@medium.com]]></webMaster>
        <atom:link href="http://medium.superfeedr.com" rel="hub"/>
        <item>
            <title><![CDATA[Tus propiedades ahora en Sumavisos]]></title>
            <link>https://blog.easybroker.com/tus-propiedades-ahora-en-sumavisos-784c28336dc2</link>
            <guid isPermaLink="false">https://medium.com/p/784c28336dc2</guid>
            <category><![CDATA[novedades]]></category>
            <category><![CDATA[gestión-de-inmuebles]]></category>
            <category><![CDATA[easybroker]]></category>
            <dc:creator><![CDATA[Isaac Vázquez]]></dc:creator>
            <pubDate>Fri, 05 Feb 2010 20:04:23 GMT</pubDate>
            <atom:updated>2016-12-28T20:04:09.316Z</atom:updated>
            <content:encoded><![CDATA[<figure><img alt="New EasyBroker Partner Sumavisos" src="https://cdn-images-1.medium.com/max/335/0*0jYOi_FaXkH-OND8.png" /></figure><p>Hemos añadido a <a href="http://www.sumavisos.com/">Sumavisos</a> como socio en nuestra red de EasyBroker, así que cualquier propiedad que publiques en la red será automáticamente divulgada en Sumavisos. En la actualidad, Sumavisos publica propiedades en Argentina, Brasil, Chile, Colombia, España y México.</p><p>Así es como se verá tu anuncio:</p><figure><img alt="EasyBroker Real Estate Ad on Sumavisos" src="https://cdn-images-1.medium.com/max/500/0*HfFDj4RfP5eJxGRY.png" /></figure><p>Asegúrate de incluir una foto, un mapa y especificar las dimensiones, habitaciones y baños de tus propiedades para crear llamativos avisos que atraerán más clientes.</p><p>Si tienes una cuenta Premium con EasyBroker, cada publicación en Sumavisos incluirá un enlace directo a tu sitio web, tal como funciona con los otros sitios asociados. Para cuentas gratuitas, el enlace llevará al cliente potencial a <a href="http://www.moveglobally.com">MoveGlobally.com</a>.</p><p>Ahora con nuestra creciente lista de asociados puedes publicar fácilmente tu inventario completo en tu sitio web y en más de 50 portales inmobiliarios sin ningún esfuerzo extra.</p>]]></content:encoded>
        </item>
        <item>
            <title><![CDATA[Nueva Página para Atraer Propietarios]]></title>
            <link>https://blog.easybroker.com/nueva-p%C3%A1gina-para-atraer-propietarios-4f520781cb7e</link>
            <guid isPermaLink="false">https://medium.com/p/4f520781cb7e</guid>
            <category><![CDATA[easybroker]]></category>
            <category><![CDATA[consejos]]></category>
            <category><![CDATA[gestión-de-inmuebles]]></category>
            <dc:creator><![CDATA[Isaac Vázquez]]></dc:creator>
            <pubDate>Thu, 04 Feb 2010 15:09:37 GMT</pubDate>
            <atom:updated>2016-12-28T20:04:42.643Z</atom:updated>
            <content:encoded><![CDATA[<p>Hemos añadido una nueva página para cada sitio web de EasyBroker dirigida a propietarios que quieren arrendar o alquilar sus casas. Ésta contiene un formulario para solicitar información acerca de la casa del propietario que cuando es completado, automáticamente lo crea como cliente potencial en tu cuenta de EasyBroker.</p><p>Si creas una nueva cuenta con EasyBroker, la página será incluída automáticamente en tu menú, pero si ya has creado un sitio web y no ves el menú Propietarios, necesitas añadirlo para que los visitantes de tu sitio tengan una forma de llegar a este.</p><p>Para agregar el ítem de Propietarios:</p><ul><li>Click en la pestaña <em>Su sitio web</em> en el menú principal</li><li>Click en <em>Editar</em> cualquiera de las páginas de tu sitio.</li></ul><figure><img alt="Editor de paginas1" src="https://cdn-images-1.medium.com/max/500/0*ov5mPesf4R983MBe.jpg" /></figure><ul><li>Dentro del editor da click en el menú de la barra</li><li>Click en <em>Agregar ítem nuevo</em></li><li>Especifica el nombre del menú</li><li>Agrega el link a <em>una página de su sitio</em> que apunte a <em>Venda o Alquile su casa</em> y luego presiona <em>Crear</em></li></ul><figure><img alt="crear-item-del-menu-para-propietarios " src="https://cdn-images-1.medium.com/max/458/0*bUvo_NFXmJW8Sitx.png" /></figure><p>En el ejemplo de arriba nombramos el nuevo ítem Propietarios, pero podrías nombrarlo Dueños, Arrendatarios o como consideres apropiado para tu negocio.</p><p>Una vez agregada la nueva página, deberías personalizar el contenido con un mensaje para tus visitantes. Abajo podrás ver el resultado.</p><figure><img alt="Página para propietarios" src="https://cdn-images-1.medium.com/max/500/0*2BURh-91GSJn8Dq0.png" /></figure><p>Usa esta nueva página de Propietarios para generar más clientes potenciales que buscan vender o arrendar sus casas.</p>]]></content:encoded>
        </item>
        <item>
            <title><![CDATA[Publica tus inmuebles en Craigslist]]></title>
            <link>https://blog.easybroker.com/publica-tus-inmuebles-en-craigslist-ac170e2e3ea6</link>
            <guid isPermaLink="false">https://medium.com/p/ac170e2e3ea6</guid>
            <category><![CDATA[easybroker]]></category>
            <category><![CDATA[novedades]]></category>
            <category><![CDATA[gestión-de-inmuebles]]></category>
            <dc:creator><![CDATA[Isaac Vázquez]]></dc:creator>
            <pubDate>Tue, 26 Jan 2010 18:16:06 GMT</pubDate>
            <atom:updated>2016-12-28T20:04:06.217Z</atom:updated>
            <content:encoded><![CDATA[<p>Ahora puedes publicar tus avisos de propiedades en <a href="http://www.craigslist.com/">craigslist</a> rápido y fácil. Craigslist publica clasificados en varios países y es gratis para todas las publicaciones inmobiliarias, excepto para los apartamentos negociados en New York.</p><p>Normalmente, cuando creas un aviso para esa página tienes que cargar manualmente las fotos y colocar los detalles de cada aviso, pero con EasyBroker ahora puedes crear un lindo aviso que incluye fotos y detalles de tu propiedad, un mapa con la locación y links a tu página web.</p><p>Para crearlo, publica la propiedad con EasyBroker y luego en el página de resumen de propiedades, donde agregas notas, da click en <em>Herramientas de Marketing</em> y luego click en el botón <em>Crear un aviso de Craiglist</em>.</p><figure><img alt="herramientas-para-marketing-con-craigslist" src="https://cdn-images-1.medium.com/max/500/0*lnX_5NIdTunDLRhs.PNG" /></figure><p>Luego simplemente copias el código que aparece después de haber hecho click y lo pegas en la <em>Descripción del anuncio</em> cuando crees tu aviso en craigslist.</p><figure><img alt="Descripcion-del-aviso-craigslist" src="https://cdn-images-1.medium.com/max/487/0*oXyEAmYK3-7B0zyo.PNG" /></figure><p>Después puedes publicar y disfrutar de tu nuevo aviso con fotos, mapa y más.</p><p>Crea un aviso rápido, re-direcciona a los visitantes a tu página y genera más clientes potenciales.</p>]]></content:encoded>
        </item>
        <item>
            <title><![CDATA[¡Nuevos colores para tu página!]]></title>
            <link>https://blog.easybroker.com/nuevos-colores-para-tu-p%C3%A1gina-c2f9303b3a60</link>
            <guid isPermaLink="false">https://medium.com/p/c2f9303b3a60</guid>
            <category><![CDATA[easybroker]]></category>
            <category><![CDATA[novedades]]></category>
            <category><![CDATA[gestión-de-inmuebles]]></category>
            <dc:creator><![CDATA[Isaac Vázquez]]></dc:creator>
            <pubDate>Thu, 21 Jan 2010 14:52:35 GMT</pubDate>
            <atom:updated>2016-12-28T20:04:16.747Z</atom:updated>
            <content:encoded><![CDATA[<p>Revisa nuestros ocho nuevos tonos para el tema Renzo. Aunque ya hayas escogido una plantilla, puedes cambiarla en cualquier momento y darle a tu sitio una imagen más fresca. Diseñamos una paleta de colores especial para que coincida con los usados por RE/MAX. Avísanos si trabajas para una franquicia específica y te gustaría que creáramos una paleta que combine con tus colores corporativos.</p>]]></content:encoded>
        </item>
        <item>
            <title><![CDATA[Novedades para el Año Nuevo]]></title>
            <link>https://blog.easybroker.com/novedades-para-el-a%C3%B1o-nuevo-33eaa4b582cd</link>
            <guid isPermaLink="false">https://medium.com/p/33eaa4b582cd</guid>
            <category><![CDATA[novedades]]></category>
            <category><![CDATA[general]]></category>
            <category><![CDATA[easybroker]]></category>
            <dc:creator><![CDATA[Isaac Vázquez]]></dc:creator>
            <pubDate>Thu, 31 Dec 2009 21:52:13 GMT</pubDate>
            <atom:updated>2016-12-28T20:04:07.967Z</atom:updated>
            <content:encoded><![CDATA[<p>Hemos avanzado mucho este año y quiero agradecerles por su apoyo, sugerencias y desearles unas felices fiestas y un éxitoso año nuevo.</p><p>Para finalizar el 2009 con festejos, este ultimo mes <a href="http://www.easybroker.com/es/blog/2009-12-nueva-plantill-para-su-sitio-web-inmobiliario-sophos/">agregamos un nueva plantilla</a> para crear sitios web, filtros rápidos que le permiten organizar y ordenar sus propiedades, clientes potenciales y contactos, una rediseñada pagina de bienvenida y la habilidad de <a href="http://www.easybroker.com/es/blog/2009-12-servicios-personalizados-para-sus-listados/">customizar el conjunto de comodidades y servicios</a> que puede aplicar a sus publicaciones de propiedades.</p><p>Gracias a Ezequiel Abuaf de <a href="http://www.nyaparts.com/">NY Apartments</a>, ahora es posible publicar su sitio web en Aleman. Ezequiel ofrece departamentos en alquiler en Nueva York a clientes en Ingles, Español y Alemán y tuvo la amabilidad de proveernos las traducciones.</p><p>¿Esta aprovechando EasyBroker al máximo? Sabe que puede</p><ul><li>Ver el historial de comunicaciones como emails, llamadas telefónicos, tareas completas y notas entre su equipo y los clientes</li><li>Ver que tareas usted o su equipo tienen pendientes o han completado</li><li>Guardar búsquedas de propiedades para sus clientes y recibir alertas cuando se publica una propiedad que coincide con esa búsqueda</li><li>Publicar propiedades en minutos en su propio sitio web y mas de otros 50 sitios que componen la red de EasyBroker</li><li>Enviar avisos de propiedades a sus clientes incluyendo fotos y links directos a su sitio web</li><li>Crear un sitio web inmobiliario optimizado para posicionamiento en buscadores en minutos</li></ul><p>Comience el 2010 organizado y use EasyBroker con su equipo para ayudarlo a mejorar su negocio y tener un año muy exitoso.</p><p>¡Gracias nuevamente por utilizar EasyBroker y la mejor de las suertes para el 2010!</p>]]></content:encoded>
        </item>
        <item>
            <title><![CDATA[Comodidades y Servicios personalizados para sus propiedades]]></title>
            <link>https://blog.easybroker.com/comodidades-y-servicios-personalizados-para-sus-propiedades-a4798b10e2ba</link>
            <guid isPermaLink="false">https://medium.com/p/a4798b10e2ba</guid>
            <category><![CDATA[gestión-de-inmuebles]]></category>
            <category><![CDATA[easybroker]]></category>
            <category><![CDATA[novedades]]></category>
            <dc:creator><![CDATA[Isaac Vázquez]]></dc:creator>
            <pubDate>Thu, 31 Dec 2009 21:41:53 GMT</pubDate>
            <atom:updated>2016-12-28T20:04:19.301Z</atom:updated>
            <content:encoded><![CDATA[<p>[caption id=”attachment_733&quot; align=”aligncenter” width=”528&quot; caption=”Ahora puede personalizar los servicios para sus publicaciones”]</p><figure><img alt="Ahora puede personalizar los servicios para sus publicaciones" src="https://cdn-images-1.medium.com/max/528/0*IQ2E6rtT2hMKTa4p.png" /></figure><p>[/caption]</p><p>Sabía que ahora puede personalizar los campos de servicios para las publicaciones de su organización? En el segundo paso del asistente de creación de propiedades hay una sección para los servicios de la propiedad (también llamados comodidades). Si hace click en <em>editar el listado de comodidades y servicios</em> podrá editar que casilleros de servicios aparecen para su organización.</p><p>[caption id=”attachment_734&quot; align=”aligncenter” width=”500&quot; caption=”Cree un nuevo servicio, edite los existentes o borre los que no son necesarios”]</p><figure><img alt="Cree un nuevo servicio, edite los existentes o borre los que no son necesarios" src="https://cdn-images-1.medium.com/max/520/0*m30nZnBn8Pl2cLBR.png" /></figure><p>[/caption]</p><p>Puede agregar servicios como <em>Pisos de madera</em> o quitar servicios que no tiene intención de usar. Algunos de los servicios que aparecen inicialmente solo aplican a propiedades en venta, otros solo a alquileres temporarios. Ahora puede personalizarlos para que se adapten a las necesidades de su negocio.</p><p>Los servicios también se muestran en su sitio web agrupados por sus categorias. Antes solo se mostraban en una lista sin ningun agrupamiento lo que dificultaba encontrar un servicio en particular y que los servicios de una propiedad se destaquen más.</p><p>Le recomendamos personalizar los servicios de su organización para hacer que sus publicaciones se destaquen más y para que pueda organizar mejor sus propiedades.</p>]]></content:encoded>
        </item>
        <item>
            <title><![CDATA[Nueva plantilla para su sitio web inmobiliario: Sophos]]></title>
            <link>https://blog.easybroker.com/nueva-plantilla-para-su-sitio-web-inmobiliario-sophos-2bfb06d0e63d</link>
            <guid isPermaLink="false">https://medium.com/p/2bfb06d0e63d</guid>
            <category><![CDATA[novedades]]></category>
            <category><![CDATA[easybroker]]></category>
            <dc:creator><![CDATA[Isaac Vázquez]]></dc:creator>
            <pubDate>Mon, 21 Dec 2009 14:26:24 GMT</pubDate>
            <atom:updated>2016-12-28T20:03:59.955Z</atom:updated>
            <content:encoded><![CDATA[<figure><img alt="Nueva plantilla para su sitio web inmobiliario" src="https://cdn-images-1.medium.com/max/450/0*d8gISJztBBCwZE3h.png" /></figure><p>Acabamos de lanzar una nueva plantilla profesional llamada Sophos. Puede probarla cambiando su plantilla en la pestaña <a href="http://www.easybroker.com/agent/site_configuration/edit">configuración del sitio web</a> en EasyBroker. Por ahora solo disponemos de una paleta negra para esta plantilla pero tenemos planeado agregar mas paletas de distintos colores en breve.</p><p>Le gustaria ver la plantilla Sophos en un color que funcione mejor para su negocio? Haganoslo saber y podrá influenciar nuestra decisión sobre que paletas de colores publicar.</p>]]></content:encoded>
        </item>
        <item>
            <title><![CDATA[Vea sus tareas en Outlook, iCal, Google Calendar y Otros]]></title>
            <link>https://blog.easybroker.com/vea-sus-tareas-en-outlook-ical-google-calendar-y-otros-28b10c335f05</link>
            <guid isPermaLink="false">https://medium.com/p/28b10c335f05</guid>
            <category><![CDATA[easybroker]]></category>
            <category><![CDATA[novedades]]></category>
            <dc:creator><![CDATA[Isaac Vázquez]]></dc:creator>
            <pubDate>Sun, 20 Dec 2009 22:55:08 GMT</pubDate>
            <atom:updated>2017-04-12T23:25:25.166Z</atom:updated>
            <content:encoded><![CDATA[<h3>Ve tus tareas en Outlook, iCal, Google Calendar y otros</h3><p>Ahora puedes ver todas tus tareas de EasyBroker usando cualquier aplicación de calendarios que soporte iCalendar, como Google Calendar, iCal para Mac, Outlook y más de <a href="http://en.wikipedia.org/wiki/List_of_applications_with_iCalendar_support">40 aplicaciones adicionales</a>. También hay muchas aplicaciones de calendario para celulares (smart phones) y el iPhone para que además puedas ver tus tareas mientras viajas.</p><p>Recuerda que cuando actualices tus tareas en EasyBroker también serán actualizadas automáticamente en tu calendario. Esto puede tomar desde algunos minutos hasta varias horas dependiendo de la aplicación de calendarios que use. En algunos casos puedes configurar tu aplicación de calendario para que actualice automáticamente cada 15 minutos, media hora, hora o día.</p><p>Para ver tus tareas simplemente necesitas suscribirte a tu calendario iCalendar. Puedes encontrar la dirección para hacerlo ingresando a su página de tareas y clickeando en el enlace “<a href="https://www.easybroker.com/agent/tasks">Ve las tareas en tu calendario</a>”.</p><figure><img alt="" src="https://cdn-images-1.medium.com/max/1024/1*jO3yPYjiT4uGfuJniGSkDA.jpeg" /></figure><p>Si tienes instalada alguna aplicación de calendarios haz click en el vínculo y se abrirá automáticamente tu aplicación preferida. Te explicamos cómo hacerlo según la aplicación que usas.</p><p><strong>Si utilizas Mac o las aplicaciones de Apple</strong></p><p>Al estar en una computadora Mac o en un iPhone, iCal para Mac detectará automáticamente la dirección iCalendar y te preguntará si quieres suscribirte al calendario. Solo haz click en el botón “Suscribir” y tus tareas serán importadas al calendario.</p><p><strong>Si utilizas Android o Google Calendar</strong></p><p>En Google Calendar es necesario suscribirse manualmente a la dirección, te recomendamos hacerlo en una computadora ya que es mucho más sencillo. Para configurar Google Calendar debes copiar la dirección que aparece en EasyBroker. Después ve a Google Calendar y ubica la sección de <em>Otros calendarios.</em></p><figure><img alt="" src="https://cdn-images-1.medium.com/max/483/1*QKvRIF8Ygx3oPrXBKsWuBw.jpeg" /></figure><p>Después, da clic en el botón para que se abra el menú. Selecciona la opción de <em>Añadir por URL</em>.</p><figure><img alt="" src="https://cdn-images-1.medium.com/max/577/1*GGvz3DXDvoTdv2cO1iaZcw.jpeg" /></figure><p>Cuando des clic en Añadir por URL, se abrirá una ventana en donde debes colocar la dirección que obtuviste en EasyBroker y dar clic en <em>Añadir calendario</em>. Una vez que lo hagas, estarás inscrito y tus tareas se mostrarán en Google Calendar.</p><figure><img alt="" src="https://cdn-images-1.medium.com/max/662/1*p6la_R6aIa3xUndGp0frZA.jpeg" /></figure><p><strong>Si utilizas Microsoft o Outlook</strong></p><p>La mayor parte de las aplicaciones te permitirán agregar calendarios externos. Ubica en la aplicación que utilizas la sección en la que puedes añadir calendarios y busca la opción para agregarlos por URL. Dependiendo de la aplicación variará el lugar en el que podrás hacerlo, pero hemos notado que es más sencillo hacer el proceso en tu computadora.</p><p>Como puedes ver ahora es todavía más fácil mantener el registro de sus tareas. Si necesitas ayuda específica contáctanos y te guiaremos en el proceso.</p>]]></content:encoded>
        </item>
        <item>
            <title><![CDATA[Actualice a EasyBroker Premium por sólo $29]]></title>
            <link>https://blog.easybroker.com/actualice-a-easybroker-premium-por-s%C3%B3lo-29-ea5579ef2a79</link>
            <guid isPermaLink="false">https://medium.com/p/ea5579ef2a79</guid>
            <category><![CDATA[general]]></category>
            <category><![CDATA[easybroker]]></category>
            <dc:creator><![CDATA[Isaac Vázquez]]></dc:creator>
            <pubDate>Wed, 02 Dec 2009 00:03:37 GMT</pubDate>
            <atom:updated>2016-12-28T20:04:37.419Z</atom:updated>
            <content:encoded><![CDATA[<p>Ahora puede publicar propiedades ilimitadas por sólo $29 USD al mes. Hemos reemplazado todos nuestros planes pagos con EasyBroker Premium. Publique propiedades sin limites, aloje su sitio web con su dominio propio, adjunte archivos a las notas, envíe correos electrónicos con sus propiedades y más por sólo $29 al mes. EasyBroker Premium incluye un usuario y se pueden añadir usuarios adicionales en cualquier momento por $20 cada uno. Pague solo por lo que necesita.</p><p>Actualizar a EasyBroker Premium es:</p><ul><li>Atraer más tráfico a su sitio web</li><li>Gestionar todas sus propiedades, contactos y clientes potenciales en un solo lugar</li><li>Publicar sus anuncios a muchos sitios web afiliados</li><li>Crear un Sitio web profesional de bienes raíces optimizado para los motores de búsqueda en cuestión de minutos</li><li>Enviar E-mails de sus propiedades con fotos y links directos a su sitio web</li><li>Acceso a su gestión desde cualquier lugar y en cualquier momento</li><li>Recibir los informes diarios con los nuevos anuncios de propiedades que coinciden con lo que sus clientes potenciales están buscando</li><li>Vea un historial de los correos electrónicos, conversaciones y las tareas relativas a sus contactos, clientes potenciales y propiedades</li><li>Publicar hasta 50 fotografías de gran tamaño (hasta 800x800 píxeles) para cada anuncio</li><li>Añadir videos a sus anuncios y página web</li><li>Y mucho más</li></ul><p>Actualice antes del 15 de Diciembre y nosotros incluiremos gratuitamente un nombre de dominio .com, .net o .biz para alojar su nuevo sitio web.</p><p>Puede actualizar su cuenta a Premium ingresando en su cuenta y visitando <a href="https://www.easybroker.com/agent/subscription">https://www.easybroker.com/agent/subscription</a>.</p>]]></content:encoded>
        </item>
        <item>
            <title><![CDATA[Ultimas Noticias: Cargas más fáciles, permisos de acceso, vínculos en redes sociales…]]></title>
            <link>https://blog.easybroker.com/ultimas-noticias-cargas-m%C3%A1s-f%C3%A1ciles-permisos-de-acceso-v%C3%ADnculos-en-redes-sociales-4abb782fe0eb</link>
            <guid isPermaLink="false">https://medium.com/p/4abb782fe0eb</guid>
            <category><![CDATA[easybroker]]></category>
            <category><![CDATA[novedades]]></category>
            <dc:creator><![CDATA[Isaac Vázquez]]></dc:creator>
            <pubDate>Fri, 20 Nov 2009 19:17:19 GMT</pubDate>
            <atom:updated>2016-12-28T20:05:59.346Z</atom:updated>
            <content:encoded><![CDATA[<figure><img alt="New Archetype Color Pallettes" src="https://cdn-images-1.medium.com/max/500/0*5kZOFrYAjdHkR_Lc.png" /></figure><p>Estas son algunas de las últimas características y mejoras destacadas de EasyBroker.</p><p>Hemos agregado mas paletas de colores para las plantillas del estilo Archetype, usted puede escoger entre celeste, rojo, verde, azul, negro y gris. Ahora tiene mas opciones para crear un sitio web atractivo, amigable y optimizado para un mejor posicionamiento en buscadores (SEO). Por favor dejenos saber sus ideas para opciones de colores adicionales.</p><p>Ahora es mas fácil publicar sus propiedades con nuestro nuevo asistente, el cual lo guiará a través de los pasos necesarios para poder publicar de manera completa el listado de sus propiedades. Además hemos agregado más ayudas y cambiamos los títulos de algunos campos para que sea más claro saber porque y para qué se usa cada campo.</p><p>Usted ahora tiene más control sobre lo que cada usuario puede ver o hacer con los nuevos permisos de accesos. Por ejemplo, puede especificar quienes pueden agregar, borrar e importar propiedades. Hay mas de 15 permisos que puede usar para controlar el acceso dentro de su empresa. Si cree que debemos agregar permisos adicionales por favor avisenos.</p><p>Comparta fácilmente sus propiedades y su sitio web en redes sociales como Facebook y Twitter. Hemos agregado vínculos de sitios populares dentro de EasyBroker y su sitio web para compartir enlaces en este tipo de sitios. Usted o un visitante en su sitio web pueden compartir la propiedad simplemente haciendo click en algún vínculo, ayudando a conducir más tráfico a su sitio web y mercadear sus propiedades.</p><p>Usted ahora puede crear y alojar su propio sitio web completo para promocionar hasta 20 propiedades en el plan gratuito. Suba a cualquier plan pago si quiere usar un nombre de dominio propio, cargar archivos y tener enlaces directos de su sitio web desde los sitios web asociados a Easybroker.</p><p>Disfrute las nuevas características y mejoras. Como siempre por favor comentenos si tiene sugerencias o ideas acerca de como podemos mejorar EasyBroker.</p>]]></content:encoded>
        </item>
    </channel>
</rss>